--
-- PostgreSQL database dump
--

-- Dumped from database version 9.2.4
-- Dumped by pg_dump version 9.2.4
-- Started on 2013-08-06 16:08:04

SET statement_timeout = 0;
SET client_encoding = 'UTF8';
SET standard_conforming_strings = on;
SET check_function_bodies = false;
SET client_min_messages = warning;

SET search_path = myagile, pg_catalog;

-- Y 1:  1/ loc nhung team ma memberid lam PO
CREATE OR REPLACE FUNCTION myagile.getMembersofPO(PO_ID BIGINT) RETURNS SETOF myagile.member AS $body$ SELECT m.* FROM myagile.member m, myagile.team_member tm WHERE m.id = tm.member_id AND tm.team_id IN (SELECT tp.team_id FROM myagile.team_project tp WHERE tp.project_id IN (SELECT p.id FROM myagile.project p WHERE p.owner_id = $1)) ORDER BY tm.team_id; $body$ LANGUAGE SQL;
--========================================================
-- Y 2: 2/ loc nhung member cung dev team voi memberid nhap vao

CREATE OR REPLACE FUNCTION myagile.getSameTeamMembers(memberid BIGINT) RETURNS SETOF myagile.member AS $body$ SELECT DISTINCT m.* FROM myagile.team_member tm, myagile.member m WHERE m.id = tm.member_id AND tm.team_id IN (SELECT tm.team_id FROM myagile.team_member tm WHERE tm.member_id = $1) ORDER BY m.id; $body$ LANGUAGE SQL;

--========================================================
-- Y 3: 3/ loc nhung PO cua cac team o truong hop 2
-- cac team ma curren member truoc thuoc

CREATE OR REPLACE FUNCTION myagile.getPOsofMember(memberid BIGINT) RETURNS SETOF myagile.member AS $body$ SELECT DISTINCT m.* FROM myagile.member m WHERE m.id IN (SELECT owner_id FROM myagile.project p, myagile.team_project tp WHERE p.id = tp.project_id AND tp.team_id IN (SELECT tm.team_id FROM myagile.team_member tm WHERE tm.member_id = $1)) ORDER BY m.id; $body$ LANGUAGE SQL;

--========================================================
--// gop chung 1 danh sach Scrum Team

CREATE OR REPLACE FUNCTION myagile.getScrumTeamMember(memberid BIGINT)  RETURNS SETOF myagile.member AS $body$ SELECT DISTINCT m.* FROM (SELECT * FROM myagile.getMembersofPO($1) UNION SELECT * FROM myagile.getSameTeamMembers($1) UNION SELECT * FROM myagile.getPOsofMember($1)) AS m WHERE m.id != $1 ORDER BY m.id; $body$LANGUAGE SQL;
--
-- TOC entry 2085 (class 0 OID 0)
-- Dependencies: 168
-- Name: hibernate_sequence; Type: SEQUENCE SET; Schema: myagile; Owner: postgres
--

SELECT pg_catalog.setval('hibernate_sequence', 363, true);


--
-- TOC entry 2065 (class 0 OID 201038)
-- Dependencies: 171
-- Data for Name: member; Type: TABLE DATA; Schema: myagile; Owner: postgres
--

INSERT INTO member (id, account_expired, account_locked, avatar, company, enabled, first_name, gender, is_active, l_dap_username,  last_name, mobile, password, password_expired, skype, token, token_date, token_pass, username) VALUES (3, false, false, '12.jpg', 'Axon Active Vietnam', true, 'Ngộ', 'Male', true,'dmngo', 'Ðinh Minh', '01283736886', '7c4a8d09ca3762af61e59520943dc26494f8941b', false, 'dinhminhngo91', '5b45072f2e2a4c2696b9e9a552307b34', '2013-09-04 11:03:58.969', 'cc07d8728c30496fa7f2578cdeee210a', 'ngo.dinh@axonactive.vn');
INSERT INTO member (id, account_expired, account_locked, avatar, company, enabled, first_name, gender, is_active, l_dap_username,  last_name, mobile, password, password_expired, skype, token, token_date, token_pass, username) VALUES (4, false, false, '6.jpg', 'Axon Active Vietnam', true, 'Hương', 'Male', true,'nvhuong', 'Nguyễn Văn', '01665222010', '7c4a8d09ca3762af61e59520943dc26494f8941b', false, 'vnnvanhuong', '5b45072f2e2a4c2696b9e9a552307b34', '2013-09-04 11:03:58.924', '1a0413f7e9e1464cb6efede46257bdc5', 'huong.nguyenvan@axonactive.vn');
INSERT INTO member (id, account_expired, account_locked, avatar, company, enabled, first_name, gender, is_active, l_dap_username,  last_name, mobile, password, password_expired, skype, token, token_date, token_pass, username) VALUES (1, false, false, '15.jpg', 'Axon Active Vietnam', true, 'Sebastian', 'Male', true,'ssu', 'Sussmann', '01239911602', '7c4a8d09ca3762af61e59520943dc26494f8941b', false, 'sebastian.sussmann.home', '5b45072f2e2a4c2696b9e9a552307b34', '2013-09-04 11:03:58.869', '7c4a8d09ca3762af61e59520943dc26494f8941b', 'sebastian.sussmann@axonactive.vn');
INSERT INTO member (id, account_expired, account_locked, avatar, company, enabled, first_name, gender, is_active, l_dap_username,  last_name, mobile, password, password_expired, skype, token, token_date, token_pass, username) VALUES (6, false, false, '9.jpg', 'Axon Active Vietnam', true, 'Trực', 'Male', true,'tctruc', 'Trần Cương', '0933941274', '7c4a8d09ca3762af61e59520943dc26494f8941b', false, 'cuongtruc.tran', '5b45072f2e2a4c2696b9e9a552307b34', '2013-09-04 11:03:58.944', '65e2e9ec0cd64a72bb05a517913a2768', 'truc.tran@axonactive.vn');
INSERT INTO member (id, account_expired, account_locked, avatar, company, enabled, first_name, gender, is_active, l_dap_username,  last_name, mobile, password, password_expired, skype, token, token_date, token_pass, username) VALUES (7, false, false, '10.jpg', 'Axon Active Vietnam', true, 'Sứ', 'Male', true,'tntsu', 'Trần Nguyễn Tiến', '0933056722', '7c4a8d09ca3762af61e59520943dc26494f8941b', false, 'trannguyentiensu', '5b45072f2e2a4c2696b9e9a552307b34', '2013-09-04 11:03:58.953', '82d55c4776cb4f05a8f3349786b4071b', 'su.tran@axonactive.vn');
INSERT INTO member (id, account_expired, account_locked, avatar, company, enabled, first_name, gender, is_active, l_dap_username,  last_name, mobile, password, password_expired, skype, token, token_date, token_pass, username) VALUES (8, false, false, '13.jpg', 'Axon Active Vietnam', true, 'Cường', 'Male', true,'dvcuong', 'Đỗ Văn', '01669300665', '7c4a8d09ca3762af61e59520943dc26494f8941b', false, 'dvcuong05', '5b45072f2e2a4c2696b9e9a552307b34', '2013-09-04 11:03:58.977', 'cb801e717f2a4ded8254646f0cdcd57a', 'cuong.do@axonactive.vn');
INSERT INTO member (id, account_expired, account_locked, avatar, company, enabled, first_name, gender, is_active, l_dap_username,  last_name, mobile, password, password_expired, skype, token, token_date, token_pass, username) VALUES (9, false, false, '8.jpg', 'Axon Active Vietnam', true, 'Vinh', 'Male', true,'ndqvinh', 'Nguyễn Đặng Quang', '0908762443', '7c4a8d09ca3762af61e59520943dc26494f8941b', false, 'ndqvinh2109', '5b45072f2e2a4c2696b9e9a552307b34', '2013-09-04 11:03:58.777', '7c4a8d09ca3762af61e59520943dc26494f8941b', 'vinh.nguyendang@axonactive.vn');
INSERT INTO member (id, account_expired, account_locked, avatar, company, enabled, first_name, gender, is_active, l_dap_username,  last_name, mobile, password, password_expired, skype, token, token_date, token_pass, username) VALUES (10, false, false, '2.jpg', 'Axon Active Vietnam', true, 'Hiếu', 'Male', true,'lphieu', 'Lâm Phúc', '01239911602', '7c4a8d09ca3762af61e59520943dc26494f8941b', false, 'phuchieuct', '5b45072f2e2a4c2696b9e9a552307b34', '2013-09-04 11:03:58.89', '320c2c9882d8487696c4ae5ce4a3896a', 'hieu.lam@axonactive.vn');
INSERT INTO member (id, account_expired, account_locked, avatar, company, enabled, first_name, gender, is_active, l_dap_username,  last_name, mobile, password, password_expired, skype, token, token_date, token_pass, username) VALUES (5, false, false, '7.jpg', 'Axon Active Vietnam', true, 'Vinh', 'Male', true,'vinhnguyen', 'Nguyễn Xuân', '0949976155', '7c4a8d09ca3762af61e59520943dc26494f8941b', false, 'xnvinh', '', '2013-09-04 13:36:14.021', '', 'vinh.nguyenxuan@axonactive.vn');
INSERT INTO member (id, account_expired, account_locked, avatar, company, enabled, first_name, gender, is_active, l_dap_username,  last_name, mobile, password, password_expired, skype, token, token_date, token_pass, username) VALUES (11, false, false, '3.jpg', 'Axon Active Vietnam', true, 'Khang', 'Male', true,'lakhang', 'Lê An', '0972731980', '7c4a8d09ca3762af61e59520943dc26494f8941b', false, 'raffin0901', '5b45072f2e2a4c2696b9e9a552307b34', '2013-09-04 11:03:58.899', 'fb33ae3386854c54aad2c84bd975f28a', 'khang.le@axonactive.vn');
INSERT INTO member (id, account_expired, account_locked, avatar, company, enabled, first_name, gender, is_active, l_dap_username,  last_name, mobile, password, password_expired, skype, token, token_date, token_pass, username) VALUES (12, false, false, '11.jpg', 'Axon Active Vietnam', true, 'Thơ', 'Male', true,'tntho', 'Trần Ngọc', '01215121359', '7c4a8d09ca3762af61e59520943dc26494f8941b', false, 'tntho630', '5b45072f2e2a4c2696b9e9a552307b34', '2013-09-04 11:03:58.961', '48d5479b62e441df8d3c5bfcb18437b3', 'tho.tran@axonactive.vn');
INSERT INTO member (id, account_expired, account_locked, avatar, company, enabled, first_name, gender, is_active, l_dap_username,  last_name, mobile, password, password_expired, skype, token, token_date, token_pass, username) VALUES (2, false, false, '16.jpg', 'Axon Active Vietnam', true, 'Huy', 'Male', true,'nqhuy', 'Nguyễn Quốc', '0908428246', '7c4a8d09ca3762af61e59520943dc26494f8941b', false, 'huyedumgr', '5b45072f2e2a4c2696b9e9a552307b34', '2013-09-04 11:03:58.88', 'b00146d08b2e428dbb531f7a6b5979c6', 'huy.nguyen@axonactive.vn');

INSERT INTO member (id, account_expired, account_locked, avatar, company, enabled, first_name, gender, is_active, l_dap_username,  last_name, mobile, password, password_expired, skype, token, token_date, token_pass, username) VALUES (16, false, false, '14.jpg', 'Axon Active Vietnam', true, 'Huy', 'Male', true,'tqhuy', 'Trần Quốc', '01669300665', '7c4a8d09ca3762af61e59520943dc26494f8941b', false, 'tranquochuy2908', '5b45072f2e2a4c2696b9e9a552307b34', '2013-07-23 11:03:58.985', '8bb470f153bf431fa43bd066df4378a1', 'huy.tranquoc1@axonactive.vn');
INSERT INTO member (id, account_expired, account_locked, avatar, company, enabled, first_name, gender, is_active, l_dap_username,  last_name, mobile, password, password_expired, skype, token, token_date, token_pass, username) VALUES (17, false, false, '17.jpg', 'Axon Active Vietnam', false, 'Vy', 'Female', true,'ntai', 'Nguyễn Thụy Ái', NULL, '7c4a8d09ca3762af61e59520943dc26494f8941b', false, 'nguyenthuyaivy', '5b45072f2e2a4c2696b9e9a552307b34', '2013-07-23 11:03:58.994', '51274415142340e0a2e391e25b213990', 'vy.nguyen1@axonactive.vn');
INSERT INTO member (id, account_expired, account_locked, avatar, company, enabled, first_name, gender, is_active, l_dap_username,  last_name, mobile, password, password_expired, skype, token, token_date, token_pass, username) VALUES (18, false, false, '18.jpg', 'Axon Active Vietnam', false, 'Tân', 'Male', true,'hntan', 'Hồ Nhật', NULL, '7c4a8d09ca3762af61e59520943dc26494f8941b', false, 'skipper_us', '5b45072f2e2a4c2696b9e9a552307b34', '2013-07-23 11:03:59.008', '37bddc0d69bc4bfc96849096eb585fad', 'tan.ho1@axonactive.vn');
INSERT INTO member (id, account_expired, account_locked, avatar, company, enabled, first_name, gender, is_active, l_dap_username,  last_name, mobile, password, password_expired, skype, token, token_date, token_pass, username) VALUES (19, false, false, '19.jpg', 'Axon Active Vietnam', false, 'Hằng', 'Male', true,'dtmhang', 'Đinh Thị Minh', '65465465413', '7c4a8d09ca3762af61e59520943dc26494f8941b', false, 'minhhangdt', '5b45072f2e2a4c2696b9e9a552307b34', '2013-07-23 11:03:59.017', '448a4640c78a47dcadb44ba74f4c4c98', 'hang.dinh1@axonactive.vn');
INSERT INTO member (id, account_expired, account_locked, avatar, company, enabled, first_name, gender, is_active, l_dap_username,  last_name, mobile, password, password_expired, skype, token, token_date, token_pass, username) VALUES (20, false, false, '20.jpg', 'Axon Active Vietnam', false, 'Quốc', 'Male', true,'tbquoc', 'Trần Bảo', '564654654', '7c4a8d09ca3762af61e59520943dc26494f8941b', false, 'tbquocdh09', '5b45072f2e2a4c2696b9e9a552307b34', '2013-07-23 11:03:59.026', 'f10ff61b923841e5971e268960b6706b', 'quoc.tran1@axonactive.vn');
INSERT INTO member (id, account_expired, account_locked, avatar, company, enabled, first_name, gender, is_active, l_dap_username,  last_name, mobile, password, password_expired, skype, token, token_date, token_pass, username) VALUES (21, false, false, '10.jpg', 'Axon Active Vietnam', true, 'Test', 'Male', true,'', 'Tran', '01224986341', '7c4a8d09ca3762af61e59520943dc26494f8941b', false, 'trannguyentiensu', '5b45072f2e2a4c2696b9e9a552307b34', '2013-07-23 11:03:59.034', '189807e860c34d118ea0a0b1840ff7c6', 'testsutran@gmail.com');
INSERT INTO member (id, account_expired, account_locked, avatar, company, enabled, first_name, gender, is_active, l_dap_username,  last_name, mobile, password, password_expired, skype, token, token_date, token_pass, username) VALUES (22, false, false, '', 'Axon Active Vietnam', true, 'Test', 'Male', true,'', 'Trần', '01215121359', '7c4a8d09ca3762af61e59520943dc26494f8941b', false, 'tntho630', '5b45072f2e2a4c2696b9e9a552307b34', '2013-07-23 11:03:58.961', '48d5479b62e441df8d3c5bfcb18437b3', 'test@axonactive.vn');

INSERT INTO member_email (id, member_id, email, is_active) VALUES (2, 4, 'nvhuong406@student.ctu.edu.vn', true);
INSERT INTO member_email (id, member_id, email, is_active) VALUES (3, 4, 'van_huong1491@yahoo.com.vn', true);
--
-- TOC entry 2068 (class 0 OID 201050)
-- Dependencies: 174
-- Data for Name: project; Type: TABLE DATA; Schema: myagile; Owner: postgres
--

INSERT INTO project (id, description, image_path, is_public, owner_id, project_name) VALUES (1, 'Project management', 'redmine.png', false, 5, 'Redmine');
INSERT INTO project (id, description, image_path, is_public, owner_id, project_name) VALUES (2, 'Improve your health condition', NULL, false, 1, 'Health care');
INSERT INTO project (id, description, image_path, is_public, owner_id, project_name) VALUES (3, 'Project management', NULL, false, 1, 'Liferay');
INSERT INTO project (id, description, image_path, is_public, project_name, owner_id) VALUES (10, 'Scrum project management', 'my_agile_1378290923017.png', true, 'My Agile', 1);


--
-- TOC entry 2073 (class 0 OID 201077)
-- Dependencies: 179
-- Data for Name: team; Type: TABLE DATA; Schema: myagile; Owner: postgres
--

INSERT INTO team (id, description, established_date, logo, mail_group, team_name, owner_id) VALUES (20, '', '2013-06-03 07:00:00', 'logo_ant_1378277736564.png', 'ant@axonactive.vn', 'Ant', 1);
INSERT INTO team (id, description, established_date, logo, mail_group, owner_id, team_name) VALUES (27, NULL, '2013-04-02 00:00:00', 'logo-7up.jpg', '7up@axonactive.vn', 1, '7up');
INSERT INTO team (id, description, established_date, logo, mail_group, owner_id, team_name) VALUES (28, NULL, '2013-06-07 00:00:00', 'knight.jpg', 'knight@axonactive.vn', 1, 'Knight');
INSERT INTO team (id, description, established_date, logo, mail_group, owner_id, team_name) VALUES (29, NULL, '2013-06-03 00:00:00', 'bee.jpg', 'bee@axonactive.vn', 7, 'Bee');


--
-- TOC entry 2074 (class 0 OID 201083)
-- Dependencies: 180
-- Data for Name: team_member; Type: TABLE DATA; Schema: myagile; Owner: postgres
--

INSERT INTO team_member (id, is_accepted, "position", token, token_date, member_id, team_id) VALUES (1, true, 'SCRUM_MASTER', '', '2013-07-23 11:03:59.142', 2, 20);
INSERT INTO team_member (id, is_accepted, "position", token, token_date, member_id, team_id) VALUES (3, true, 'DEVELOPER', '', '2013-07-23 11:03:59.146', 4, 20);
INSERT INTO team_member (id, is_accepted, "position", token, token_date, member_id, team_id) VALUES (4, true, 'DEVELOPER', '', '2013-07-23 11:03:59.146', 5, 20);
INSERT INTO team_member (id, is_accepted, "position", token, token_date, member_id, team_id) VALUES (5, true, 'DEVELOPER', '', '2013-07-23 11:03:59.146', 6, 20);
INSERT INTO team_member (id, is_accepted, "position", token, token_date, member_id, team_id) VALUES (6, true, 'DEVELOPER', '', '2013-07-23 11:03:59.146', 7, 20);
INSERT INTO team_member (id, is_accepted, "position", token, token_date, member_id, team_id) VALUES (7, true, 'DEVELOPER', '', '2013-07-23 11:03:59.146', 8, 20);
INSERT INTO team_member (id, is_accepted, "position", token, token_date, member_id, team_id) VALUES (20, true, 'DEVELOPER', '', '2013-07-23 11:03:59.146', 21, 20);
INSERT INTO team_member (id, is_accepted, "position", token, token_date, member_id, team_id) VALUES (8, true, 'DEVELOPER', '', '2013-07-23 11:03:59.146', 9, 20);
INSERT INTO team_member (id, is_accepted, "position", token, token_date, member_id, team_id) VALUES (9, true, 'DEVELOPER', '', '2013-07-23 11:03:59.146', 10, 20);
INSERT INTO team_member (id, is_accepted, "position", token, token_date, member_id, team_id) VALUES (10, true, 'DEVELOPER', '', '2013-07-23 11:03:59.146', 11, 20);
INSERT INTO team_member (id, is_accepted, "position", token, token_date, member_id, team_id) VALUES (11, true, 'DEVELOPER', '', '2013-07-23 11:03:59.147', 12, 20);
INSERT INTO team_member (id, is_accepted, "position", token, token_date, member_id, team_id) VALUES (2, true, 'DEVELOPER', '', '2013-07-23 11:03:59.146', 3, 20);


INSERT INTO team_member (id, is_accepted, member_id, "position", team_id, token, token_date) VALUES (47, true, 16, 'DEVELOPER', 28, '', '2013-07-23 11:03:59.321');
INSERT INTO team_member (id, is_accepted, member_id, "position", team_id, token, token_date) VALUES (48, true, 17, 'DEVELOPER', 28, '', '2013-07-23 11:03:59.321');
INSERT INTO team_member (id, is_accepted, member_id, "position", team_id, token, token_date) VALUES (49, true, 18, 'DEVELOPER', 27, '', '2013-07-23 11:03:59.326');
INSERT INTO team_member (id, is_accepted, member_id, "position", team_id, token, token_date) VALUES (50, true, 19, 'DEVELOPER', 27, '', '2013-07-23 11:03:59.326');
INSERT INTO team_member (id, is_accepted, member_id, "position", team_id, token, token_date) VALUES (51, true, 20, 'SCRUM_MASTER', 27, '', '2013-07-23 11:03:59.326');


--
-- TOC entry 2075 (class 0 OID 201089)
-- Dependencies: 181
-- Data for Name: team_project; Type: TABLE DATA; Schema: myagile; Owner: postgres
--

INSERT INTO team_project (id, end_date, start_date, project_id, team_id) VALUES (30, NULL, '2013-06-07 13:51:58.637', 10, 20);

INSERT INTO team_project (id, end_date, project_id, start_date, team_id) VALUES (31, NULL, 3, '2013-06-07 00:00:00', 27);
INSERT INTO team_project (id, end_date, project_id, start_date, team_id) VALUES (32, NULL, 3, '2013-06-07 00:00:00', 28);
INSERT INTO team_project (id, end_date, project_id, start_date, team_id) VALUES (34, NULL, 1, '2013-07-04 00:00:00', 20);


--
-- TOC entry 2077 (class 0 OID 201095)
-- Dependencies: 183
-- Data for Name: user_story; Type: TABLE DATA; Schema: myagile; Owner: postgres
--

INSERT INTO user_story (id, description, name, sort_id, status, value, project_id, risk, priority) VALUES (42, 'Encoding video', 'Encoding video', 42, 'DONE', 1, 10, 0, 'MUST');
INSERT INTO user_story (id, description, name, sort_id, status, value, project_id, risk, priority) VALUES (26, 'History activities', 'History activities', 26, 'DONE', 1, 10, 0, 'MUST');
INSERT INTO user_story (id, description, name, sort_id, status, value, project_id, risk, priority) VALUES (4, 'Can I see who do Tasks in the backlog', 'Who do tasks', 4, 'TODO', 6, 10, 0, 'MUST');
INSERT INTO user_story (id, description, name, sort_id, status, value, project_id, risk, priority) VALUES (3, 'As a scrum team I want a daily meeting record. So that I can share the daily meeting with everybody.', 'Daily meeting record', 3, 'TODO', 3, 10, 0, 'MUST');
INSERT INTO user_story (id, description, name, sort_id, status, value, project_id, risk, priority) VALUES (41, 'Add more filter to export PDF file', 'Add more filter to export PDF file', 41, 'DONE', 1, 10, 0, 'MUST');
INSERT INTO user_story (id, description, name, sort_id, status, value, project_id, risk, priority) VALUES (25, 'Layout active token', 'Layout active token', 25, 'TODO', 1, 10, 0, 'MUST');
INSERT INTO user_story (id, description, name, sort_id, status, value, project_id, risk, priority) VALUES (31, 'As a team, I have to get the possibility to mix different project in one sprint backlog', 'Mix different project in one sprint', 31, 'TODO', 3, 10, 0, 'MUST');
INSERT INTO user_story (id, description, name, sort_id, status, value, project_id, risk, priority) VALUES (7, 'Notice the user when delete', 'Notice the user when delete', 7, 'IN_PROGRESS', 1, 10, 0, 'MUST');
INSERT INTO user_story (id, description, name, sort_id, status, value, project_id, risk, priority) VALUES (2, 'Can I see the impediment as a kanban. Can I see who, what, when create', 'Impediment as a kanban', 2, 'TODO', 1, 10, 0, 'MUST');
INSERT INTO user_story (id, description, name, sort_id, status, value, project_id, risk, priority) VALUES (29, 'As a user I want to create simple PBI by web epic, story, task, bug', 'Create simple PBI', 29, 'TODO', 4, 10, 0, 'MUST');
INSERT INTO user_story (id, description, name, sort_id, status, value, project_id, risk, priority) VALUES (9, 'As a user, I would like to move, copy an requirement to any other backlog', 'Move, copy an requirement', 9, 'TODO', 7, 10, 0, 'MUST');
INSERT INTO user_story (id, description, name, sort_id, status, value, project_id, risk, priority) VALUES (21, 'Plupload document', 'Plupload document', 21, 'IN_PROGRESS', 1, 10, 0, 'MUST');
INSERT INTO user_story (id, description, name, sort_id, status, value, project_id, risk, priority) VALUES (46, 'As a team, I would like to update and summarize the points that are still remaining with just 1 -click(R). It should take more than one minute for update the chart everyday', 'Update and summarize the points', 46, 'TODO', 1, 10, 0, 'MUST');
INSERT INTO user_story (id, description, name, sort_id, status, value, project_id, risk, priority) VALUES (45, 'As a user, I want to set up automatically a daily report scheduled by time to the team', 'Automatically daily report', 45, 'TODO', 1, 10, 0, 'MUST');
INSERT INTO user_story (id, description, name, sort_id, status, value, project_id, risk, priority) VALUES (6, 'Test coverage in Hudson', 'Test coverage in Hudson', 6, 'DONE', 1, 10, 0, 'MUST');
INSERT INTO user_story (id, description, name, sort_id, status, value, project_id, risk, priority) VALUES (14, 'Show group email (must be unique)', 'Show group email ', 14, 'TODO', 1, 10, 0, 'MUST');
INSERT INTO user_story (id, description, name, sort_id, status, value, project_id, risk, priority) VALUES (43, 'As a axon team member, I will get the picture by myteam.axonactive.vn (default)', 'Get the picture', 43, 'VOID', 1, 10, 0, 'MUST');
INSERT INTO user_story (id, description, name, sort_id, status, value, project_id, risk, priority) VALUES (48, 'As a PO, I want to send an email to the system and the system will create a new story (based on the project name in title; e.g.[place2ask])', 'send an email to the system to create story', 48, 'DONE', 1, 10, 0, 'MUST');
INSERT INTO user_story (id, description, name, sort_id, status, value, project_id, risk, priority) VALUES (52, 'As a team member, I have the possibility get my image by gravatar (default)', 'Get image by gravatar', 52, 'VOID', 1, 10, 0, 'MUST');
INSERT INTO user_story (id, description, name, sort_id, status, value, project_id, risk, priority) VALUES (51, 'As a scrum team, I want to see a time line of the things that happen in a sprint, like facebook timeline. So that I always can see what was going one.', 'Time line of the things that happen', 51, 'TODO', 1, 10, 0, 'MUST');
INSERT INTO user_story (id, description, name, sort_id, status, value, project_id, risk, priority) VALUES (50, 'As a customer, I want to create my own projects as place2ask', 'Create projects as place2ask', 50, 'TODO', 1, 10, 0, 'MUST');
INSERT INTO user_story (id, description, name, sort_id, status, value, project_id, risk, priority) VALUES (47, 'As a scrum team, I want to get all dailies available on the platform, visible in a sprint timeline', 'Get all dailies available on the platform', 47, 'TODO', 1, 10, 0, 'COULD');
INSERT INTO user_story (id, description, name, sort_id, status, value, project_id, risk, priority) VALUES (16, 'Show burndown chart on homepage', 'Show burndown chart on homepage', 16, 'TODO', 1, 10, 0, 'COULD');
INSERT INTO user_story (id, description, name, sort_id, status, value, project_id, risk, priority) VALUES (39, 'As a stakeholder, I want to have access to information of my teams', 'Access to information of my teams', 39, 'TODO', 1, 10, 0, 'COULD');
INSERT INTO user_story (id, description, name, sort_id, status, value, project_id, risk, priority) VALUES (12, 'As a user, I want to set up my team and manage my team (email, birthday, team-name, logo)', 'Set up my team', 12, 'IN_PROGRESS', 4, 10, 0, 'COULD');
INSERT INTO user_story (id, description, name, sort_id, status, value, project_id, risk, priority) VALUES (18, 'Sonar', 'Sonar', 18, 'TODO', 1, 10, 0, 'COULD');
INSERT INTO user_story (id, description, name, sort_id, status, value, project_id, risk, priority) VALUES (10, 'As a team, I want to define my own KANBAN fields (default: Toto, Inprogress, Done)', 'Define KANBAN', 10, 'IN_PROGRESS', 5, 10, 0, 'COULD');
INSERT INTO user_story (id, description, name, sort_id, status, value, project_id, risk, priority) VALUES (19, 'Find generate data model tool (open source)', 'generate data model', 19, 'TODO', 1, 10, 0, 'COULD');
INSERT INTO user_story (id, description, name, sort_id, status, value, project_id, risk, priority) VALUES (35, 'As a product user, I want to get the service of a group mail, even if I don''t have have a group email yet.', 'Service of a group mail', 35, 'TODO', 1, 10, 0, 'COULD');
INSERT INTO user_story (id, description, name, sort_id, status, value, project_id, risk, priority) VALUES (36, 'Stakeholders'' roles (Only view)', 'Stakeholders'' roles', 36, 'TODO', 1, 10, 0, 'COULD');
INSERT INTO user_story (id, description, name, sort_id, status, value, project_id, risk, priority) VALUES (1, 'As a team I want to get automatic burndown chart if I have the sprint backlog in the tracking system. So that i don''t have to update everything several times', 'Automatic burndown chart', 1, 'TODO', 5, 10, 0, 'COULD');
INSERT INTO user_story (id, description, name, sort_id, status, value, project_id, risk, priority) VALUES (38, 'Logging SQL on server (management)', 'Logging SQL on server', 38, 'TODO', 1, 10, 0, 'COULD');
INSERT INTO user_story (id, description, name, sort_id, status, value, project_id, risk, priority) VALUES (40, 'Different layout about export PDF', 'Different layout about export PDF', 40, 'TODO', 1, 10, 0, 'COULD');
INSERT INTO user_story (id, description, name, sort_id, status, value, project_id, risk, priority) VALUES (11, 'As a user, I would like to edit a requirement', 'Edit requirement', 11, 'TODO', 3, 10, 0, 'COULD');
INSERT INTO user_story (id, description, name, sort_id, status, value, project_id, risk, priority) VALUES (37, 'Member can have more than one email', 'Member can have more than one email', 37, 'TODO', 1, 10, 0, 'COULD');
INSERT INTO user_story (id, description, name, sort_id, status, value, project_id, risk, priority) VALUES (32, 'As a team, I would like to have a easy possibility to share and update my points everyday. So that I can also share my burndown with remotely teams or PO', 'Share and update points everyday', 32, 'TODO', 4, 10, 0, 'SHOULD');
INSERT INTO user_story (id, description, name, sort_id, status, value, project_id, risk, priority) VALUES (24, 'Render HTML to Gmail', 'Render HTML to Gmail', 24, 'TODO', 1, 10, 0, 'SHOULD');
INSERT INTO user_story (id, description, name, sort_id, status, value, project_id, risk, priority) VALUES (44, 'As a user I want to create simple PBI, email epic, story, task, bug', 'Create simple PBI, email epic, story, task, bug', 44, 'TODO', 1, 10, 0, 'SHOULD');
INSERT INTO user_story (id, description, name, sort_id, status, value, project_id, risk, priority) VALUES (34, 'Show team name and group mail in select box', 'Show team name and group mail in select box', 34, 'TODO', 1, 10, 0, 'SHOULD');
INSERT INTO user_story (id, description, name, sort_id, status, value, project_id, risk, priority) VALUES (23, 'As a PO, I want to have possibility for more than one team that work on the same project', 'More than one team that work on the same project', 23, 'TODO', 9, 10, 0, 'SHOULD');
INSERT INTO user_story (id, description, name, sort_id, status, value, project_id, risk, priority) VALUES (5, 'As a scrum team, I want to export the sprint card to PDF on word...So that I can cut and stick on task board', 'Export the sprint card to PDF', 5, 'IN_PROGRESS', 8, 10, 0, 'SHOULD');
INSERT INTO user_story (id, description, name, sort_id, status, value, project_id, risk, priority) VALUES (17, 'Mail account to invite members to team', 'Mail account', 17, 'TODO', 1, 10, 0, 'SHOULD');
INSERT INTO user_story (id, description, name, sort_id, status, value, project_id, risk, priority) VALUES (22, 'Store videos in separated server', 'Store videos', 22, 'IN_PROGRESS', 1, 10, 0, 'SHOULD');
INSERT INTO user_story (id, description, name, sort_id, status, value, project_id, risk, priority) VALUES (13, 'Fix burndown chart : 5 lines (point remain, number of user stories), 1 column (show bug), 5 days (from Monday to Friday), one sprint two project', 'Fix burndown chart', 13, 'TODO', 1, 10, 0, 'SHOULD');
INSERT INTO user_story (id, description, name, sort_id, status, value, project_id, risk, priority) VALUES (28, 'As a PO, I want to upload the stories to the system. Based on excel or text file', 'Upload the stories', 28, 'DONE', 2, 10, 0, 'SHOULD');
INSERT INTO user_story (id, description, name, sort_id, status, value, project_id, risk, priority) VALUES (20, 'Not update email in form edit profile', 'Not update email', 20, 'TODO', 1, 10, 0, 'SHOULD');
INSERT INTO user_story (id, description, name, sort_id, status, value, project_id, risk, priority) VALUES (66, 'As a user, I want to see the difference between forecast (estimated) points/stories/velocity and actual (delivered) points/stories/velocity', 'Difference between forecast and actual', 66, 'TODO', 1, 10, 0, 'SHOULD');
INSERT INTO user_story (id, description, name, sort_id, status, value, project_id, risk, priority) VALUES (58, 'As a PO, I want to get date from redmine', 'Get date from redmine', 58, 'TODO', 1, 10, 0, 'SHOULD');
INSERT INTO user_story (id, description, name, sort_id, status, value, project_id, risk, priority) VALUES (57, 'As a team member, have the possibility to upload my image', 'Upload image', 57, 'TODO', 1, 10, 0, 'SHOULD');
INSERT INTO user_story (id, description, name, sort_id, status, value, project_id, risk, priority) VALUES (8, 'As a scrum team, I want get three backlogs available: Product backlog, Sprint backlog and Impediment backlog', 'Three backlogs available', 8, 'IN_PROGRESS', 35, 10, 0, 'SHOULD');
INSERT INTO user_story (id, description, name, sort_id, status, value, project_id, risk, priority) VALUES (27, 'As a team, I want the burndown can also track the history based on: Sprint size (week), Available man day, team size, points planed, points done done, velocity of sprint, points done per person and velocity per person. So that I also have he possibility to increase the productivity', 'Track the history', 27, 'DONE', 20, 10, 0, 'SHOULD');
INSERT INTO user_story (id, description, name, sort_id, status, value, project_id, risk, priority) VALUES (1256, 'As a PO, I want to create a new project using Wizard. So that I can configure the project step by step: name -> logo -> team members -> kanban', 'Create a Project by using Wizard', 80, 'IN_PROGRESS', 10, 10, 0, 'SHOULD');
INSERT INTO user_story (id, description, name, sort_id, status, value, project_id, risk, priority) VALUES (65, 'As a PO, I want to compare project to project in a team. So that I can see team improvement by project', 'Compare project to project ', 65, 'TODO', 1, 10, 0, 'SHOULD');
INSERT INTO user_story (id, description, name, sort_id, status, value, project_id, risk, priority) VALUES (64, 'As a PO, I need a place to give the feedback about a specific sprint', 'feedback about a specific sprint', 64, 'TODO', 1, 10, 0, 'SHOULD');
INSERT INTO user_story (id, description, name, sort_id, status, value, project_id, risk, priority) VALUES (1252, 'Break user story to tasks', 'planning meeting2', 76, 'IN_PROGRESS', 15, 10, 0, 'SHOULD');
INSERT INTO user_story (id, description, name, sort_id, status, value, project_id, risk, priority) VALUES (1250, 'Create filter product backlog to move to Sprint backlog', 'Filter product backlog', 74, 'DONE', 10, 10, 0, 'SHOULD');
INSERT INTO user_story (id, description, name, sort_id, status, value, project_id, risk, priority) VALUES (61, 'Get a timer', 'Get a timer', 61, 'TODO', 1, 10, 0,'SHOULD');
INSERT INTO user_story (id, description, name, sort_id, status, value, project_id, risk, priority) VALUES (70, 'As a user, I want to see greeting on a social/ timeline of the staff page', 'Greeting on a social/ timeline of the staff page', 70, 'TODO', 1, 10, 0, 'SHOULD');
INSERT INTO user_story (id, description, name, sort_id, status, value, project_id, risk, priority) VALUES (33, 'As a PO, I want to define what field I will use. Default fields are: title, story, create date, changed date, points (have the flexibility of on number or several number; e.g. dev and test... (ublimited))', 'Define what field I will use', 33, 'TODO', 4, 10, 0, 'SHOULD');
INSERT INTO user_story (id, description, name, sort_id, status, value, project_id, risk, priority) VALUES (60, 'As a system user, I want to get an external application', 'External application', 60, 'TODO', 1, 10, 0, 'SHOULD');
INSERT INTO user_story (id, description, name, sort_id, status, value, project_id, risk, priority) VALUES (56, 'As PO, I want get data from tfs', 'Get data from tfs', 56, 'TODO', 1, 10, 0, 'SHOULD');
INSERT INTO user_story (id, description, name, sort_id, status, value, project_id, risk, priority) VALUES (59, 'As a team, I don''t want the digital burndown chart will replace the analog version. So that I can still have the benefit of analog work. So that I also have the analog version always visible', 'Digital burndown chart', 59, 'TODO', 1, 10, 0, 'SHOULD');
INSERT INTO user_story (id, description, name, sort_id, status, value, project_id, risk, priority) VALUES (3340, '<font face="Arial, Verdana" size="2">As PO, I want to export all information about project:</font><div><ul><li><font face="Arial, Verdana" size="2">Product backlog</font></li><li><font face="Arial, Verdana" size="2">Issue</font></li><li><font face="Arial, Verdana" size="2">Attachment</font></li><li><font face="Arial, Verdana" size="2">Sprint</font></li></ul></div>', 'Export project', 85, 'IN_PROGRESS', 1, 10, 0, 'SHOULD');
INSERT INTO user_story (id, description, name, sort_id, status, value, project_id, risk, priority) VALUES (63, 'As a user, I want to take tasks (stories) and assign it for myself', 'Take tasks and assign', 63, 'IN_PROGRESS', 1, 10, 0, 'SHOULD');
INSERT INTO user_story (id, description, name, sort_id, status, value, project_id, risk, priority) VALUES (1900, 'As a PO, I want to keep history of point remain when user re-estimate. So that I can keep tracking point history of all task.', 'Keep history of point remain when user re-estimates', 81, 'DONE', 0, 10, 0, 'SHOULD');
INSERT INTO user_story (id, description, name, sort_id, status, value, project_id, risk, priority) VALUES (55, 'As a organizer, I want to invite my team member by email', 'Invite my team member by email', 55, 'TODO', 1, 10,  0, 'SHOULD');
INSERT INTO user_story (id, description, name, sort_id, status, value, project_id, risk, priority) VALUES (253, '-apply primeface, framework for myagile', 'Technical', 73, 'IN_PROGRESS', 0, 10, 0, 'SHOULD');
INSERT INTO user_story (id, description, name, sort_id, status, value, project_id, risk, priority) VALUES (71, 'As a user, I want to see Defination of Done in my team', 'Defination of Done', 71, 'TODO', 1, 10, 0, 'SHOULD');
INSERT INTO user_story (id, description, name, sort_id, status, value, project_id, risk, priority) VALUES (54, 'As a team, I want to put in and schedule my holiday and boxed days this could be used automatically for the burndown', 'Schedule my holiday and boxed days', 54, 'TODO', 1, 10, 0, 'SHOULD');
INSERT INTO user_story (id, description, name, sort_id, status, value, project_id, risk, priority) VALUES (30, 'As a PO, I want that one team can work on several projects. Can I see one overall burndown of a sprint, can I see subburndown of projects', 'One team can work on several projects', 30, 'TODO', 10, 10,0, 'SHOULD');
INSERT INTO user_story (id, description, name, sort_id, status, value, project_id, risk, priority) VALUES (62, 'As a team, I want to see the unit-story (the standard story for estimation) in the product backlog of my team', 'Unit story', 62, 'IN_PROGRESS', 1, 10, 0, 'SHOULD');
INSERT INTO user_story (id, description, name, sort_id, status, value, project_id, risk, priority) VALUES (1255, 'Mandatory field in new task only Subject (Same like Ever note)', 'Mandatory field in new task only Subject', 79, 'DONE', 15, 10, 0, 'SHOULD');
INSERT INTO user_story (id, description, name, sort_id, status, value, project_id, risk, priority) VALUES (1254, 'I want to chat with online members (same with Facebook)', 'Chat with member', 78, 'DONE', 15, 10, 0, 'SHOULD');
INSERT INTO user_story (id, description, name, sort_id, status, value, project_id, risk, priority) VALUES (1253, 'I would like to see who is online in myagile system and in Skype', 'Who''s online', 77, 'DONE', 15, 10, 0, 'SHOULD');
INSERT INTO user_story (id, description, name, sort_id, status, value, project_id, risk, priority) VALUES (53, 'As a scrum team, I want use my smartphone for record the daily meeting. Can I use android. Can I use iOS.', 'Use smartphone for record the daily meeting', 53, 'TODO', 1, 10, 0, 'SHOULD');
INSERT INTO user_story (id, description, name, sort_id, status, value, project_id, risk, priority) VALUES (49, 'As a team, I would like to keep the burndown chart up-to-date without having the backlogs inside. So that I can only use the burndown chart option', 'Keep the burndown chart up-to-date ', 49, 'TODO', 1, 10, 0, 'SHOULD');
INSERT INTO user_story (id, description, name, sort_id, status, value, project_id, risk, priority) VALUES (69, 'As a scrum team, I want to use Place2ask in an intergrated way', 'Use Place2ask in an intergrated way', 69, 'TODO', 1, 10, 0, 'SHOULD');
INSERT INTO user_story (id, description, name, sort_id, status, value, project_id, risk, priority) VALUES (68, 'Can I see the filter of velocity for the project sprint', 'Filter of velocity', 68, 'TODO', 1, 10, 0, 'SHOULD');
INSERT INTO user_story (id, description, name, sort_id, status, value, project_id, risk, priority) VALUES (67, 'As scrum team, I want to have full functionality on my tablet', 'Full functionality on tablet', 67, 'TODO', 1, 10, 0, 'SHOULD');

INSERT INTO user_story (id, sort_id, description, name, project_id, status, value, risk) VALUES (94, 11, 'This UserStory is from project redmine 1', 'Redmine US 1', 1, 'IN_PROGRESS', 5, 0);
INSERT INTO user_story (id, sort_id, description, name, project_id, status, value, risk) VALUES (95, 12, 'This UserStory is from project redmine 2', 'Redmine US 2', 1, 'DONE', 8, 0);
INSERT INTO user_story (id, sort_id, description, name, project_id, status, value, risk) VALUES (96, 13, 'This UserStory is from project redmine 3', 'Redmine US 3', 1, 'TODO', 9, 0);
INSERT INTO user_story (id, sort_id, description, name, project_id, status, value, risk) VALUES (97, 14, 'This UserStory is from project redmine 4', 'Redmine US 4', 1, 'IN_PROGRESS', 20, 0);
INSERT INTO user_story (id, sort_id, description, name, project_id, status, value, risk) VALUES (90, 7, 'As a team I want to define my own KANBAN fields (default: To do, In progress, Done.', 'Define kanban', 3, 'IN_PROGRESS', 5, 0);
INSERT INTO user_story (id, sort_id, description, name, project_id, status, value, risk) VALUES (85, 2, 'As a scrum team, I want get three backlogs available: Product backlog, Sprint backlog, Impediment backlog', 'Product, Sprint, Impediment backlogs', 3, 'IN_PROGRESS', 6, 0);

INSERT INTO last_user_story_index (id, last_user_story_index, project_id) VALUES (3640,85,10);
INSERT INTO last_user_story_index (id, last_user_story_index, project_id) VALUES (3641,14,1);

--
-- TOC entry 2071 (class 0 OID 201065)
-- Dependencies: 177
-- Data for Name: sprint; Type: TABLE DATA; Schema: myagile; Owner: postgres
--

INSERT INTO sprint (id, date_end, date_start, sprint_name, status, team_id) VALUES (60, '2013-09-16 00:00:00', '2013-09-04 00:00:00', 'Sprint 6', 'closed', 20);
INSERT INTO sprint (id, date_end, date_start, sprint_name, status, team_id) VALUES (1210, '2013-10-01 00:00:00', '2013-09-17 00:00:00', 'Sprint 7', 'closed', 20);
INSERT INTO sprint (id, date_end, date_start, sprint_name, status, team_id) VALUES (1, '2013-09-03 00:00:00', '2013-08-21 00:00:00', 'Sprint 5', 'closed', 20);
INSERT INTO sprint (id, date_end, date_start, sprint_name, status, team_id) VALUES (1810, '2013-10-15 00:00:00', '2013-10-02 00:00:00', 'Sprint 8', 'closed', 20);
INSERT INTO sprint (id, date_end, date_start, sprint_name, status, team_id) VALUES (2552, '2013-10-29 00:00:00', '2013-10-16 00:00:00', 'Sprint 9', 'open', 20);
INSERT INTO sprint (id, date_end, date_start, sprint_name, status, team_id) VALUES (3280, '2013-11-12 00:00:00', '2013-10-30 00:00:00', 'Sprint 10', 'open', 20);

INSERT INTO sprint (id, date_end, date_start, sprint_name, status, team_id) VALUES (56, '2013-08-23 00:00:00', '2013-07-05 00:00:00', 'Sprint-1', 'open', 28);
INSERT INTO sprint (id, date_end, date_start, sprint_name, status, team_id) VALUES (59, '2013-08-23 00:00:00', '2013-07-05 00:00:00', 'Sprint-1', 'open', 27);



--
-- TOC entry 2072 (class 0 OID 201071)
-- Dependencies: 178
-- Data for Name: status; Type: TABLE DATA; Schema: myagile; Owner: postgres
--

INSERT INTO status (id, color, type, name, sprint_id) VALUES (1, '368EE0', 'START', 'To do', 1);
INSERT INTO status (id, color, type, name, sprint_id) VALUES (2, '368EE0', 'IN_PROGRESS', 'Progress', 1);
INSERT INTO status (id, color, type, name, sprint_id) VALUES (3, '368EE0', 'IN_PROGRESS', 'Verify', 1);
INSERT INTO status (id, color, type, name, sprint_id) VALUES (4, '368EE0', 'DONE', 'Done', 1);
INSERT INTO status (id, color, type, name, sprint_id) VALUES (5, '368EE0', 'ACCEPTED_HIDE', 'Accepted', 1);
INSERT INTO status (id, color, type, name, sprint_id) VALUES (70, 'c48843', 'START', 'To do', 60);
INSERT INTO status (id, color, type, name, sprint_id) VALUES (73, '0e72b0', 'IN_PROGRESS', 'Progress', 60);
INSERT INTO status (id, color, type, name, sprint_id) VALUES (100, '29870a', 'IN_PROGRESS', 'Verify', 60);
INSERT INTO status (id, color, type, name, sprint_id) VALUES (101, '29870a', 'ACCEPTED_HIDE', 'Done done', 60);
INSERT INTO status (id, color, type, name, sprint_id) VALUES (71, 'ff2e2e', 'DONE', 'Done', 60);
INSERT INTO status (id, color, type, name, sprint_id) VALUES (1220, null, 'START', 'To do', 1210);
INSERT INTO status (id, color, type, name, sprint_id) VALUES (1223, '368EE0', 'IN_PROGRESS', 'In progress', 1210);
INSERT INTO status (id, color, type, name, sprint_id) VALUES (1224, '15451a', 'IN_PROGRESS', 'Verify', 1210);
INSERT INTO status (id, color, type, name, sprint_id) VALUES (1221, null, 'DONE', 'Done', 1210);
INSERT INTO status (id, color, type, name, sprint_id) VALUES (1225, '29870a', 'ACCEPTED_HIDE', 'Done done', 1210);

INSERT INTO status (id, color, type, name, sprint_id) VALUES (1820, null, 'START', 'To do', 1810);
INSERT INTO status (id, color, type, name, sprint_id) VALUES (1821, '368EE0', 'IN_PROGRESS', 'In progress', 1810);
INSERT INTO status (id, color, type, name, sprint_id) VALUES (1822, '15451a', 'IN_PROGRESS', 'Verify', 1810);
INSERT INTO status (id, color, type, name, sprint_id) VALUES (1823, null, 'DONE', 'Done', 1810);
INSERT INTO status (id, color, type, name, sprint_id) VALUES (102, null, 'ACCEPTED_HIDE', 'Accepted', 1810);
INSERT INTO status (id, color, type, name, sprint_id) VALUES (2580, null, 'START', 'To do', 2552);
INSERT INTO status (id, color, type, name, sprint_id) VALUES (2581, '368EE0', 'IN_PROGRESS', 'In progress', 2552);
INSERT INTO status (id, color, type, name, sprint_id) VALUES (2582, '15451a', 'IN_PROGRESS', 'Verify', 2552);
INSERT INTO status (id, color, type, name, sprint_id) VALUES (2583, null, 'DONE', 'Done', 2552);
INSERT INTO status (id, color, type, name, sprint_id) VALUES (103, null, 'ACCEPTED_HIDE', 'Accepted', 2552);
INSERT INTO status (id, color, type, name, sprint_id) VALUES (3290, null, 'START', 'To do', 3280);
INSERT INTO status (id, color, type, name, sprint_id) VALUES (3291, '368EE0', 'IN_PROGRESS', 'In progress', 3280);
INSERT INTO status (id, color, type, name, sprint_id) VALUES (3292, '15451a', 'IN_PROGRESS', 'Verify', 3280);
INSERT INTO status (id, color, type, name, sprint_id) VALUES (3293, null, 'DONE', 'Done', 3280);
INSERT INTO status (id, color, type, name, sprint_id) VALUES (104, null, 'ACCEPTED_HIDE', 'Accepted', 3280);

INSERT INTO status (id, color, type, name, sprint_id) VALUES (80, '368EE0', 'START', 'To do', 56);
INSERT INTO status (id, color, type, name, sprint_id) VALUES (81, '368EE0', 'DONE', 'Done', 56);
INSERT INTO status (id, color, type, name, sprint_id) VALUES (86, '368EE0', 'ACCEPTED_HIDE', 'Accepted', 56);
INSERT INTO status (id, color, type, name, sprint_id) VALUES (82, '368EE0', 'START', 'To do', 59);
INSERT INTO status (id, color, type, name, sprint_id) VALUES (83, '368EE0', 'DONE', 'Done', 59);
INSERT INTO status (id, color, type, name, sprint_id) VALUES (87, '368EE0', 'ACCEPTED_HIDE', 'Accepted', 59);




--
-- TOC entry 2063 (class 0 OID 201029)
-- Dependencies: 169
-- Data for Name: issue; Type: TABLE DATA; Schema: myagile; Owner: postgres
--

INSERT INTO issue (id, description, estimate, priority, remain, subject, type, assigned_id, sprint_id, status_id, user_story_id, parent_id, point_format) VALUES (127, 'As a user, I want to set up my team and manage my team (email, birthday, team-name, logo)', 'D0T0', 'MUST', 'D0T0', 'Set up my team', 'Task', NULL, 1, 1, 12, NULL, '1');
INSERT INTO issue (id, description, estimate, priority, remain, subject, type, assigned_id, sprint_id, status_id, user_story_id, parent_id, point_format) VALUES (126, 'As a scrum team, I want get three backlogs available: Product backlog, Sprint backlog and Impediment backlog', 'D0T0', 'MUST', 'D0T0', 'Three backlogs available', 'Task', NULL, 1, 1, 8, NULL, '1');
INSERT INTO issue (id, description, estimate, priority, remain, subject, type, assigned_id, sprint_id, status_id, user_story_id, parent_id, point_format) VALUES (264, '-apply primeface, framework for myagile', 'D0T0', 'MUST', 'D0T0', 'Technical', 'Task', NULL, 1, 1, 253, NULL, '1');
INSERT INTO issue (id, description, estimate, priority, remain, subject, type, assigned_id, sprint_id, status_id, user_story_id, parent_id, point_format) VALUES (235, 'Plupload document', 'D0T0', 'MUST', 'D0T0', 'Plupload document', 'Task', NULL, 1, 1, 21, NULL, '1');
INSERT INTO issue (id, description, estimate, priority, remain, subject, type, assigned_id, sprint_id, status_id, user_story_id, parent_id, point_format) VALUES (232, 'As a team, I want to define my own KANBAN fields (default: Toto, Inprogress, Done)', 'D0T0', 'MUST', 'D0T0', 'Define KANBAN', 'Task', NULL, 60, 70, 10, NULL, '1');
INSERT INTO issue (id, description, estimate, priority, remain, subject, type, assigned_id, sprint_id, status_id, user_story_id, parent_id, point_format) VALUES (234, 'As a scrum team, I want to export the sprint card to PDF on word...So that I can cut and stick on task board', 'D0T0', 'MUST', 'D0T0', 'Export the sprint card to PDF', 'Task', NULL, 60, 70, 5, NULL, '1');
INSERT INTO issue (id, description, estimate, priority, remain, subject, type, assigned_id, sprint_id, status_id, user_story_id, parent_id, point_format) VALUES (250, '-apply primeface, framework for myagile', 'D0T0', 'MUST', 'D0T0', 'Technical', 'Task', NULL, 60, 70, 253, NULL, '1');
INSERT INTO issue (id, description, estimate, priority, remain, subject, type, assigned_id, sprint_id, status_id, user_story_id, parent_id, point_format) VALUES (265, 'Notice the user when delete', 'D0T0', 'MUST', 'D0T0', 'Notice the user when delete', 'Task', NULL, 1, 1, 7, NULL, '1');
INSERT INTO issue (id, description, estimate, priority, remain, subject, type, assigned_id, sprint_id, status_id, user_story_id, parent_id, point_format) VALUES (266, 'As a team, I want to define my own KANBAN fields (default: Toto, Inprogress, Done)', 'D0T0', 'MUST', 'D0T0', 'Define KANBAN', 'Task', NULL, 1, 1, 10, NULL, '1');
INSERT INTO issue (id, description, estimate, priority, remain, subject, type, assigned_id, sprint_id, status_id, user_story_id, parent_id, point_format) VALUES (268, 'As a user, I want to take tasks (stories) and assign it for myself', 'D0T0', 'MUST', 'D0T0', 'Take tasks and assign', 'Task', NULL, 60, 70, 63, NULL, '1');
INSERT INTO issue (id, description, estimate, priority, remain, subject, type, assigned_id, sprint_id, status_id, user_story_id, parent_id, point_format) VALUES (269, 'As a team, I want to see the unit-story (the standard story for estimation) in the product backlog of my team', 'D0T0', 'MUST', 'D0T0', 'Unit story', 'Task', NULL, 60, 70, 62, NULL, '1');
INSERT INTO issue (id, description, estimate, priority, remain, subject, type, assigned_id, sprint_id, status_id, user_story_id, parent_id, point_format) VALUES (270, 'As a user, I want to take tasks (stories) and assign it for myself', 'D0T0', 'MUST', 'D0T0', 'Take Task and assign', 'Task', NULL, 1, 1, 63, NULL, '1');
INSERT INTO issue (id, description, estimate, priority, remain, subject, type, assigned_id, sprint_id, status_id, user_story_id, parent_id, point_format) VALUES (1230, 'Store videos in separated server', 'D0T0', 'MUST', 'D0T0', 'Store videos', 'Task', NULL, 1210, 1220, 22, NULL, '1');
INSERT INTO issue (id, description, estimate, priority, remain, subject, type, assigned_id, sprint_id, status_id, user_story_id, parent_id, point_format) VALUES (1237, 'As a team, I want to define my own KANBAN fields (default: Toto, Inprogress, Done)', 'D0T0', 'MUST', 'D0T0', 'Define KANBAN', 'Task', NULL, 1210, 1220, 10, NULL, '1');
INSERT INTO issue (id, description, estimate, priority, remain, subject, type, assigned_id, sprint_id, status_id, user_story_id, parent_id, point_format) VALUES (1239, 'Break user story to tasks', 'D0T0', 'MUST', 'D0T0', 'planning meeting', 'Task', NULL, 1210, 1220, 1252, NULL, '1');
INSERT INTO issue (id, description, estimate, priority, remain, subject, type, assigned_id, sprint_id, status_id, user_story_id, parent_id, point_format) VALUES (1274, 'Mandatory field in new task only Subject (Same like Ever note)', 'D5T1', 'MUST', 'D0T0', 'Mandatory field in new task only Subject', 'Task', 11, 1210, 1221, 1255, NULL, '1');
INSERT INTO issue (id, description, estimate, priority, remain, subject, type, assigned_id, sprint_id, status_id, user_story_id, parent_id, point_format) VALUES (1651, 'As a scrum team, I want to export the sprint card to PDF on word...So that I can cut and stick on task board', 'D0T0', 'MUST', 'D0T0', 'Export the sprint card to PDF', 'Task', NULL, 1210, 1220, 5, NULL, '1');
INSERT INTO issue (id, description, estimate, priority, remain, subject, type, assigned_id, sprint_id, status_id, user_story_id, parent_id, point_format) VALUES (1232, 'Create filter product backlog to move to Sprint backlog', 'D5T1', 'MUST', 'D0T0', 'Filter product backlog', 'Task', 12, 1210, 1221, 1250, NULL, '1');
INSERT INTO issue (id, description, estimate, priority, remain, subject, type, assigned_id, sprint_id, status_id, user_story_id, parent_id, point_format) VALUES (1231, 'Add more filter to export PDF file', 'D5T1', 'MUST', 'D0T0', 'Add more filter to export PDF file', 'Task', 6, 1210, 1221, 41, NULL, '1');
INSERT INTO issue (id, description, estimate, priority, remain, subject, type, assigned_id, sprint_id, status_id, user_story_id, parent_id, point_format) VALUES (1276, 'As a team, I want to see the unit-story (the standard story for estimation) in the product backlog of my team', 'D0T0', 'MUST', 'D0T0', 'Unit story', 'Task', NULL, 1210, 1221, 62, NULL, '1');
INSERT INTO issue (id, description, estimate, priority, remain, subject, type, assigned_id, sprint_id, status_id, user_story_id, parent_id, point_format) VALUES (1920, '-apply primeface, framework for myagile', 'D0T0', 'MUST', 'D0T0', 'Technical', 'Task', NULL, 1810, 1823, 253, NULL, '1');
INSERT INTO issue (id, description, estimate, priority, remain, subject, type, assigned_id, sprint_id, status_id, user_story_id, parent_id, point_format) VALUES (1836, 'I would like to see who is online in myagile system and in Skype', 'D0T0', 'MUST', 'D0T0', 'Who''s online', 'Task', NULL, 1810, 1823, 1253, NULL, '1');
INSERT INTO issue (id, description, estimate, priority, remain, subject, type, assigned_id, sprint_id, status_id, user_story_id, parent_id, point_format) VALUES (1233, 'As a scrum team, I want get three backlogs available: Product backlog, Sprint backlog and Impediment backlog', 'D0T0', 'MUST', 'D0T0', 'Three backlogs available', 'Task', NULL, 1210, 1221, 8, NULL, '1');
INSERT INTO issue (id, description, estimate, priority, remain, subject, type, assigned_id, sprint_id, status_id, user_story_id, parent_id, point_format) VALUES (1832, 'History activities', 'D8T2', 'MUST', 'D8T2', 'History activities', 'Task', NULL, 1810, 1823, 26, NULL, '1');
INSERT INTO issue (id, description, estimate, priority, remain, subject, type, assigned_id, sprint_id, status_id, user_story_id, parent_id, point_format) VALUES (2592, 'As a team, I want to define my own KANBAN fields (default: Toto, Inprogress, Done)', 'D0T0', 'MUST', 'D0T0', 'Define KANBAN', 'Task', NULL, 2552, 2583, 10, NULL, '1');
INSERT INTO issue (id, description, estimate, priority, remain, subject, type, assigned_id, sprint_id, status_id, user_story_id, parent_id, point_format) VALUES (1928, 'As a team, I want to define my own KANBAN fields (default: Toto, Inprogress, Done)', 'D0T0', 'MUST', 'D0T0', 'Define KANBAN', 'Task', NULL, 1810, 1823, 10, NULL, '1');
INSERT INTO issue (id, description, estimate, priority, remain, subject, type, assigned_id, sprint_id, status_id, user_story_id, parent_id, point_format) VALUES (1835, 'Break user story to tasks', 'D9T3.5', 'MUST', 'D9T3.5', 'planning meeting', 'Task', NULL, 1810, 1823, 1252, NULL, '1');
INSERT INTO issue (id, description, estimate, priority, remain, subject, type, assigned_id, sprint_id, status_id, user_story_id, parent_id, point_format) VALUES (2593, 'As a PO, I want to upload the stories to the system. Based on excel or text file', 'D0T0', 'MUST', 'D0T0', 'Upload the stories', 'Task', NULL, 2552, 2583, 28, NULL, '1');
INSERT INTO issue (id, description, estimate, priority, remain, subject, type, assigned_id, sprint_id, status_id, user_story_id, parent_id, point_format) VALUES (2780, 'Upgrade the Hudson to latest release version<br/>', 'D1T0', 'MUST', 'D0T0', 'Upgrade the Hudson', 'Task', 4, 2552, 2583, 6, NULL, '1');
INSERT INTO issue (id, description, estimate, priority, remain, subject, type, assigned_id, sprint_id, status_id, user_story_id, parent_id, point_format) VALUES (2590, 'I want to chat with online members (same with Facebook)', 'D0T0', 'MUST', 'D0T0', 'Chat with member', 'Task', NULL, 2552, 2583, 1254, NULL, '1');
INSERT INTO issue (id, description, estimate, priority, remain, subject, type, assigned_id, sprint_id, status_id, user_story_id, parent_id, point_format) VALUES (1924, 'As a scrum team, I want to export the sprint card to PDF on word...So that I can cut and stick on task board', 'D0T0', 'MUST', 'D0T0', 'Export the sprint card to PDF', 'Task', NULL, 1810, 1823, 5, NULL, '1');
INSERT INTO issue (id, description, estimate, priority, remain, subject, type, assigned_id, sprint_id, status_id, user_story_id, parent_id, point_format) VALUES (2599, '-apply primeface, framework for myagile', 'D33T4', 'MUST', 'D33T4', 'Technical', 'Task', NULL, 2552, 2583, 253, NULL, '1');
INSERT INTO issue (id, description, estimate, priority, remain, subject, type, assigned_id, sprint_id, status_id, user_story_id, parent_id, point_format) VALUES (3303, 'As a PO, I need a place to give the feedback about a specific sprint', 'D0T0', 'MUST', 'D0T0', 'feedback about a specific sprint', 'Task', NULL, 3280, 3290, 64, NULL, '1');
INSERT INTO issue (id, description, estimate, priority, remain, subject, type, assigned_id, sprint_id, status_id, user_story_id, parent_id, point_format) VALUES (3304, 'As a user, I want to see the difference between forecast (estimated) points/stories/velocity and actual (delivered) points/stories/velocity', 'D0T0', 'MUST', 'D0T0', 'Difference between forecast and actual', 'Task', NULL, 3280, 3290, 66, NULL, '1');
INSERT INTO issue (id, description, estimate, priority, remain, subject, type, assigned_id, sprint_id, status_id, user_story_id, parent_id, point_format) VALUES (3305, 'As a user I want to create simple PBI, email epic, story, task, bug', 'D0T0', 'MUST', 'D0T0', 'Create simple PBI, email epic, story, task, bug', 'Task', NULL, 3280, 3290, 44, NULL, '1');
INSERT INTO issue (id, description, estimate, priority, remain, subject, type, assigned_id, sprint_id, status_id, user_story_id, parent_id, point_format) VALUES (3306, 'As a scrum team, I want get three backlogs available: Product backlog, Sprint backlog and Impediment backlog', 'D0T0', 'MUST', 'D0T0', 'Three backlogs available', 'Task', NULL, 3280, 3290, 8, NULL, '1');
INSERT INTO issue (id, description, estimate, priority, remain, subject, type, assigned_id, sprint_id, status_id, user_story_id, parent_id, point_format) VALUES (3307, 'As a PO, I want to create a new project using Wizard. So that I can configure the project step by step: name -> logo -> team members -> kanban', 'D0T0', 'MUST', 'D0T0', 'Create a Project by using Wizard', 'Task', NULL, 3280, 3290, 1256, NULL, '1');
INSERT INTO issue (id, description, estimate, priority, remain, subject, type, assigned_id, sprint_id, status_id, user_story_id, parent_id, point_format) VALUES (3308, 'As a team, I want to define my own KANBAN fields (default: Toto, Inprogress, Done)', 'D0T0', 'MUST', 'D0T0', 'Define KANBAN', 'Task', NULL, 3280, 3290, 10, NULL, '1');
INSERT INTO issue (id, description, estimate, priority, remain, subject, type, assigned_id, sprint_id, status_id, user_story_id, parent_id, point_format) VALUES (3309, 'Stakeholders'' roles (Only view)', 'D0T0', 'MUST', 'D0T0', 'Stakeholders'' roles', 'Task', NULL, 3280, 3290, 36, NULL, '1');
INSERT INTO issue (id, description, estimate, priority, remain, subject, type, assigned_id, sprint_id, status_id, user_story_id, parent_id, point_format) VALUES (1839, 'As a PO, I want to keep history of point remain when user re-estimate. So that I can keep tracking point history of all task.', 'D5T1', 'MUST', 'D0T0', 'Keep history of point remain when user re-estimates', 'Task', 6, 1810, 1823, 1900, NULL, '1');
INSERT INTO issue (id, description, estimate, priority, remain, subject, type, assigned_id, sprint_id, status_id, user_story_id, parent_id, point_format) VALUES (1834, 'As a team, I want the burndown can also track the history based on: Sprint size (week), Available man day, team size, points planed, points done done, velocity of sprint, points done per person and velocity per person. So that I also have he possibility to increase the productivity', 'D8T2', 'MUST', 'D0T0', 'Track the history', 'Task', 3, 1810, 1823, 27, NULL, '1');
INSERT INTO issue (id, description, estimate, priority, remain, subject, type, assigned_id, sprint_id, status_id, user_story_id, parent_id, point_format) VALUES (3350, '<font face="Arial, Verdana" size="2">As PO, I want to export all information about project:</font><div><ul><li><font face="Arial, Verdana" size="2">Product backlog</font></li><li><font face="Arial, Verdana" size="2">Issue</font></li><li><font face="Arial, Verdana" size="2">Attachment</font></li><li><font face="Arial, Verdana" size="2">Sprint</font></li></ul></div>', 'D0T0', 'MUST', 'D0T0', 'Export project', 'Task', NULL, 3280, 3290, 3340, NULL, '1');
INSERT INTO issue (id, description, estimate, priority, remain, subject, type, assigned_id, sprint_id, status_id, user_story_id, parent_id, point_format) VALUES (3351, '-apply primeface, framework for myagile', 'D0T0', 'MUST', 'D0T0', 'Technical', 'Task', NULL, 3280, 3290, 253, NULL, '1');
INSERT INTO issue (id, description, estimate, priority, remain, subject, type, assigned_id, sprint_id, status_id, user_story_id, parent_id, point_format) VALUES (1831, 'As a PO, I want to create a new project using Wizard. So that I can configure the project step by step: name -> logo -> team members -> kanban', 'D13T2', 'MUST', 'D0T0', 'Create a Project by using Wizard', 'Task', 9, 1810, 1823, 1256, NULL, '1');
INSERT INTO issue (id, description, estimate, priority, remain, subject, type, assigned_id, sprint_id, status_id, user_story_id, parent_id, point_format) VALUES (3300, 'As a scrum team, I want to see a time line of the things that happen in a sprint, like facebook timeline. So that I always can see what was going one.', 'D0T0', 'MUST', 'D0T0', 'Time line of the things that happen', 'Task', NULL, 3280, 3290, 51, NULL, '1');
INSERT INTO issue (id, description, estimate, priority, remain, subject, type, assigned_id, sprint_id, status_id, user_story_id, parent_id, point_format) VALUES (2591, 'As a PO, I want to send an email to the system and the system will create a new story (based on the project name in title; e.g.[place2ask])', 'D8T1', 'MUST', 'D0T0', 'send an email to the system to create story', 'Task', 7, 2552, 2583, 48, NULL, '1');
INSERT INTO issue (id, description, estimate, priority, remain, subject, type, assigned_id, sprint_id, status_id, user_story_id, parent_id, point_format) VALUES (2626, 'As a SM, I want to replace current video player with another open source one, so that I don''t get annoyed with the watermark and worry-free about the license.', 'D5T1', 'MUST', 'D0T0', 'Replace Video Player', 'Task', 6, 2552, 2583, 42, NULL, '1');
INSERT INTO issue (id, description, estimate, priority, remain, subject, type, assigned_id, sprint_id, status_id, user_story_id, parent_id, point_format) VALUES (1, 'Folder for video files', 'D1T1', 'MUST', 'D0T0', 'Folder for video files', 'Task', 6, 1, 4, NULL, 127, '1');
INSERT INTO issue (id, description, estimate, priority, remain, subject, type, assigned_id, sprint_id, status_id, user_story_id, parent_id, point_format) VALUES (2, 'Folder for team''s images', 'D1T1', 'MUST', 'D0T0', 'Folder for team s images', 'Task', 12, 1, 4, NULL, 127, '1');
INSERT INTO issue (id, description, estimate, priority, remain, subject, type, assigned_id, sprint_id, status_id, user_story_id, parent_id, point_format) VALUES (3, 'Folder for membe''s images', 'D1T1', 'MUST', 'D0T0', 'Folder for member  images ', 'Task', 7, 1, 4, NULL, 127, '1');
INSERT INTO issue (id, description, estimate, priority, remain, subject, type, assigned_id, sprint_id, status_id, user_story_id, parent_id, point_format) VALUES (4, 'Id for user story, Unit test for product backlog', 'D5T2', 'MUST', 'D0T0', 'Id for user story, Unit test for product backlog (Dao Impl, Service Impl)', 'Task', 4, 1, 4, NULL, 126, '1');
INSERT INTO issue (id, description, estimate, priority, remain, subject, type, assigned_id, sprint_id, status_id, user_story_id, parent_id, point_format) VALUES (5, 'Intergrate functions on homepage', 'D3T1', 'MUST', 'D0T0', 'Intergrate functions on homepage', 'Task', 5, 1, 4, NULL, 126, '1');
INSERT INTO issue (id, description, estimate, priority, remain, subject, type, assigned_id, sprint_id, status_id, user_story_id, parent_id, point_format) VALUES (6, 'Apply Primefaces chart 3.5', 'D3T1', 'MUST', 'D0T0', 'Apply Primefaces chart 3.5', 'Task', 11, 1, 4, NULL, 264, '1');
INSERT INTO issue (id, description, estimate, priority, remain, subject, type, assigned_id, sprint_id, status_id, user_story_id, parent_id, point_format) VALUES (7, 'Test coverage on Hubson', 'D5T1', 'MUST', 'D0T0', 'Test coverage on Hubson', 'Task', 8, 1, 4, NULL, 264, '1');
INSERT INTO issue (id, description, estimate, priority, remain, subject, type, assigned_id, sprint_id, status_id, user_story_id, parent_id, point_format) VALUES (8, 'Folder for project''s images', 'D1T1', 'MUST', 'D0T0', 'Folder for project images', 'Task', 9, 1, 4, NULL, 235, '1');
INSERT INTO issue (id, description, estimate, priority, remain, subject, type, assigned_id, sprint_id, status_id, user_story_id, parent_id, point_format) VALUES (9, 'Design sticker  use Primefaces, assign member', 'D8T1', 'MUST', 'D0T0', 'Design sticker  use Primefaces, assign member', 'Task', 6, 1, 4, NULL, 270, '1');
INSERT INTO issue (id, description, estimate, priority, remain, subject, type, assigned_id, sprint_id, status_id, user_story_id, parent_id, point_format) VALUES (10, 'Send email to members when delete user story', 'D3T1', 'MUST', 'D0T0', 'Send email to members when delete user story', 'Task', 3, 1, 4, NULL, 265, '1');
INSERT INTO issue (id, description, estimate, priority, remain, subject, type, assigned_id, sprint_id, status_id, user_story_id, parent_id, point_format) VALUES (11, 'Research using chart from Primefaces', 'D3T0', 'MUST', 'D0T0', 'Research using chart from Primefaces', 'Task', 11, 1, 4, NULL, 264, '1');
INSERT INTO issue (id, description, estimate, priority, remain, subject, type, assigned_id, sprint_id, status_id, user_story_id, parent_id, point_format) VALUES (12, 'Improve performance monitor server', 'D5T0', 'MUST', 'D0T0', 'Improve performance monitor server', 'Task', 8, 1, 4, NULL, 264, '1');
INSERT INTO issue (id, description, estimate, priority, remain, subject, type, assigned_id, sprint_id, status_id, user_story_id, parent_id, point_format) VALUES (13, 'New sprint', 'D3T1', 'MUST', 'D0T0', 'Default date, ajax validate, unit test', 'Task', 7, 1, 4, NULL, 264, '1');
INSERT INTO issue (id, description, estimate, priority, remain, subject, type, assigned_id, sprint_id, status_id, user_story_id, parent_id, point_format) VALUES (14, 'Define KANBAN fields', 'D5T2', 'MUST', 'D0T0', 'Define KANBAN fiels', 'Task', 12, 1, 4, NULL, 266, '1');
INSERT INTO issue (id, description, estimate, priority, remain, subject, type, assigned_id, sprint_id, status_id, user_story_id, parent_id, point_format) VALUES (15, 'Add new issue', 'D8T3', 'MUST', 'D8T3', 'Add new issue (list, update, delete)', 'Task', 7, 1, 1, NULL, 268, '1');
INSERT INTO issue (id, description, estimate, priority, remain, subject, type, assigned_id, sprint_id, status_id, user_story_id, parent_id, point_format) VALUES (16, 'Write File Utils', 'D2T1', 'MUST', 'D0T0', 'Write File Utils', 'Task', 10, 1, 4, NULL, 235, '1');
INSERT INTO issue (id, description, estimate, priority, remain, subject, type, assigned_id, sprint_id, status_id, user_story_id, parent_id, point_format) VALUES (17, 'Move, copy product backlog to sprint backlog', 'D8T3', 'MUST', 'D0T0', 'Move, copy product backlog to sprint backlog', 'Task', 10, 1, 4, NULL, 126, '1');
INSERT INTO issue (id, description, estimate, priority, remain, subject, type, assigned_id, sprint_id, status_id, user_story_id, parent_id, point_format) VALUES (18, 'Try/ catch on Dao layer', 'D1T1', 'MUST', 'D0T0', 'Try/ catch on Dao layer', 'Task', 4, 1, 4, NULL, 264, '1');
INSERT INTO issue (id, description, estimate, priority, remain, subject, type, assigned_id, sprint_id, status_id, user_story_id, parent_id, point_format) VALUES (51, 'Create test case using Selenium IDE (Team, project, user story, sprint, impediment backlog, issue)', 'D8T2', 'SHOULD', 'D0T0', 'Create test case using Selenium IDE', 'Task', 5, 60, 71, NULL, 250, '1');
INSERT INTO issue (id, description, estimate, priority, remain, subject, type, assigned_id, sprint_id, status_id, user_story_id, parent_id, point_format) VALUES (52, 'Using Selenium RC running test cases of IDE', 'D8T2', 'SHOULD', 'D0T0', 'Using Selenium RC running test cases of IDE', 'Task', 11, 60, 71, NULL, 250, '1');
INSERT INTO issue (id, description, estimate, priority, remain, subject, type, assigned_id, sprint_id, status_id, user_story_id, parent_id, point_format) VALUES (53, 'Framework Architecture', 'D5T1', 'MUST', 'D0T0', 'Framework Architecture', 'Task', 4, 60, 71, NULL, 250, '1');
INSERT INTO issue (id, description, estimate, priority, remain, subject, type, assigned_id, sprint_id, status_id, user_story_id, parent_id, point_format) VALUES (54, 'History of Issues', 'D8T2', 'MUST', 'D0T0', 'History of Issues', 'Task', 3, 60, 71, NULL, 269, '1');
INSERT INTO issue (id, description, estimate, priority, remain, subject, type, assigned_id, sprint_id, status_id, user_story_id, parent_id, point_format) VALUES (55, 'Data entry (Team, member, project, issues)', 'D1T0', 'MUST', 'D0T0', 'Data entry (Team, member, project, issues)', 'Task', 4, 60, 71, NULL, 250, '1');
INSERT INTO issue (id, description, estimate, priority, remain, subject, type, assigned_id, sprint_id, status_id, user_story_id, parent_id, point_format) VALUES (56, 'Data for sprint (burndown chart, video, sprint) - old sprint: database - new sprint: GUI', 'D5T1', 'MUST', 'D0T0', 'Data for sprint (burndown chart, video, sprint)', 'Task', 11, 60, 71, NULL, 250, '1');
INSERT INTO issue (id, description, estimate, priority, remain, subject, type, assigned_id, sprint_id, status_id, user_story_id, parent_id, point_format) VALUES (57, 'Data entry for all product backlogs', 'D2T0', 'MUST', 'D0T0', 'Data entry for all product backlogs', 'Task', 3, 60, 71, NULL, 250, '1');
INSERT INTO issue (id, description, estimate, priority, remain, subject, type, assigned_id, sprint_id, status_id, user_story_id, parent_id, point_format) VALUES (58, 'New issues (fix bug)', 'D5T2', 'MUST', 'D0T0', 'New issues', 'Task', 8, 60, 71, NULL, 269, '1');
INSERT INTO issue (id, description, estimate, priority, remain, subject, type, assigned_id, sprint_id, status_id, user_story_id, parent_id, point_format) VALUES (59, 'Update progress for issue in KANBAN', 'D5T1', 'MUST', 'D0T0', 'Update progress for issue in KANBAN', 'Task', 12, 60, 71, NULL, 232, '1');
INSERT INTO issue (id, description, estimate, priority, remain, subject, type, assigned_id, sprint_id, status_id, user_story_id, parent_id, point_format) VALUES (80, 'Move task to Done in KANBAN Point remain: D0T0, move Done -> Todo, confirm', 'D5T1', 'MUST', 'D0T0', 'Move task to Done in KANBAN', 'Task', 7, 60, 71, NULL, 232, '1');
INSERT INTO issue (id, description, estimate, priority, remain, subject, type, assigned_id, sprint_id, status_id, user_story_id, parent_id, point_format) VALUES (81, 'Update point remain in KANBAN', 'D5T1', 'MUST', 'D0T0', 'Update point remain in KANBAN', 'Task', 9, 60, 71, NULL, 232, '1');
INSERT INTO issue (id, description, estimate, priority, remain, subject, type, assigned_id, sprint_id, status_id, user_story_id, parent_id, point_format) VALUES (82, 'Set up myagile production (Database, Hubson)', 'D3T1', 'MUST', 'D0T0', 'Set up myagile production', 'Task', 5, 60, 71, NULL, 250, '1');
INSERT INTO issue (id, description, estimate, priority, remain, subject, type, assigned_id, sprint_id, status_id, user_story_id, parent_id, point_format) VALUES (83, 'Progress bar on product backlog', 'D5T1', 'MUST', 'D0T0', 'Progress bar on product backlog', 'Task', 10, 60, 71, NULL, 268, '1');
INSERT INTO issue (id, description, estimate, priority, remain, subject, type, assigned_id, sprint_id, status_id, user_story_id, parent_id, point_format) VALUES (84, 'Export to PDF (Story Card)', 'D5T1', 'MUST', 'D0T0', 'Export to PDF', 'Task', 6, 60, 71, NULL, 234, '1');
INSERT INTO issue (id, description, estimate, priority, remain, subject, type, assigned_id, sprint_id, status_id, user_story_id, parent_id, point_format) VALUES (630, 'Delete issue on KANBAN', 'D2T1', 'MUST', 'D0T0', 'Delete issue on KANBAN', 'Task', 12, 60, 71, NULL, 232, '1');
INSERT INTO issue (id, description, estimate, priority, remain, subject, type, assigned_id, sprint_id, status_id, user_story_id, parent_id, point_format) VALUES (631, 'Allow estimate point when issue belongs to TODO status', 'D3T1', 'MUST', 'D0T0', 'Allow estimate point when issue belongs to TODO status', 'Task', 9, 60, 71, NULL, 232, '1');
INSERT INTO issue (id, description, estimate, priority, remain, subject, type, assigned_id, sprint_id, status_id, user_story_id, parent_id, point_format) VALUES (632, 'Bug of Burndownchart', 'D2T0', 'MUST', 'D0T0', 'Bug of Burndownchart', 'Bug', 11, 60, 71, NULL, 269, '1');
INSERT INTO issue (id, description, estimate, priority, remain, subject, type, assigned_id, sprint_id, status_id, user_story_id, parent_id, point_format) VALUES (1120, 'Removed unused import', 'D1T0', 'MUST', 'D0T0', 'Removed unused import', 'Bug', 3, 60, 71, NULL, 269, '1');
INSERT INTO issue (id, description, estimate, priority, remain, subject, type, assigned_id, sprint_id, status_id, user_story_id, parent_id, point_format) VALUES (1235, 'Research how to make security for files of myagile project', 'D5T0', 'MUST', 'D0T0', 'File security on server research', 'Task', 8, 1210, 1221, NULL, 1230, '1');
INSERT INTO issue (id, description, estimate, priority, remain, subject, type, assigned_id, sprint_id, status_id, user_story_id, parent_id, point_format) VALUES (1238, 'Reuse previous Kanban setting of Sprint', 'D3T1', 'MUST', 'D0T0', 'Reuse previous Kanban setting', 'Task', 7, 1210, 1221, NULL, 1237, '1');
INSERT INTO issue (id, description, estimate, priority, remain, subject, type, assigned_id, sprint_id, status_id, user_story_id, parent_id, point_format) VALUES (1270, 'User can update remain point greater than estimate point', 'D3T1', 'MUST', 'D0T0', 'Update remain point', 'Task', 7, 1210, 1221, NULL, 1237, '1');
INSERT INTO issue (id, description, estimate, priority, remain, subject, type, assigned_id, sprint_id, status_id, user_story_id, parent_id, point_format) VALUES (1271, 'Show Sprint backlog of a Sprint inorder to  break tasks and input estimate points', 'D5T2', 'MUST', 'D0T0', 'Show Sprint backlog of a Sprint', 'Task', 5, 1210, 1221, NULL, 1239, '1');
INSERT INTO issue (id, description, estimate, priority, remain, subject, type, assigned_id, sprint_id, status_id, user_story_id, parent_id, point_format) VALUES (1272, 'Break a sprint backlog to tasks', 'D8T3', 'MUST', 'D0T0', 'Add tasks for a Sprint backlog', 'Task', 3, 1210, 1221, NULL, 1239, '1');
INSERT INTO issue (id, description, estimate, priority, remain, subject, type, assigned_id, sprint_id, status_id, user_story_id, parent_id, point_format) VALUES (1275, 'allow two format of estimate points and remain point. On kanban and issues', 'D5T2', 'MUST', 'D0T0', 'allow two format of estimate points and remain point', 'Task', 9, 1210, 1221, NULL, 1237, '1');
INSERT INTO issue (id, description, estimate, priority, remain, subject, type, assigned_id, sprint_id, status_id, user_story_id, parent_id, point_format) VALUES (1273, 'input estimate point for task of a Sprint', 'D3T1', 'MUST', 'D0T0', 'input estimate point for tasks', 'Task', 12, 1210, 1221, NULL, 1239, '1');
INSERT INTO issue (id, description, estimate, priority, remain, subject, type, assigned_id, sprint_id, status_id, user_story_id, parent_id, point_format) VALUES (1650, 'Fix the error when the system can not load old view sate. And improve performance of the application.', 'D5T1', 'MUST', 'D0T0', 'Control viewstate of JSF', 'Bug', 7, 1210, 1221, NULL, 1233, '1');
INSERT INTO issue (id, description, estimate, priority, remain, subject, type, assigned_id, sprint_id, status_id, user_story_id, parent_id, point_format) VALUES (1236, 'update status of product backlog on homepage', 'D5T2', 'MUST', 'D0T0', 'update status of product backlog on homepage', 'Task', 4, 1210, 1221, NULL, 1233, '1');
INSERT INTO issue (id, description, estimate, priority, remain, subject, type, assigned_id, sprint_id, status_id, user_story_id, parent_id, point_format) VALUES (1652, '<span style="font-weight: normal;"><em>As a user,</em> </span><b style="font-style: normal;">I want to my exported pdf<span style="background-color: rgb(255, 153, 0);"> file supports html</span> tags so that I can style my issue/userstory description.</b>', 'D1T1', 'MUST', 'D0T0', 'Support HTML tags for PDF File', 'Task', 6, 1210, 1221, NULL, 1651, '1');
INSERT INTO issue (id, description, estimate, priority, remain, subject, type, assigned_id, sprint_id, status_id, user_story_id, parent_id, point_format) VALUES (1838, 'As a team, I would like to see who is online in My Agile system.', 'D8T2', 'MUST', 'D0T0', 'Who is online in My Agile system', 'Task', 5, 1810, 1823, NULL, 1836, '1');
INSERT INTO issue (id, description, estimate, priority, remain, subject, type, assigned_id, sprint_id, status_id, user_story_id, parent_id, point_format) VALUES (1833, 'History of Team and Sprint<br/>', 'D8T2', 'MUST', 'D0T0', 'History of Team and Project', 'Task', 8, 1810, 1823, NULL, 1832, '1');
INSERT INTO issue (id, description, estimate, priority, remain, subject, type, assigned_id, sprint_id, status_id, user_story_id, parent_id, point_format) VALUES (1922, 'Solve conflict points by showing all subtasks and provide remove, edit points of subtasks<br/>', 'D5T2', 'MUST', 'D0T0', 'Solve conflict points by showing all subtasks', 'Task', 12, 1810, 1823, NULL, 1835, '1');
INSERT INTO issue (id, description, estimate, priority, remain, subject, type, assigned_id, sprint_id, status_id, user_story_id, parent_id, point_format) VALUES (1925, 'Export Sprint backlog to excel file in order for team member can edit, print out and stick on task board easily.<br/>', 'D5T1', 'MUST', 'D0T0', 'Export Sprint backlog to excel file', 'Task', 11, 1810, 1823, NULL, 1924, '1');
INSERT INTO issue (id, description, estimate, priority, remain, subject, type, assigned_id, sprint_id, status_id, user_story_id, parent_id, point_format) VALUES (1926, 'show confirm message when export PDF file without selected item<br/>', 'D0.5T0', 'MUST', 'D0T0', 'show confirm message when export PDF file', 'Task', 6, 1810, 1823, NULL, 1924, '1');
INSERT INTO issue (id, description, estimate, priority, remain, subject, type, assigned_id, sprint_id, status_id, user_story_id, parent_id, point_format) VALUES (1923, 'Research how to improve the performance of myagile project<br/>', 'D5T0', 'MUST', 'D0T0', 'improve performance of anagile web application', 'Task', 4, 1810, 1823, NULL, 1920, '2');
INSERT INTO issue (id, description, estimate, priority, remain, subject, type, assigned_id, sprint_id, status_id, user_story_id, parent_id, point_format) VALUES (1921, 'Scrum team member can solve the conflict points by one click. Update the total points of subtask to parent.<br/>', 'D3T1', 'MUST', 'D0T0', 'Solve conflict points by update estimation of parent task', 'Task', 12, 1810, 1823, NULL, 1835, '1');
INSERT INTO issue (id, description, estimate, priority, remain, subject, type, assigned_id, sprint_id, status_id, user_story_id, parent_id, point_format) VALUES (1929, 'As a PO, I want to see relationship between parent and child tasks on Kanban, so that I can easy to manage tasks easier in each Sprint.', 'D8T1', 'NONE', 'D0T0', 'Show relationship between parent and child tasks on Kanban', 'Task', 6, 1810, 1823, NULL, 1928, '1');

INSERT INTO issue (id, description, estimate, priority, remain, subject, type, assigned_id, sprint_id, status_id, user_story_id, parent_id, point_format) VALUES (1927, '<span style="color: rgb(34, 34, 34); font-family: ''Open Sans'', sans-serif; font-size: 14px; line-height: 20px; background-color: rgb(236, 236, 236);">I would like to see who is online on Skype</span>', 'D5T2', 'MUST', 'D0T0', 'Who is online on Skype', 'Task', 7, 1810, 1823, NULL, 1836, '1');
INSERT INTO issue (id, description, estimate, priority, remain, subject, type, assigned_id, sprint_id, status_id, user_story_id, parent_id, point_format) VALUES (1837, '<font face="Arial, Verdana" size="2">Add link to issue on meeting page to view issue details</font>', 'D1T0.5', 'MUST', 'D0T0', 'Add link to issue on meeting page', 'Task', 12, 1810, 1823, NULL, 1835, '1');
INSERT INTO issue (id, description, estimate, priority, remain, subject, type, assigned_id, sprint_id, status_id, user_story_id, parent_id, point_format) VALUES (2598, 'User can get a detail click available on each issue child of child<div>Edit task/issue in related view</div><div><br/></div>', 'D5T1', 'NONE', 'D0T0', 'User can get a detail click available on each issue child of child', 'Task', 6, 2552, 2583, NULL, 2592, '1');
INSERT INTO issue (id, description, estimate, priority, remain, subject, type, assigned_id, sprint_id, status_id, user_story_id, parent_id, point_format) VALUES (2596, 'Add link to Skype', 'D2T1', 'NONE', 'D0T0', 'Add link to Skype', 'Task', 3, 2552, 2583, NULL, 2590, '1');
INSERT INTO issue (id, description, estimate, priority, remain, subject, type, assigned_id, sprint_id, status_id, user_story_id, parent_id, point_format) VALUES (2621, 'Improve the GUI of Myagile project<div>- English of messages</div><div>- Alignment of forms, pages, dialog</div>', 'D5T1', 'NONE', 'D0T0', 'Improve the GUI of Myagile project', 'Task', 3, 2552, 2583, NULL, 2599, '1');
INSERT INTO issue (id, description, estimate, priority, remain, subject, type, assigned_id, sprint_id, status_id, user_story_id, parent_id, point_format) VALUES (2597, 'Get a note (small pop-up on Skype)<div>if a new team member is online (in Myagile system)</div>', 'D5T1', 'NONE', 'D0T0', 'Notice if a new member is online on System', 'Task', 8, 2552, 2583, NULL, 2590, '1');
INSERT INTO issue (id, description, estimate, priority, remain, subject, type, assigned_id, sprint_id, status_id, user_story_id, parent_id, point_format) VALUES (2594, 'As a PO, I want to upload the stories to the system based on Excel file', 'D8T1', 'NONE', 'D0T0', 'Upload the stories based on excel file', 'Task', 11, 2552, 2583, NULL, 2593, '1');
INSERT INTO issue (id, description, estimate, priority, remain, subject, type, assigned_id, sprint_id, status_id, user_story_id, parent_id, point_format) VALUES (2625, 'Member can chat with other online member in system like facebook<br/>', 'D8T2', 'MUST', 'D0T0', 'Chat with other member in system', 'Task', 5, 2552, 2583, NULL, 2590, '1');
INSERT INTO issue (id, description, estimate, priority, remain, subject, type, assigned_id, sprint_id, status_id, user_story_id, parent_id, point_format) VALUES (2622, 'Improve the performance of Myagile<div>- Connection pool</div><div>- conflicts libraries pom.xml</div><div>- web context configuration</div><div><br/></div>', 'D5T1', 'NONE', 'D0T0', 'Improve the performance of Myagile', 'Task', 4, 2552, 2583, NULL, 2599, '1');
INSERT INTO issue (id, description, estimate, priority, remain, subject, type, assigned_id, sprint_id, status_id, user_story_id, parent_id, point_format) VALUES (2623, '<font face="Arial, Verdana" size="2">Improve the performance - Caching</font>', 'D5T1', 'NONE', 'D0T0', 'Improve the performance - Caching', 'Task', 9, 2552, 2583, NULL, 2599, '1');
INSERT INTO issue (id, description, estimate, priority, remain, subject, type, assigned_id, sprint_id, status_id, user_story_id, parent_id, point_format) VALUES (2620, 'Re-organization file in myagile project<div>CSS, Javascript&nbsp;</div>', 'D5T1', 'NONE', 'D0T0', 'Re-organization file in myagile project', 'Task', 12, 2552, 2583, NULL, 2599, '1');
INSERT INTO issue (id, description, estimate, priority, remain, subject, type, assigned_id, sprint_id, status_id, user_story_id, parent_id, point_format) VALUES (2595, 'Notice if a new member is online on Skype', 'D5T1', 'NONE', 'D0T0', 'Notice if a new member is online on Skype', 'Task', 10, 2552, 2583, NULL, 2590, '1');
INSERT INTO issue (id, description, estimate, priority, remain, subject, type, assigned_id, sprint_id, status_id, user_story_id, parent_id, point_format) VALUES (2624, 'Refactor code follow Sonar &amp; Hubson', 'D13T0', 'NONE', 'D0T0', 'Refactor code follow Sonar & Hubson', 'Task', 8, 2552, 2583, NULL, 2599, '1');
INSERT INTO issue (id, description, estimate, priority, remain, subject, type, assigned_id, sprint_id, status_id, user_story_id, parent_id, point_format) VALUES (3352, 'Show history tab of issues on Homepage.', 'D0T0', 'MUST', 'D0T0', 'History of Issues on Homepage', 'Task', NULL, 3280, 3290, NULL, 3300, '1');
INSERT INTO issue (id, description, estimate, priority, remain, subject, type, assigned_id, sprint_id, status_id, user_story_id, parent_id, point_format) VALUES (3353, 'User can add attachments for userstory.', 'D0T0', 'MUST', 'D0T0', 'Add attachments for userstory', 'Task', NULL, 3280, 3290, NULL, 3305, '1');
INSERT INTO issue (id, description, estimate, priority, remain, subject, type, assigned_id, sprint_id, status_id, user_story_id, parent_id, point_format) VALUES (3354, 'Pagination function for product backlog on Homepage and Backlog page.', 'D0T0', 'MUST', 'D0T0', 'Pagination for product backlog.', 'Task', NULL, 3280, 3290, NULL, 3306, '1');
INSERT INTO issue (id, description, estimate, priority, remain, subject, type, assigned_id, sprint_id, status_id, user_story_id, parent_id, point_format) VALUES (3355, 'Improve GUI and Validation of creating project by wizard', 'D0T0', 'MUST', 'D0T0', 'Improve GUI and Validation of creating project by wizard', 'Task', NULL, 3280, 3290, NULL, 3307, '1');
INSERT INTO issue (id, description, estimate, priority, remain, subject, type, assigned_id, sprint_id, status_id, user_story_id, parent_id, point_format) VALUES (3356, 'Add Done-done column in KANBAN.', 'D0T0', 'MUST', 'D0T0', 'Add Done-done column in KANBAN.', 'Task', NULL, 3280, 3290, NULL, 3308, '1');
INSERT INTO issue (id, description, estimate, priority, remain, subject, type, assigned_id, sprint_id, status_id, user_story_id, parent_id, point_format) VALUES (3357, 'Refactor code in services, DAOs', 'D0T0', 'MUST', 'D0T0', 'Refactor code in My Agile', 'Task', NULL, 3280, 3290, NULL, 3351, '1');
INSERT INTO issue (id, description, estimate, priority, remain, subject, type, assigned_id, sprint_id, status_id, user_story_id, parent_id, point_format) VALUES (3358, '<font face="Arial, Verdana" size="2">Resolve view state error in My Agile system.</font>', 'D0T0', 'MUST', 'D0T0', 'Resolve view state error', 'Task', NULL, 3280, 3290, NULL, 3351, '1');
INSERT INTO issue (id, description, estimate, priority, remain, subject, type, assigned_id, sprint_id, status_id, user_story_id, parent_id, point_format) VALUES (3359, '<font face="Arial, Verdana" size="2">Requirements to use My Agile system at Login page.</font>', 'D0T0', 'MUST', 'D0T0', 'Requirements to use My Agile system', 'Task', NULL, 3280, 3290, NULL, 3351, '1');
INSERT INTO issue (id, description, estimate, priority, remain, subject, type, assigned_id, sprint_id, status_id, user_story_id, parent_id, point_format) VALUES (3380, 'Prepare for Knowledge sharing: "Performance of Web application".', 'D0T0', 'MUST', 'D0T0', 'Prepare for Knowledge sharing: "Performance of Web application".', 'Task', NULL, 3280, 3290, NULL, 3351, '1');
INSERT INTO issue (id, description, estimate, priority, remain, subject, type, assigned_id, sprint_id, status_id, user_story_id, parent_id, point_format) VALUES (1234, 'Progress bar for Productbacklog at homepage', 'D5T1', 'MUST', 'D0T0', 'Progress bar for Productbacklog', 'Task', 10, 1210, 1221, NULL, 1233, '1');
INSERT INTO issue (id, description, estimate, priority, remain, subject, type, assigned_id, sprint_id, status_id, user_story_id, parent_id, point_format) VALUES (1279, 'show info icon of conflict point user story on homepage and backlog', 'D3T1', 'MUST', 'D0T0', 'show info icon of conflict point user story', 'Task', 5, 1210, 1221, NULL, 1276, '1');
INSERT INTO issue (id, description, estimate, priority, remain, subject, type, assigned_id, sprint_id, status_id, user_story_id, parent_id, point_format) VALUES (1277, 'fix bug on new issue for a story. And show history of a issue', 'D1T1', 'MUST', 'D0T0', 'fix bug on new issue for a story', 'Task', 8, 1210, 1221, NULL, 1276, '1');

--INSERT INTO issue (id, assigned_id, description, estimate, priority, remain, sprint_id, status_id, subject, type, user_story_id) VALUES (114, 17, 'User can define his own field', 'D5T3', 'MUST', 'D5T3', 56, 80, 'Knight: Kanban edit field', 'Bug', 90);
--INSERT INTO issue (id, assigned_id, description, estimate, priority, remain, sprint_id, status_id, subject, type, user_story_id) VALUES (115, 16, 'Wrong ajax call', 'D2T1', 'MUST', 'D2T1', 56, 80, 'Knight: Assigned to member in kanban', 'Bug', 90);
--INSERT INTO issue (id, assigned_id, description, estimate, priority, remain, sprint_id, status_id, subject, type, user_story_id) VALUES (116, 17, 'User can change status of issue by drag & drop', 'D2T3', 'Would', 'D2T3', 56, 80, 'Knight: Drag & Drop in kanban', 'Task', 90);
--INSERT INTO issue (id, assigned_id, description, estimate, priority, remain, sprint_id, status_id, subject, type, user_story_id) VALUES (117, 16, 'Support for sub issue', 'D5T1', 'SHOULD', 'D5T1', 56, 80, 'Knight: Subissue', 'Task', 90);
--INSERT INTO issue (id, assigned_id, description, estimate, priority, remain, sprint_id, status_id, subject, type, user_story_id) VALUES (118, NULL, 'As a user, I can commment on an issue', 'D5T3', 'MUST', 'D5T3', 56, 80, 'Knight: Comment on issue', 'Task', 90);
--INSERT INTO issue (id, assigned_id, description, estimate, priority, remain, sprint_id, status_id, subject, type, user_story_id) VALUES (119, 16, 'Drag & Drop US from product backlog to sprint backlog', 'D2T0', 'MUST', 'D2T0', 56, 80, 'Knight: Drag & Drop in backlog', 'Task', 85);
--INSERT INTO issue (id, assigned_id, description, estimate, priority, remain, sprint_id, status_id, subject, type, user_story_id) VALUES (120, NULL, 'A userstory can have many subuserstory', 'D2T1', 'WONT', 'D2T1', 56, 80, 'Knight: Sub userstory', 'Task', 85);
--INSERT INTO issue (id, assigned_id, description, estimate, priority, remain, sprint_id, status_id, subject, type, user_story_id) VALUES (121, NULL, 'When click on save button, errror occur.', 'D5T3', 'MUST', 'D5T3', 56, 80, 'Knight: Cannot create a team', 'Bug', 85);
--INSERT INTO issue (id, assigned_id, description, estimate, priority, remain, sprint_id, status_id, subject, type, user_story_id) VALUES (122, 18, 'User can define his own field', 'D2T2', 'MUST', 'D2T2', 59, 83, '7up: Kanban edit field', 'Bug', 90);
--INSERT INTO issue (id, assigned_id, description, estimate, priority, remain, sprint_id, status_id, subject, type, user_story_id) VALUES (123, 19, 'Wrong ajax call', 'D1T0', 'MUST', 'D1T0', 59, 82, '7up: Assigned to member in kanban', 'Bug', 90);
--INSERT INTO issue (id, assigned_id, description, estimate, priority, remain, sprint_id, status_id, subject, type, user_story_id) VALUES (124, NULL, 'User can change status of issue by drag & drop', 'D2T3', 'Would', 'D2T3', 59, 82, '7up: Drag & Drop in kanban', 'Task', 90);
--INSERT INTO issue (id, assigned_id, description, estimate, priority, remain, sprint_id, status_id, subject, type, user_story_id) VALUES (125, 19, 'Support for sub issue', 'D2T2', 'SHOULD', 'D2T2', 59, 82, '7up: Subissue', 'Task', 90);
--INSERT INTO issue (id, assigned_id, description, estimate, priority, remain, sprint_id, status_id, subject, type, user_story_id) VALUES (126, NULL, 'As a user, I can commment on an issue', 'D1T0', 'MUST', 'D1T0', 59, 82, '7up: Comment on issue', 'Task', 90);
--INSERT INTO issue (id, assigned_id, description, estimate, priority, remain, sprint_id, status_id, subject, type, user_story_id) VALUES (127, 20, 'Drag & Drop US from product backlog to sprint backlog', 'D2T2', 'MUST', 'D2T2', 59, 82, '7up: Drag & Drop in backlog', 'Task', 85);
--INSERT INTO issue (id, assigned_id, description, estimate, priority, remain, sprint_id, status_id, subject, type, user_story_id) VALUES (128, 19, 'A userstory can have many subuserstory', 'D5T2', 'WONT', 'D5T2', 59, 82, '7up: Sub userstory', 'Task', 85);
--INSERT INTO issue (id, assigned_id, description, estimate, priority, remain, sprint_id, status_id, subject, type, user_story_id) VALUES (129, NULL, 'When click on save button, errror occur.', 'D2T1', 'MUST', 'D2T1', 59, 82, '7up: Cannot create a team', 'Bug', 85);
--INSERT INTO issue (id, assigned_id, description, estimate, priority, remain, sprint_id, status_id, subject, type, user_story_id) VALUES (130, 20, 'This issue is from project redmine 1', 'D2T2', 'MUST', 'D0T0', 59, 83, 'Redmine issue 1', 'Task', 94);
--INSERT INTO issue (id, assigned_id, description, estimate, priority, remain, sprint_id, status_id, subject, type, user_story_id) VALUES (131, NULL, 'This issue is from project redmine 2', 'D3T2', 'MUST', 'D0T0', 59, 83, 'Redmine issue 2', 'Task', 95);
--INSERT INTO issue (id, assigned_id, description, estimate, priority, remain, sprint_id, status_id, subject, type, user_story_id) VALUES (132, 18, 'This issue is from project redmine 2', 'D1T1', 'MUST', 'D0T0', 59, 83, 'Redmine issue 2', 'Task', 96);
--INSERT INTO issue (id, assigned_id, description, estimate, priority, remain, sprint_id, status_id, subject, type, user_story_id) VALUES (133, NULL, 'This issue is from project redmine 2', 'D1T1', 'MUST', 'D0T0', 59, 83, 'Redmine issue 2', 'Bug', 97);


--
-- TOC entry 2064 (class 0 OID 201035)
-- Dependencies: 170
-- Data for Name: meeting_video; Type: TABLE DATA; Schema: myagile; Owner: postgres
--

INSERT INTO meeting_video (id, meeting_date, video_file_name, sprint_id) VALUES (90, '2013-09-05 00:00:00', '60_1378314000000_1378352414274.mp4', 60);
INSERT INTO meeting_video (id, meeting_date, video_file_name, sprint_id) VALUES (130, '2013-09-06 00:00:00', '60_1378400400000_1378456544191.mp4', 60);
INSERT INTO meeting_video (id, meeting_date, video_file_name, sprint_id) VALUES (132, '2013-09-09 00:00:00', '60_1378659600000_1378701362034.mp4', 60);
INSERT INTO meeting_video (id, meeting_date, video_file_name, sprint_id) VALUES (133, '2013-09-11 00:00:00', '60_1378832400000_1378882827577.mp4', 60);
INSERT INTO meeting_video (id, meeting_date, video_file_name, sprint_id) VALUES (380, '2013-09-12 00:00:00', '60_1378918800000_1378974024873.mp4', 60);
INSERT INTO meeting_video (id, meeting_date, video_file_name, sprint_id) VALUES (1200, '2013-09-13 00:00:00', '60_1379005200000_1379384122486.mp4', 60);
INSERT INTO meeting_video (id, meeting_date, video_file_name, sprint_id) VALUES (1201, '2013-09-16 00:00:00', '60_1379264400000_1379384145316.mp4', 60);
INSERT INTO meeting_video (id, meeting_date, video_file_name, sprint_id) VALUES (1202, '2013-09-19 00:00:00', '1210_1379523600000_1379559761942.mp4', 1210);
INSERT INTO meeting_video (id, meeting_date, video_file_name, sprint_id) VALUES (1203, '2013-09-20 00:00:00', '1210_1379610000000_1379651377311.mp4', 1210);
INSERT INTO meeting_video (id, meeting_date, video_file_name, sprint_id) VALUES (1204, '2013-09-23 00:00:00', '1210_1379869200000_1380020068302.mp4', 1210);
INSERT INTO meeting_video (id, meeting_date, video_file_name, sprint_id) VALUES (1205, '2013-09-24 00:00:00', '1210_1379955600000_1380020085952.mp4', 1210);
INSERT INTO meeting_video (id, meeting_date, video_file_name, sprint_id) VALUES (2340, '2013-10-02 00:00:00', '1810_1380646800000_1381484897384.mp4', 1810);
INSERT INTO meeting_video (id, meeting_date, video_file_name, sprint_id) VALUES (3250, '2013-10-16 00:00:00', '2552_1381856400000_1383012705963.mp4', 2552);


--
-- TOC entry 2070 (class 0 OID 201062)
-- Dependencies: 176
-- Data for Name: role; Type: TABLE DATA; Schema: myagile; Owner: postgres
--

INSERT INTO role (id, authority) VALUES (1, 'ROLE_USER');



--
-- TOC entry 2066 (class 0 OID 201044)
-- Dependencies: 172
-- Data for Name: memberrole; Type: TABLE DATA; Schema: myagile; Owner: postgres
--


INSERT INTO memberrole (member_id, role_id) VALUES (1, 1);
INSERT INTO memberrole (member_id, role_id) VALUES (2, 1);
INSERT INTO memberrole (member_id, role_id) VALUES (3, 1);
INSERT INTO memberrole (member_id, role_id) VALUES (4, 1);
INSERT INTO memberrole (member_id, role_id) VALUES (5, 1);
INSERT INTO memberrole (member_id, role_id) VALUES (6, 1);
INSERT INTO memberrole (member_id, role_id) VALUES (7, 1);
INSERT INTO memberrole (member_id, role_id) VALUES (8, 1);
INSERT INTO memberrole (member_id, role_id) VALUES (9, 1);
INSERT INTO memberrole (member_id, role_id) VALUES (10, 1);
INSERT INTO memberrole (member_id, role_id) VALUES (11, 1);
INSERT INTO memberrole (member_id, role_id) VALUES (12, 1);
INSERT INTO memberrole (member_id, role_id) VALUES (21, 1);


INSERT INTO memberrole (role_id, member_id) VALUES (1, 16);
INSERT INTO memberrole (role_id, member_id) VALUES (1, 17);
INSERT INTO memberrole (role_id, member_id) VALUES (1, 18);
INSERT INTO memberrole (role_id, member_id) VALUES (1, 19);
INSERT INTO memberrole (role_id, member_id) VALUES (1, 20);
INSERT INTO memberrole (role_id, member_id) VALUES (1, 22);


--
-- TOC entry 2067 (class 0 OID 201047)
-- Dependencies: 173
-- Data for Name: point_remain; Type: TABLE DATA; Schema: myagile; Owner: postgres
--

INSERT INTO point_remain (id, date_update, point_remain, issue_id) VALUES (430, '2013-09-05 00:00:00', 'D3T1', 83);
INSERT INTO point_remain (id, date_update, point_remain, issue_id) VALUES (431, '2013-09-05 00:00:00', 'D8T2', 54);
INSERT INTO point_remain (id, date_update, point_remain, issue_id) VALUES (438, '2013-09-05 00:00:00', 'D8T2', 51);
INSERT INTO point_remain (id, date_update, point_remain, issue_id) VALUES (439, '2013-09-05 00:00:00', 'D5T1', 53);
INSERT INTO point_remain (id, date_update, point_remain, issue_id) VALUES (443, '2013-09-05 00:00:00', 'D8T2', 52);
INSERT INTO point_remain (id, date_update, point_remain, issue_id) VALUES (436, '2013-09-05 00:00:00', 'D1T1', 84);
INSERT INTO point_remain (id, date_update, point_remain, issue_id) VALUES (437, '2013-09-05 00:00:00', 'D0T1', 82);
INSERT INTO point_remain (id, date_update, point_remain, issue_id) VALUES (434, '2013-09-05 00:00:00', 'D2T1', 80);
INSERT INTO point_remain (id, date_update, point_remain, issue_id) VALUES (433, '2013-09-05 00:00:00', 'D2T1', 59);
INSERT INTO point_remain (id, date_update, point_remain, issue_id) VALUES (432, '2013-09-05 00:00:00', 'D3.5T2', 58);
INSERT INTO point_remain (id, date_update, point_remain, issue_id) VALUES (441, '2013-09-05 00:00:00', 'D0T0', 57);
INSERT INTO point_remain (id, date_update, point_remain, issue_id) VALUES (435, '2013-09-05 00:00:00', 'D2T1', 81);
INSERT INTO point_remain (id, date_update, point_remain, issue_id) VALUES (442, '2013-09-05 00:00:00', 'D0T0', 55);
INSERT INTO point_remain (id, date_update, point_remain, issue_id) VALUES (440, '2013-09-05 00:00:00', 'D4T1', 56);
INSERT INTO point_remain (id, date_update, point_remain, issue_id) VALUES (67, '2013-09-04 00:00:00', 'D8T2', 51);
INSERT INTO point_remain (id, date_update, point_remain, issue_id) VALUES (68, '2013-09-04 00:00:00', 'D8T2', 52);
INSERT INTO point_remain (id, date_update, point_remain, issue_id) VALUES (69, '2013-09-04 00:00:00', 'D5T1', 53);
INSERT INTO point_remain (id, date_update, point_remain, issue_id) VALUES (70, '2013-09-04 00:00:00', 'D8T2', 54);
INSERT INTO point_remain (id, date_update, point_remain, issue_id) VALUES (71, '2013-09-04 00:00:00', 'D1T0', 55);
INSERT INTO point_remain (id, date_update, point_remain, issue_id) VALUES (72, '2013-09-04 00:00:00', 'D5T1', 56);
INSERT INTO point_remain (id, date_update, point_remain, issue_id) VALUES (73, '2013-09-04 00:00:00', 'D2T0', 57);
INSERT INTO point_remain (id, date_update, point_remain, issue_id) VALUES (74, '2013-09-04 00:00:00', 'D5T2', 58);
INSERT INTO point_remain (id, date_update, point_remain, issue_id) VALUES (75, '2013-09-04 00:00:00', 'D5T1', 59);
INSERT INTO point_remain (id, date_update, point_remain, issue_id) VALUES (76, '2013-09-04 00:00:00', 'D5T1', 80);
INSERT INTO point_remain (id, date_update, point_remain, issue_id) VALUES (77, '2013-09-04 00:00:00', 'D5T1', 81);
INSERT INTO point_remain (id, date_update, point_remain, issue_id) VALUES (78, '2013-09-04 00:00:00', 'D3T1', 82);
INSERT INTO point_remain (id, date_update, point_remain, issue_id) VALUES (79, '2013-09-04 00:00:00', 'D5T1', 83);
INSERT INTO point_remain (id, date_update, point_remain, issue_id) VALUES (80, '2013-09-04 00:00:00', 'D5T1', 84);
INSERT INTO point_remain (id, date_update, point_remain, issue_id) VALUES (445, '2013-09-06 00:00:00', 'D0T1', 84);
INSERT INTO point_remain (id, date_update, point_remain, issue_id) VALUES (447, '2013-09-06 00:00:00', 'D0T1', 80);
INSERT INTO point_remain (id, date_update, point_remain, issue_id) VALUES (446, '2013-09-06 00:00:00', 'D0T1', 59);
INSERT INTO point_remain (id, date_update, point_remain, issue_id) VALUES (490, '2013-09-06 00:00:00', 'D2.5T2', 58);
INSERT INTO point_remain (id, date_update, point_remain, issue_id) VALUES (449, '2013-09-06 00:00:00', 'D6.5T2', 54);
INSERT INTO point_remain (id, date_update, point_remain, issue_id) VALUES (448, '2013-09-06 00:00:00', 'D0T1', 81);
INSERT INTO point_remain (id, date_update, point_remain, issue_id) VALUES (494, '2013-09-06 00:00:00', 'D4T1', 53);
INSERT INTO point_remain (id, date_update, point_remain, issue_id) VALUES (493, '2013-09-06 00:00:00', 'D6.5T2', 51);
INSERT INTO point_remain (id, date_update, point_remain, issue_id) VALUES (444, '2013-09-06 00:00:00', 'D1T1', 83);
INSERT INTO point_remain (id, date_update, point_remain, issue_id) VALUES (491, '2013-09-06 00:00:00', 'D0T1', 82);
INSERT INTO point_remain (id, date_update, point_remain, issue_id) VALUES (492, '2013-09-06 00:00:00', 'D0T0', 57);
INSERT INTO point_remain (id, date_update, point_remain, issue_id) VALUES (496, '2013-09-06 00:00:00', 'D0T0', 55);
INSERT INTO point_remain (id, date_update, point_remain, issue_id) VALUES (497, '2013-09-06 00:00:00', 'D8T2', 52);
INSERT INTO point_remain (id, date_update, point_remain, issue_id) VALUES (495, '2013-09-06 00:00:00', 'D3.5T1', 56);
INSERT INTO point_remain (id, date_update, point_remain, issue_id) VALUES (498, '2013-09-09 00:00:00', 'D0T1', 83);
INSERT INTO point_remain (id, date_update, point_remain, issue_id) VALUES (540, '2013-09-09 00:00:00', 'D0T1', 59);
INSERT INTO point_remain (id, date_update, point_remain, issue_id) VALUES (541, '2013-09-09 00:00:00', 'D0T1', 80);
INSERT INTO point_remain (id, date_update, point_remain, issue_id) VALUES (542, '2013-09-09 00:00:00', 'D0T1', 81);
INSERT INTO point_remain (id, date_update, point_remain, issue_id) VALUES (545, '2013-09-09 00:00:00', 'D0T1', 82);
INSERT INTO point_remain (id, date_update, point_remain, issue_id) VALUES (546, '2013-09-09 00:00:00', 'D0T0', 57);
INSERT INTO point_remain (id, date_update, point_remain, issue_id) VALUES (550, '2013-09-09 00:00:00', 'D0T0', 55);
INSERT INTO point_remain (id, date_update, point_remain, issue_id) VALUES (551, '2013-09-09 00:00:00', 'D8T2', 52);
INSERT INTO point_remain (id, date_update, point_remain, issue_id) VALUES (547, '2013-09-09 00:00:00', 'D3T1', 56);
INSERT INTO point_remain (id, date_update, point_remain, issue_id) VALUES (548, '2013-09-09 00:00:00', 'D3T1', 53);
INSERT INTO point_remain (id, date_update, point_remain, issue_id) VALUES (499, '2013-09-09 00:00:00', 'D0T0', 84);
INSERT INTO point_remain (id, date_update, point_remain, issue_id) VALUES (544, '2013-09-09 00:00:00', 'D2T2', 58);
INSERT INTO point_remain (id, date_update, point_remain, issue_id) VALUES (543, '2013-09-09 00:00:00', 'D4.5T2', 54);
INSERT INTO point_remain (id, date_update, point_remain, issue_id) VALUES (549, '2013-09-09 00:00:00', 'D3.5T2', 51);
INSERT INTO point_remain (id, date_update, point_remain, issue_id) VALUES (587, '2013-09-11 00:00:00', 'D0T0', 84);
INSERT INTO point_remain (id, date_update, point_remain, issue_id) VALUES (604, '2013-09-11 00:00:00', 'D0T1', 82);
INSERT INTO point_remain (id, date_update, point_remain, issue_id) VALUES (605, '2013-09-11 00:00:00', 'D0T0', 57);
INSERT INTO point_remain (id, date_update, point_remain, issue_id) VALUES (609, '2013-09-11 00:00:00', 'D0T0', 55);
INSERT INTO point_remain (id, date_update, point_remain, issue_id) VALUES (603, '2013-09-11 00:00:00', 'D3T2', 54);
INSERT INTO point_remain (id, date_update, point_remain, issue_id) VALUES (602, '2013-09-11 00:00:00', 'D0T2', 58);
INSERT INTO point_remain (id, date_update, point_remain, issue_id) VALUES (601, '2013-09-11 00:00:00', 'D0T0', 83);
INSERT INTO point_remain (id, date_update, point_remain, issue_id) VALUES (600, '2013-09-11 00:00:00', 'D0T0.5', 81);
INSERT INTO point_remain (id, date_update, point_remain, issue_id) VALUES (608, '2013-09-11 00:00:00', 'D2T1', 53);
INSERT INTO point_remain (id, date_update, point_remain, issue_id) VALUES (588, '2013-09-11 00:00:00', 'D0T0', 59);
INSERT INTO point_remain (id, date_update, point_remain, issue_id) VALUES (586, '2013-09-11 00:00:00', 'D4T2', 52);
INSERT INTO point_remain (id, date_update, point_remain, issue_id) VALUES (606, '2013-09-11 00:00:00', 'D3T2', 51);
INSERT INTO point_remain (id, date_update, point_remain, issue_id) VALUES (607, '2013-09-11 00:00:00', 'D2.5T1', 56);
INSERT INTO point_remain (id, date_update, point_remain, issue_id) VALUES (4, '2013-08-21 00:00:00', 'D5T2', 4);
INSERT INTO point_remain (id, date_update, point_remain, issue_id) VALUES (5, '2013-08-21 00:00:00', 'D3T1', 5);
INSERT INTO point_remain (id, date_update, point_remain, issue_id) VALUES (6, '2013-08-21 00:00:00', 'D3T1', 6);
INSERT INTO point_remain (id, date_update, point_remain, issue_id) VALUES (7, '2013-08-21 00:00:00', 'D5T1', 7);
INSERT INTO point_remain (id, date_update, point_remain, issue_id) VALUES (8, '2013-08-21 00:00:00', 'D1T1', 8);
INSERT INTO point_remain (id, date_update, point_remain, issue_id) VALUES (9, '2013-08-21 00:00:00', 'D8T1', 9);
INSERT INTO point_remain (id, date_update, point_remain, issue_id) VALUES (10, '2013-08-21 00:00:00', 'D3T1', 10);
INSERT INTO point_remain (id, date_update, point_remain, issue_id) VALUES (11, '2013-08-21 00:00:00', 'D3T0', 11);
INSERT INTO point_remain (id, date_update, point_remain, issue_id) VALUES (12, '2013-08-21 00:00:00', 'D5T0', 12);
INSERT INTO point_remain (id, date_update, point_remain, issue_id) VALUES (13, '2013-08-21 00:00:00', 'D3T1', 13);
INSERT INTO point_remain (id, date_update, point_remain, issue_id) VALUES (14, '2013-08-21 00:00:00', 'D5T2', 14);
INSERT INTO point_remain (id, date_update, point_remain, issue_id) VALUES (15, '2013-08-21 00:00:00', 'D8T3', 15);
INSERT INTO point_remain (id, date_update, point_remain, issue_id) VALUES (16, '2013-08-21 00:00:00', 'D2T1', 16);
INSERT INTO point_remain (id, date_update, point_remain, issue_id) VALUES (17, '2013-08-21 00:00:00', 'D8T3', 17);
INSERT INTO point_remain (id, date_update, point_remain, issue_id) VALUES (18, '2013-08-21 00:00:00', 'D1T1', 18);
INSERT INTO point_remain (id, date_update, point_remain, issue_id) VALUES (684, '2013-09-12 00:00:00', 'D0T0', 83);
INSERT INTO point_remain (id, date_update, point_remain, issue_id) VALUES (689, '2013-09-12 00:00:00', 'D0T0', 59);
INSERT INTO point_remain (id, date_update, point_remain, issue_id) VALUES (690, '2013-09-12 00:00:00', 'D0T0', 84);
INSERT INTO point_remain (id, date_update, point_remain, issue_id) VALUES (691, '2013-09-12 00:00:00', 'D0T0', 57);
INSERT INTO point_remain (id, date_update, point_remain, issue_id) VALUES (826, '2013-08-26 00:00:00', 'D4T3', 17);
INSERT INTO point_remain (id, date_update, point_remain, issue_id) VALUES (827, '2013-08-26 00:00:00', 'D5T0', 12);
INSERT INTO point_remain (id, date_update, point_remain, issue_id) VALUES (828, '2013-08-26 00:00:00', 'D1T1', 18);
INSERT INTO point_remain (id, date_update, point_remain, issue_id) VALUES (852, '2013-08-26 00:00:00', 'D2T1', 16);
INSERT INTO point_remain (id, date_update, point_remain, issue_id) VALUES (853, '2013-08-26 00:00:00', 'D8T3', 15);
INSERT INTO point_remain (id, date_update, point_remain, issue_id) VALUES (856, '2013-08-26 00:00:00', 'D0T1', 1);
INSERT INTO point_remain (id, date_update, point_remain, issue_id) VALUES (858, '2013-08-26 00:00:00', 'D0T1', 3);
INSERT INTO point_remain (id, date_update, point_remain, issue_id) VALUES (859, '2013-08-26 00:00:00', 'D0T1', 2);
INSERT INTO point_remain (id, date_update, point_remain, issue_id) VALUES (860, '2013-08-26 00:00:00', 'D0T0', 11);
INSERT INTO point_remain (id, date_update, point_remain, issue_id) VALUES (861, '2013-08-26 00:00:00', 'D0T1', 8);
INSERT INTO point_remain (id, date_update, point_remain, issue_id) VALUES (862, '2013-08-26 00:00:00', 'D0T2', 4);
INSERT INTO point_remain (id, date_update, point_remain, issue_id) VALUES (863, '2013-08-26 00:00:00', 'D0T1', 10);
INSERT INTO point_remain (id, date_update, point_remain, issue_id) VALUES (692, '2013-09-12 00:00:00', 'D0T0.5', 82);
INSERT INTO point_remain (id, date_update, point_remain, issue_id) VALUES (693, '2013-09-12 00:00:00', 'D0T2', 54);
INSERT INTO point_remain (id, date_update, point_remain, issue_id) VALUES (694, '2013-09-12 00:00:00', 'D1T1', 630);
INSERT INTO point_remain (id, date_update, point_remain, issue_id) VALUES (850, '2013-08-26 00:00:00', 'D7T1', 9);
INSERT INTO point_remain (id, date_update, point_remain, issue_id) VALUES (829, '2013-08-26 00:00:00', 'D2T1', 13);
INSERT INTO point_remain (id, date_update, point_remain, issue_id) VALUES (854, '2013-08-26 00:00:00', 'D4.5T2', 14);
INSERT INTO point_remain (id, date_update, point_remain, issue_id) VALUES (855, '2013-08-26 00:00:00', 'D0T1', 7);
INSERT INTO point_remain (id, date_update, point_remain, issue_id) VALUES (857, '2013-08-26 00:00:00', 'D0T0.5', 5);
INSERT INTO point_remain (id, date_update, point_remain, issue_id) VALUES (680, '2013-09-12 00:00:00', 'D2T2', 52);
INSERT INTO point_remain (id, date_update, point_remain, issue_id) VALUES (681, '2013-09-12 00:00:00', 'D0T0', 55);
INSERT INTO point_remain (id, date_update, point_remain, issue_id) VALUES (682, '2013-09-12 00:00:00', 'D0T0', 81);
INSERT INTO point_remain (id, date_update, point_remain, issue_id) VALUES (864, '2013-08-27 00:00:00', 'D3T3', 17);
INSERT INTO point_remain (id, date_update, point_remain, issue_id) VALUES (750, '2013-08-22 00:00:00', 'D7T3', 17);
INSERT INTO point_remain (id, date_update, point_remain, issue_id) VALUES (752, '2013-08-22 00:00:00', 'D8T3', 15);
INSERT INTO point_remain (id, date_update, point_remain, issue_id) VALUES (753, '2013-08-22 00:00:00', 'D8T1', 9);
INSERT INTO point_remain (id, date_update, point_remain, issue_id) VALUES (754, '2013-08-22 00:00:00', 'D2T1', 16);
INSERT INTO point_remain (id, date_update, point_remain, issue_id) VALUES (756, '2013-08-22 00:00:00', 'D3T1', 6);
INSERT INTO point_remain (id, date_update, point_remain, issue_id) VALUES (757, '2013-08-22 00:00:00', 'D3T1', 13);
INSERT INTO point_remain (id, date_update, point_remain, issue_id) VALUES (758, '2013-08-22 00:00:00', 'D1T1', 18);
INSERT INTO point_remain (id, date_update, point_remain, issue_id) VALUES (760, '2013-08-22 00:00:00', 'D5T0', 12);
INSERT INTO point_remain (id, date_update, point_remain, issue_id) VALUES (762, '2013-08-22 00:00:00', 'D5T2', 14);
INSERT INTO point_remain (id, date_update, point_remain, issue_id) VALUES (765, '2013-08-22 00:00:00', 'D0.5T1', 1);
INSERT INTO point_remain (id, date_update, point_remain, issue_id) VALUES (766, '2013-08-22 00:00:00', 'D2T1', 5);
INSERT INTO point_remain (id, date_update, point_remain, issue_id) VALUES (763, '2013-08-22 00:00:00', 'D0.5T1', 3);
INSERT INTO point_remain (id, date_update, point_remain, issue_id) VALUES (764, '2013-08-22 00:00:00', 'D0.5T1', 2);
INSERT INTO point_remain (id, date_update, point_remain, issue_id) VALUES (751, '2013-08-22 00:00:00', 'D3T1', 7);
INSERT INTO point_remain (id, date_update, point_remain, issue_id) VALUES (761, '2013-08-22 00:00:00', 'D2T1', 10);
INSERT INTO point_remain (id, date_update, point_remain, issue_id) VALUES (755, '2013-08-22 00:00:00', 'D0.5T1', 8);
INSERT INTO point_remain (id, date_update, point_remain, issue_id) VALUES (767, '2013-08-22 00:00:00', 'D4T2', 4);
INSERT INTO point_remain (id, date_update, point_remain, issue_id) VALUES (759, '2013-08-22 00:00:00', 'D2T0', 11);
INSERT INTO point_remain (id, date_update, point_remain, issue_id) VALUES (825, '2013-08-23 00:00:00', 'D0T1', 10);
INSERT INTO point_remain (id, date_update, point_remain, issue_id) VALUES (650, '2013-09-11 00:00:00', 'D2T1', 630);
INSERT INTO point_remain (id, date_update, point_remain, issue_id) VALUES (651, '2013-09-11 00:00:00', 'D3T1', 631);
INSERT INTO point_remain (id, date_update, point_remain, issue_id) VALUES (688, '2013-09-12 00:00:00', 'D0T0', 80);
INSERT INTO point_remain (id, date_update, point_remain, issue_id) VALUES (851, '2013-08-26 00:00:00', 'D2T1', 6);
INSERT INTO point_remain (id, date_update, point_remain, issue_id) VALUES (866, '2013-08-27 00:00:00', 'D1T1', 18);
INSERT INTO point_remain (id, date_update, point_remain, issue_id) VALUES (867, '2013-08-27 00:00:00', 'D2T1', 16);
INSERT INTO point_remain (id, date_update, point_remain, issue_id) VALUES (695, '2013-09-12 00:00:00', 'D2T1', 631);
INSERT INTO point_remain (id, date_update, point_remain, issue_id) VALUES (696, '2013-09-12 00:00:00', 'D0T0', 632);
INSERT INTO point_remain (id, date_update, point_remain, issue_id) VALUES (868, '2013-08-27 00:00:00', 'D8T3', 15);
INSERT INTO point_remain (id, date_update, point_remain, issue_id) VALUES (1, '2013-08-21 00:00:00', 'D1T1', 1);
INSERT INTO point_remain (id, date_update, point_remain, issue_id) VALUES (2, '2013-08-21 00:00:00', 'D1T1', 2);
INSERT INTO point_remain (id, date_update, point_remain, issue_id) VALUES (3, '2013-08-21 00:00:00', 'D1T1', 3);
INSERT INTO point_remain (id, date_update, point_remain, issue_id) VALUES (910, '2013-08-27 00:00:00', 'D0T1', 1);
INSERT INTO point_remain (id, date_update, point_remain, issue_id) VALUES (911, '2013-08-27 00:00:00', 'D0T1', 3);
INSERT INTO point_remain (id, date_update, point_remain, issue_id) VALUES (912, '2013-08-27 00:00:00', 'D0T1', 2);
INSERT INTO point_remain (id, date_update, point_remain, issue_id) VALUES (913, '2013-08-27 00:00:00', 'D0T0', 11);
INSERT INTO point_remain (id, date_update, point_remain, issue_id) VALUES (914, '2013-08-27 00:00:00', 'D0T1', 8);
INSERT INTO point_remain (id, date_update, point_remain, issue_id) VALUES (915, '2013-08-27 00:00:00', 'D0T2', 4);
INSERT INTO point_remain (id, date_update, point_remain, issue_id) VALUES (921, '2013-08-27 00:00:00', 'D0T1', 10);
INSERT INTO point_remain (id, date_update, point_remain, issue_id) VALUES (869, '2013-08-27 00:00:00', 'D0T0', 7);
INSERT INTO point_remain (id, date_update, point_remain, issue_id) VALUES (918, '2013-08-27 00:00:00', 'D1T1', 13);
INSERT INTO point_remain (id, date_update, point_remain, issue_id) VALUES (919, '2013-08-27 00:00:00', 'D3.5T2', 14);
INSERT INTO point_remain (id, date_update, point_remain, issue_id) VALUES (916, '2013-08-27 00:00:00', 'D0T0', 5);
INSERT INTO point_remain (id, date_update, point_remain, issue_id) VALUES (920, '2013-08-27 00:00:00', 'D0T1', 6);
INSERT INTO point_remain (id, date_update, point_remain, issue_id) VALUES (917, '2013-08-27 00:00:00', 'D6T1', 9);
INSERT INTO point_remain (id, date_update, point_remain, issue_id) VALUES (865, '2013-08-27 00:00:00', 'D4T0', 12);
INSERT INTO point_remain (id, date_update, point_remain, issue_id) VALUES (768, '2013-08-23 00:00:00', 'D5T3', 17);
INSERT INTO point_remain (id, date_update, point_remain, issue_id) VALUES (769, '2013-08-23 00:00:00', 'D5T0', 12);
INSERT INTO point_remain (id, date_update, point_remain, issue_id) VALUES (810, '2013-08-23 00:00:00', 'D1T1', 18);
INSERT INTO point_remain (id, date_update, point_remain, issue_id) VALUES (811, '2013-08-23 00:00:00', 'D3T1', 13);
INSERT INTO point_remain (id, date_update, point_remain, issue_id) VALUES (812, '2013-08-23 00:00:00', 'D8T1', 9);
INSERT INTO point_remain (id, date_update, point_remain, issue_id) VALUES (813, '2013-08-23 00:00:00', 'D3T1', 6);
INSERT INTO point_remain (id, date_update, point_remain, issue_id) VALUES (814, '2013-08-23 00:00:00', 'D2T1', 16);
INSERT INTO point_remain (id, date_update, point_remain, issue_id) VALUES (815, '2013-08-23 00:00:00', 'D8T3', 15);
INSERT INTO point_remain (id, date_update, point_remain, issue_id) VALUES (816, '2013-08-23 00:00:00', 'D5T2', 14);
INSERT INTO point_remain (id, date_update, point_remain, issue_id) VALUES (817, '2013-08-23 00:00:00', 'D0T1', 1);
INSERT INTO point_remain (id, date_update, point_remain, issue_id) VALUES (818, '2013-08-23 00:00:00', 'D0T1', 5);
INSERT INTO point_remain (id, date_update, point_remain, issue_id) VALUES (819, '2013-08-23 00:00:00', 'D0T1', 3);
INSERT INTO point_remain (id, date_update, point_remain, issue_id) VALUES (820, '2013-08-23 00:00:00', 'D0T1', 2);
INSERT INTO point_remain (id, date_update, point_remain, issue_id) VALUES (821, '2013-08-23 00:00:00', 'D1T1', 7);
INSERT INTO point_remain (id, date_update, point_remain, issue_id) VALUES (822, '2013-08-23 00:00:00', 'D0T1', 8);
INSERT INTO point_remain (id, date_update, point_remain, issue_id) VALUES (823, '2013-08-23 00:00:00', 'D0T2', 4);
INSERT INTO point_remain (id, date_update, point_remain, issue_id) VALUES (824, '2013-08-23 00:00:00', 'D0T0', 11);
INSERT INTO point_remain (id, date_update, point_remain, issue_id) VALUES (985, '2013-08-29 00:00:00', 'D3T1', 9);
INSERT INTO point_remain (id, date_update, point_remain, issue_id) VALUES (922, '2013-08-28 00:00:00', 'D2T3', 17);
INSERT INTO point_remain (id, date_update, point_remain, issue_id) VALUES (923, '2013-08-28 00:00:00', 'D1T1', 18);
INSERT INTO point_remain (id, date_update, point_remain, issue_id) VALUES (924, '2013-08-28 00:00:00', 'D2T1', 16);
INSERT INTO point_remain (id, date_update, point_remain, issue_id) VALUES (925, '2013-08-28 00:00:00', 'D8T3', 15);
INSERT INTO point_remain (id, date_update, point_remain, issue_id) VALUES (926, '2013-08-28 00:00:00', 'D0T0', 7);
INSERT INTO point_remain (id, date_update, point_remain, issue_id) VALUES (950, '2013-08-28 00:00:00', 'D0T1', 2);
INSERT INTO point_remain (id, date_update, point_remain, issue_id) VALUES (951, '2013-08-28 00:00:00', 'D0T0', 11);
INSERT INTO point_remain (id, date_update, point_remain, issue_id) VALUES (952, '2013-08-28 00:00:00', 'D0T1', 8);
INSERT INTO point_remain (id, date_update, point_remain, issue_id) VALUES (953, '2013-08-28 00:00:00', 'D0T2', 4);
INSERT INTO point_remain (id, date_update, point_remain, issue_id) VALUES (954, '2013-08-28 00:00:00', 'D0T0', 5);
INSERT INTO point_remain (id, date_update, point_remain, issue_id) VALUES (957, '2013-08-28 00:00:00', 'D0T1', 6);
INSERT INTO point_remain (id, date_update, point_remain, issue_id) VALUES (928, '2013-08-28 00:00:00', 'D4T1', 9);
INSERT INTO point_remain (id, date_update, point_remain, issue_id) VALUES (955, '2013-08-28 00:00:00', 'D0.5T1', 13);
INSERT INTO point_remain (id, date_update, point_remain, issue_id) VALUES (956, '2013-08-28 00:00:00', 'D2T2', 14);
INSERT INTO point_remain (id, date_update, point_remain, issue_id) VALUES (958, '2013-08-28 00:00:00', 'D3T0', 12);
INSERT INTO point_remain (id, date_update, point_remain, issue_id) VALUES (927, '2013-08-28 00:00:00', 'D0T0', 1);
INSERT INTO point_remain (id, date_update, point_remain, issue_id) VALUES (929, '2013-08-28 00:00:00', 'D0T0', 3);
INSERT INTO point_remain (id, date_update, point_remain, issue_id) VALUES (959, '2013-08-28 00:00:00', 'D0T0', 10);
INSERT INTO point_remain (id, date_update, point_remain, issue_id) VALUES (981, '2013-08-29 00:00:00', 'D0T1', 4);
INSERT INTO point_remain (id, date_update, point_remain, issue_id) VALUES (976, '2013-08-29 00:00:00', 'D0T1', 13);
INSERT INTO point_remain (id, date_update, point_remain, issue_id) VALUES (983, '2013-08-29 00:00:00', 'D1T2', 14);
INSERT INTO point_remain (id, date_update, point_remain, issue_id) VALUES (984, '2013-08-29 00:00:00', 'D2.5T0', 12);
INSERT INTO point_remain (id, date_update, point_remain, issue_id) VALUES (978, '2013-08-29 00:00:00', 'D0T0', 2);
INSERT INTO point_remain (id, date_update, point_remain, issue_id) VALUES (980, '2013-08-29 00:00:00', 'D0T0', 8);
INSERT INTO point_remain (id, date_update, point_remain, issue_id) VALUES (970, '2013-08-29 00:00:00', 'D0T3', 17);
INSERT INTO point_remain (id, date_update, point_remain, issue_id) VALUES (971, '2013-08-29 00:00:00', 'D1T1', 18);
INSERT INTO point_remain (id, date_update, point_remain, issue_id) VALUES (972, '2013-08-29 00:00:00', 'D2T1', 16);
INSERT INTO point_remain (id, date_update, point_remain, issue_id) VALUES (973, '2013-08-29 00:00:00', 'D8T3', 15);
INSERT INTO point_remain (id, date_update, point_remain, issue_id) VALUES (974, '2013-08-29 00:00:00', 'D0T0', 7);
INSERT INTO point_remain (id, date_update, point_remain, issue_id) VALUES (975, '2013-08-29 00:00:00', 'D0T0', 1);
INSERT INTO point_remain (id, date_update, point_remain, issue_id) VALUES (977, '2013-08-29 00:00:00', 'D0T0', 3);
INSERT INTO point_remain (id, date_update, point_remain, issue_id) VALUES (979, '2013-08-29 00:00:00', 'D0T0', 11);
INSERT INTO point_remain (id, date_update, point_remain, issue_id) VALUES (982, '2013-08-29 00:00:00', 'D0T0', 5);
INSERT INTO point_remain (id, date_update, point_remain, issue_id) VALUES (986, '2013-08-29 00:00:00', 'D0T1', 6);
INSERT INTO point_remain (id, date_update, point_remain, issue_id) VALUES (987, '2013-08-29 00:00:00', 'D0T0', 10);
INSERT INTO point_remain (id, date_update, point_remain, issue_id) VALUES (683, '2013-09-12 00:00:00', 'D0T0', 58);
INSERT INTO point_remain (id, date_update, point_remain, issue_id) VALUES (685, '2013-09-12 00:00:00', 'D2T1', 56);
INSERT INTO point_remain (id, date_update, point_remain, issue_id) VALUES (686, '2013-09-12 00:00:00', 'D0.5T1', 53);
INSERT INTO point_remain (id, date_update, point_remain, issue_id) VALUES (687, '2013-09-12 00:00:00', 'D1.5T2', 51);
INSERT INTO point_remain (id, date_update, point_remain, issue_id) VALUES (988, '2013-08-30 00:00:00', 'D1T1', 16);
INSERT INTO point_remain (id, date_update, point_remain, issue_id) VALUES (1010, '2013-08-30 00:00:00', 'D8T3', 15);
INSERT INTO point_remain (id, date_update, point_remain, issue_id) VALUES (1011, '2013-08-30 00:00:00', 'D0T0', 7);
INSERT INTO point_remain (id, date_update, point_remain, issue_id) VALUES (1012, '2013-08-30 00:00:00', 'D0T0', 1);
INSERT INTO point_remain (id, date_update, point_remain, issue_id) VALUES (1014, '2013-08-30 00:00:00', 'D0T0', 3);
INSERT INTO point_remain (id, date_update, point_remain, issue_id) VALUES (1015, '2013-08-30 00:00:00', 'D0T0', 2);
INSERT INTO point_remain (id, date_update, point_remain, issue_id) VALUES (1016, '2013-08-30 00:00:00', 'D0T0', 11);
INSERT INTO point_remain (id, date_update, point_remain, issue_id) VALUES (1017, '2013-08-30 00:00:00', 'D0T0', 8);
INSERT INTO point_remain (id, date_update, point_remain, issue_id) VALUES (1019, '2013-08-30 00:00:00', 'D0T0', 5);
INSERT INTO point_remain (id, date_update, point_remain, issue_id) VALUES (1024, '2013-08-30 00:00:00', 'D0T0', 10);
INSERT INTO point_remain (id, date_update, point_remain, issue_id) VALUES (1023, '2013-08-30 00:00:00', 'D0T1', 9);
INSERT INTO point_remain (id, date_update, point_remain, issue_id) VALUES (1021, '2013-08-30 00:00:00', 'D0T0', 4);
INSERT INTO point_remain (id, date_update, point_remain, issue_id) VALUES (1025, '2013-08-30 00:00:00', 'D0T1.5', 17);
INSERT INTO point_remain (id, date_update, point_remain, issue_id) VALUES (1018, '2013-08-30 00:00:00', 'D0T2', 14);
INSERT INTO point_remain (id, date_update, point_remain, issue_id) VALUES (1020, '2013-08-30 00:00:00', 'D0T0', 12);
INSERT INTO point_remain (id, date_update, point_remain, issue_id) VALUES (1022, '2013-08-30 00:00:00', 'D0T0', 6);
INSERT INTO point_remain (id, date_update, point_remain, issue_id) VALUES (989, '2013-08-30 00:00:00', 'D0T1', 18);
INSERT INTO point_remain (id, date_update, point_remain, issue_id) VALUES (1013, '2013-08-30 00:00:00', 'D0T0', 13);
INSERT INTO point_remain (id, date_update, point_remain, issue_id) VALUES (1081, '2013-09-03 00:00:00', 'D0T0', 17);
INSERT INTO point_remain (id, date_update, point_remain, issue_id) VALUES (1082, '2013-09-03 00:00:00', 'D0T0', 7);
INSERT INTO point_remain (id, date_update, point_remain, issue_id) VALUES (1083, '2013-09-03 00:00:00', 'D0T0', 1);
INSERT INTO point_remain (id, date_update, point_remain, issue_id) VALUES (1084, '2013-09-03 00:00:00', 'D0T0', 13);
INSERT INTO point_remain (id, date_update, point_remain, issue_id) VALUES (1085, '2013-09-03 00:00:00', 'D0T0', 3);
INSERT INTO point_remain (id, date_update, point_remain, issue_id) VALUES (1086, '2013-09-03 00:00:00', 'D0T0', 2);
INSERT INTO point_remain (id, date_update, point_remain, issue_id) VALUES (1087, '2013-09-03 00:00:00', 'D0T0', 11);
INSERT INTO point_remain (id, date_update, point_remain, issue_id) VALUES (1088, '2013-09-03 00:00:00', 'D0T0', 8);
INSERT INTO point_remain (id, date_update, point_remain, issue_id) VALUES (1089, '2013-09-03 00:00:00', 'D0T0', 14);
INSERT INTO point_remain (id, date_update, point_remain, issue_id) VALUES (1090, '2013-09-03 00:00:00', 'D0T0', 5);
INSERT INTO point_remain (id, date_update, point_remain, issue_id) VALUES (1091, '2013-09-03 00:00:00', 'D0T0', 12);
INSERT INTO point_remain (id, date_update, point_remain, issue_id) VALUES (1092, '2013-09-03 00:00:00', 'D0T0', 18);
INSERT INTO point_remain (id, date_update, point_remain, issue_id) VALUES (1093, '2013-09-03 00:00:00', 'D0T0', 4);
INSERT INTO point_remain (id, date_update, point_remain, issue_id) VALUES (1094, '2013-09-03 00:00:00', 'D0T0', 6);
INSERT INTO point_remain (id, date_update, point_remain, issue_id) VALUES (1095, '2013-09-03 00:00:00', 'D0T0', 9);
INSERT INTO point_remain (id, date_update, point_remain, issue_id) VALUES (1096, '2013-09-03 00:00:00', 'D0T0', 16);
INSERT INTO point_remain (id, date_update, point_remain, issue_id) VALUES (1097, '2013-09-03 00:00:00', 'D8T3', 15);
INSERT INTO point_remain (id, date_update, point_remain, issue_id) VALUES (1098, '2013-09-03 00:00:00', 'D0T0', 10);
INSERT INTO point_remain (id, date_update, point_remain, issue_id) VALUES (1100, '2013-09-13 00:00:00', 'D0.5T2', 52);
INSERT INTO point_remain (id, date_update, point_remain, issue_id) VALUES (1101, '2013-09-13 00:00:00', 'D0T0', 83);
INSERT INTO point_remain (id, date_update, point_remain, issue_id) VALUES (1102, '2013-09-13 00:00:00', 'D0T0', 632);
INSERT INTO point_remain (id, date_update, point_remain, issue_id) VALUES (1103, '2013-09-13 00:00:00', 'D0T2', 54);
INSERT INTO point_remain (id, date_update, point_remain, issue_id) VALUES (1104, '2013-09-13 00:00:00', 'D0T0', 58);
INSERT INTO point_remain (id, date_update, point_remain, issue_id) VALUES (1107, '2013-09-13 00:00:00', 'D0T0', 59);
INSERT INTO point_remain (id, date_update, point_remain, issue_id) VALUES (1109, '2013-09-13 00:00:00', 'D0T0', 81);
INSERT INTO point_remain (id, date_update, point_remain, issue_id) VALUES (1110, '2013-09-13 00:00:00', 'D0T0', 84);
INSERT INTO point_remain (id, date_update, point_remain, issue_id) VALUES (1113, '2013-09-13 00:00:00', 'D0T0', 57);
INSERT INTO point_remain (id, date_update, point_remain, issue_id) VALUES (1116, '2013-09-13 00:00:00', 'D0T0', 55);
INSERT INTO point_remain (id, date_update, point_remain, issue_id) VALUES (1112, '2013-09-13 00:00:00', 'D1T2', 51);
INSERT INTO point_remain (id, date_update, point_remain, issue_id) VALUES (1105, '2013-09-13 00:00:00', 'D1T1', 631);
INSERT INTO point_remain (id, date_update, point_remain, issue_id) VALUES (1114, '2013-09-13 00:00:00', 'D0T0', 82);
INSERT INTO point_remain (id, date_update, point_remain, issue_id) VALUES (1106, '2013-09-13 00:00:00', 'D0T0', 630);
INSERT INTO point_remain (id, date_update, point_remain, issue_id) VALUES (1111, '2013-09-13 00:00:00', 'D0T1', 53);
INSERT INTO point_remain (id, date_update, point_remain, issue_id) VALUES (1115, '2013-09-13 00:00:00', 'D1T1', 56);
INSERT INTO point_remain (id, date_update, point_remain, issue_id) VALUES (589, '2013-09-11 00:00:00', 'D0T0', 80);
INSERT INTO point_remain (id, date_update, point_remain, issue_id) VALUES (1117, '2013-09-13 00:00:00', 'D1T0', 1120);
INSERT INTO point_remain (id, date_update, point_remain, issue_id) VALUES (1108, '2013-09-13 00:00:00', 'D0T0', 80);
INSERT INTO point_remain (id, date_update, point_remain, issue_id) VALUES (652, '2013-09-11 00:00:00', 'D2T0', 632);
INSERT INTO point_remain (id, date_update, point_remain, issue_id) VALUES (1141, '2013-09-16 12:05:45.207', 'D0T0', 83);
INSERT INTO point_remain (id, date_update, point_remain, issue_id) VALUES (1143, '2013-09-16 12:05:45.207', 'D0T0', 632);
INSERT INTO point_remain (id, date_update, point_remain, issue_id) VALUES (1145, '2013-09-16 12:05:45.208', 'D0T0', 58);
INSERT INTO point_remain (id, date_update, point_remain, issue_id) VALUES (1146, '2013-09-16 12:05:45.208', 'D0T0', 80);
INSERT INTO point_remain (id, date_update, point_remain, issue_id) VALUES (1148, '2013-09-16 12:05:45.208', 'D0T0', 630);
INSERT INTO point_remain (id, date_update, point_remain, issue_id) VALUES (1149, '2013-09-16 12:05:45.208', 'D0T0', 59);
INSERT INTO point_remain (id, date_update, point_remain, issue_id) VALUES (1150, '2013-09-16 12:05:45.208', 'D0T0', 81);
INSERT INTO point_remain (id, date_update, point_remain, issue_id) VALUES (1151, '2013-09-16 12:05:45.208', 'D0T0', 84);
INSERT INTO point_remain (id, date_update, point_remain, issue_id) VALUES (1154, '2013-09-16 12:05:45.208', 'D0T0', 82);
INSERT INTO point_remain (id, date_update, point_remain, issue_id) VALUES (1156, '2013-09-16 12:05:45.209', 'D0T0', 57);
INSERT INTO point_remain (id, date_update, point_remain, issue_id) VALUES (1157, '2013-09-16 12:05:45.209', 'D0T0', 55);
INSERT INTO point_remain (id, date_update, point_remain, issue_id) VALUES (1142, '2013-09-16 12:05:45.207', 'D0T0', 1120);
INSERT INTO point_remain (id, date_update, point_remain, issue_id) VALUES (1153, '2013-09-16 12:05:45.208', 'D0T0', 56);
INSERT INTO point_remain (id, date_update, point_remain, issue_id) VALUES (1144, '2013-09-16 12:05:45.207', 'D0T0', 54);
INSERT INTO point_remain (id, date_update, point_remain, issue_id) VALUES (1147, '2013-09-16 12:05:45.208', 'D0T0', 631);
INSERT INTO point_remain (id, date_update, point_remain, issue_id) VALUES (1152, '2013-09-16 12:05:45.208', 'D0T0', 51);
INSERT INTO point_remain (id, date_update, point_remain, issue_id) VALUES (1140, '2013-09-16 12:05:45.183', 'D0T0', 52);
INSERT INTO point_remain (id, date_update, point_remain, issue_id) VALUES (1155, '2013-09-16 12:05:45.208', 'D0T0', 53);
INSERT INTO point_remain (id, date_update, point_remain, issue_id) VALUES (1260, '2013-09-17 16:03:35.436', 'D0T0', 1234);
INSERT INTO point_remain (id, date_update, point_remain, issue_id) VALUES (1261, '2013-09-17 16:05:18.963', 'D0T0', 1235);
INSERT INTO point_remain (id, date_update, point_remain, issue_id) VALUES (1262, '2013-09-17 16:18:31.685', 'D0T0', 1236);
INSERT INTO point_remain (id, date_update, point_remain, issue_id) VALUES (1263, '2013-09-17 16:25:05.727', 'D0T0', 1238);
INSERT INTO point_remain (id, date_update, point_remain, issue_id) VALUES (1264, '2013-09-17 16:50:30.907', 'D0T0', 1270);
INSERT INTO point_remain (id, date_update, point_remain, issue_id) VALUES (1265, '2013-09-17 16:58:51.879', 'D0T0', 1271);
INSERT INTO point_remain (id, date_update, point_remain, issue_id) VALUES (1266, '2013-09-17 17:00:17.518', 'D0T0', 1272);
INSERT INTO point_remain (id, date_update, point_remain, issue_id) VALUES (1267, '2013-09-17 17:01:34.006', 'D0T0', 1273);
INSERT INTO point_remain (id, date_update, point_remain, issue_id) VALUES (1268, '2013-09-17 17:46:05.647', 'D0T0', 1275);
INSERT INTO point_remain (id, date_update, point_remain, issue_id) VALUES (1269, '2013-09-18 10:49:12.163', 'D1T1', 1277);
INSERT INTO point_remain (id, date_update, point_remain, issue_id) VALUES (1341, '2013-09-18 10:57:47.467', 'D5T2', 1236);
INSERT INTO point_remain (id, date_update, point_remain, issue_id) VALUES (1342, '2013-09-18 10:57:47.467', 'D3T1', 1238);
INSERT INTO point_remain (id, date_update, point_remain, issue_id) VALUES (1343, '2013-09-18 10:57:47.467', 'D3T1', 1270);
INSERT INTO point_remain (id, date_update, point_remain, issue_id) VALUES (1344, '2013-09-18 10:57:47.468', 'D5T2', 1275);
INSERT INTO point_remain (id, date_update, point_remain, issue_id) VALUES (1345, '2013-09-18 10:57:47.468', 'D5T0', 1235);
INSERT INTO point_remain (id, date_update, point_remain, issue_id) VALUES (1346, '2013-09-18 10:57:47.468', 'D5T2', 1271);
INSERT INTO point_remain (id, date_update, point_remain, issue_id) VALUES (1347, '2013-09-18 10:57:47.468', 'D8T3', 1272);
INSERT INTO point_remain (id, date_update, point_remain, issue_id) VALUES (1348, '2013-09-18 10:57:47.469', 'D3T1', 1273);
INSERT INTO point_remain (id, date_update, point_remain, issue_id) VALUES (1349, '2013-09-18 10:57:47.469', 'D5T1', 1231);
INSERT INTO point_remain (id, date_update, point_remain, issue_id) VALUES (1350, '2013-09-18 10:57:47.469', 'D5T1', 1232);
INSERT INTO point_remain (id, date_update, point_remain, issue_id) VALUES (1351, '2013-09-18 10:57:47.469', 'D5T1', 1274);
INSERT INTO point_remain (id, date_update, point_remain, issue_id) VALUES (1340, '2013-09-18 10:57:47.235', 'D5T1', 1234);
INSERT INTO point_remain (id, date_update, point_remain, issue_id) VALUES (1352, '2013-09-19 09:20:26.557', 'D4T1', 1232);
INSERT INTO point_remain (id, date_update, point_remain, issue_id) VALUES (1355, '2013-09-19 09:20:26.824', 'D3T1', 1270);
INSERT INTO point_remain (id, date_update, point_remain, issue_id) VALUES (1358, '2013-09-19 09:20:26.824', 'D5T0', 1235);
INSERT INTO point_remain (id, date_update, point_remain, issue_id) VALUES (1420, '2013-09-19 09:20:26.825', 'D3T1', 1273);
INSERT INTO point_remain (id, date_update, point_remain, issue_id) VALUES (1424, '2013-09-19 09:20:26.825', 'D3T1', 1231);
INSERT INTO point_remain (id, date_update, point_remain, issue_id) VALUES (1353, '2013-09-19 09:20:26.824', 'D3T2', 1236);
INSERT INTO point_remain (id, date_update, point_remain, issue_id) VALUES (1356, '2013-09-19 09:20:26.824', 'D4T2', 1275);
INSERT INTO point_remain (id, date_update, point_remain, issue_id) VALUES (1421, '2013-09-19 09:20:26.825', 'D7T3', 1272);
INSERT INTO point_remain (id, date_update, point_remain, issue_id) VALUES (1423, '2013-09-19 09:20:26.825', 'D4T1', 1274);
INSERT INTO point_remain (id, date_update, point_remain, issue_id) VALUES (1357, '2013-09-19 09:20:26.824', 'D0T1', 1238);
INSERT INTO point_remain (id, date_update, point_remain, issue_id) VALUES (1359, '2013-09-19 09:20:26.825', 'D0T1', 1277);
INSERT INTO point_remain (id, date_update, point_remain, issue_id) VALUES (1422, '2013-09-19 09:20:26.825', 'D4T2', 1271);
INSERT INTO point_remain (id, date_update, point_remain, issue_id) VALUES (1354, '2013-09-19 09:20:26.824', 'D4T1', 1234);
INSERT INTO point_remain (id, date_update, point_remain, issue_id) VALUES (1426, '2013-09-20 09:19:35.744', 'D0T0', 1238);
INSERT INTO point_remain (id, date_update, point_remain, issue_id) VALUES (1452, '2013-09-20 09:19:36.228', 'D0T1', 1277);
INSERT INTO point_remain (id, date_update, point_remain, issue_id) VALUES (1453, '2013-09-20 09:19:36.228', 'D3T1', 1273);
INSERT INTO point_remain (id, date_update, point_remain, issue_id) VALUES (1429, '2013-09-20 09:19:36.073', 'D2T2', 1275);
INSERT INTO point_remain (id, date_update, point_remain, issue_id) VALUES (1451, '2013-09-20 09:19:36.228', 'D4T0', 1235);
INSERT INTO point_remain (id, date_update, point_remain, issue_id) VALUES (1457, '2013-09-20 09:19:36.228', 'D2T1', 1232);
INSERT INTO point_remain (id, date_update, point_remain, issue_id) VALUES (1428, '2013-09-20 09:19:36.073', 'D2T1', 1234);
INSERT INTO point_remain (id, date_update, point_remain, issue_id) VALUES (1456, '2013-09-20 09:19:36.228', 'D0T1', 1231);
INSERT INTO point_remain (id, date_update, point_remain, issue_id) VALUES (1455, '2013-09-20 09:19:36.228', 'D5T3', 1272);
INSERT INTO point_remain (id, date_update, point_remain, issue_id) VALUES (1458, '2013-09-20 09:19:36.228', 'D2T1', 1274);
INSERT INTO point_remain (id, date_update, point_remain, issue_id) VALUES (1427, '2013-09-20 09:19:36.073', 'D0T2', 1236);
INSERT INTO point_remain (id, date_update, point_remain, issue_id) VALUES (1454, '2013-09-20 09:19:36.228', 'D2T2', 1271);
INSERT INTO point_remain (id, date_update, point_remain, issue_id) VALUES (1450, '2013-09-20 09:19:36.073', 'D2T1', 1270);
INSERT INTO point_remain (id, date_update, point_remain, issue_id) VALUES (1471, '2013-09-23 09:22:08.913', 'D0T1', 1274);
INSERT INTO point_remain (id, date_update, point_remain, issue_id) VALUES (1475, '2013-09-23 09:22:10.151', 'D0T0', 1238);
INSERT INTO point_remain (id, date_update, point_remain, issue_id) VALUES (1510, '2013-09-23 09:22:10.151', 'D3T1', 1273);
INSERT INTO point_remain (id, date_update, point_remain, issue_id) VALUES (1512, '2013-09-23 09:22:10.203', 'D0T1', 1231);
INSERT INTO point_remain (id, date_update, point_remain, issue_id) VALUES (1518, '2013-09-24 09:21:32.551', 'D0T1', 1270);
INSERT INTO point_remain (id, date_update, point_remain, issue_id) VALUES (1478, '2013-09-23 09:44:44.021', 'D0T0.5', 1277);
INSERT INTO point_remain (id, date_update, point_remain, issue_id) VALUES (1477, '2013-09-23 09:22:10.151', 'D3T0', 1235);
INSERT INTO point_remain (id, date_update, point_remain, issue_id) VALUES (1479, '2013-09-23 09:22:10.151', 'D3T3', 1272);
INSERT INTO point_remain (id, date_update, point_remain, issue_id) VALUES (1550, '2013-09-24 09:21:32.551', 'D2T0', 1235);
INSERT INTO point_remain (id, date_update, point_remain, issue_id) VALUES (1476, '2013-09-23 09:22:10.151', 'D1T1', 1270);
INSERT INTO point_remain (id, date_update, point_remain, issue_id) VALUES (1474, '2013-09-23 09:22:10.151', 'D1T2', 1275);
INSERT INTO point_remain (id, date_update, point_remain, issue_id) VALUES (1472, '2013-09-23 09:22:10.15', 'D1T1', 1234);
INSERT INTO point_remain (id, date_update, point_remain, issue_id) VALUES (1511, '2013-09-23 09:22:10.203', 'D1T2', 1271);
INSERT INTO point_remain (id, date_update, point_remain, issue_id) VALUES (1473, '2013-09-23 09:22:10.151', 'D0T1', 1236);
INSERT INTO point_remain (id, date_update, point_remain, issue_id) VALUES (1513, '2013-09-23 09:22:10.204', 'D0T1', 1232);
INSERT INTO point_remain (id, date_update, point_remain, issue_id) VALUES (1514, '2013-09-24 09:21:32.305', 'D0T3', 1272);
INSERT INTO point_remain (id, date_update, point_remain, issue_id) VALUES (1516, '2013-09-24 09:21:32.551', 'D0T1', 1236);
INSERT INTO point_remain (id, date_update, point_remain, issue_id) VALUES (1519, '2013-09-24 09:21:32.551', 'D0T0', 1238);
INSERT INTO point_remain (id, date_update, point_remain, issue_id) VALUES (1556, '2013-09-24 09:21:32.567', 'D0T1', 1232);
INSERT INTO point_remain (id, date_update, point_remain, issue_id) VALUES (1517, '2013-09-24 09:21:32.551', 'D0T2', 1275);
INSERT INTO point_remain (id, date_update, point_remain, issue_id) VALUES (1551, '2013-09-24 09:21:32.567', 'D0T0', 1277);
INSERT INTO point_remain (id, date_update, point_remain, issue_id) VALUES (1515, '2013-09-24 09:21:32.551', 'D0T1', 1234);
INSERT INTO point_remain (id, date_update, point_remain, issue_id) VALUES (1552, '2013-09-24 09:21:32.567', 'D2T1', 1273);
INSERT INTO point_remain (id, date_update, point_remain, issue_id) VALUES (1555, '2013-09-24 09:21:32.567', 'D0T0', 1274);
INSERT INTO point_remain (id, date_update, point_remain, issue_id) VALUES (1554, '2013-09-24 09:21:32.567', 'D0T0.5', 1231);
INSERT INTO point_remain (id, date_update, point_remain, issue_id) VALUES (1553, '2013-09-24 09:21:32.567', 'D0T2', 1271);
INSERT INTO point_remain (id, date_update, point_remain, issue_id) VALUES (1557, '2013-09-25 09:27:14.422', 'D0T0.5', 1234);
INSERT INTO point_remain (id, date_update, point_remain, issue_id) VALUES (1600, '2013-09-25 09:27:16.125', 'D0T0', 1238);
INSERT INTO point_remain (id, date_update, point_remain, issue_id) VALUES (1603, '2013-09-25 09:27:16.152', 'D0T0', 1277);
INSERT INTO point_remain (id, date_update, point_remain, issue_id) VALUES (1608, '2013-09-25 09:27:16.152', 'D0T0.5', 1231);
INSERT INTO point_remain (id, date_update, point_remain, issue_id) VALUES (1609, '2013-09-25 09:27:16.152', 'D0T0', 1274);
INSERT INTO point_remain (id, date_update, point_remain, issue_id) VALUES (1606, '2013-09-25 09:27:16.152', 'D0T1', 1271);
INSERT INTO point_remain (id, date_update, point_remain, issue_id) VALUES (1558, '2013-09-25 09:27:16.125', 'D0T0', 1236);
INSERT INTO point_remain (id, date_update, point_remain, issue_id) VALUES (1662, '2013-09-26 09:40:18.333', 'D0T0', 1271);
INSERT INTO point_remain (id, date_update, point_remain, issue_id) VALUES (1601, '2013-09-25 09:27:16.152', 'D0T0', 1270);
INSERT INTO point_remain (id, date_update, point_remain, issue_id) VALUES (1602, '2013-09-25 09:27:16.152', 'D1T0', 1235);
INSERT INTO point_remain (id, date_update, point_remain, issue_id) VALUES (1607, '2013-09-25 09:27:16.152', 'D0T0', 1232);
INSERT INTO point_remain (id, date_update, point_remain, issue_id) VALUES (1559, '2013-09-25 09:27:16.125', 'D0T0', 1275);
INSERT INTO point_remain (id, date_update, point_remain, issue_id) VALUES (1640, '2013-09-25 15:04:44.846', 'D3T1', 1279);
INSERT INTO point_remain (id, date_update, point_remain, issue_id) VALUES (1641, '2013-09-25 15:07:00.213', 'D5T1', 1650);
INSERT INTO point_remain (id, date_update, point_remain, issue_id) VALUES (1605, '2013-09-25 09:27:16.152', 'D0T2', 1272);
INSERT INTO point_remain (id, date_update, point_remain, issue_id) VALUES (1604, '2013-09-25 09:27:16.152', 'D0T1', 1273);
INSERT INTO point_remain (id, date_update, point_remain, issue_id) VALUES (1642, '2013-09-26 09:40:17.873', 'D0T0', 1234);
INSERT INTO point_remain (id, date_update, point_remain, issue_id) VALUES (1643, '2013-09-26 09:40:18.331', 'D0T0', 1236);
INSERT INTO point_remain (id, date_update, point_remain, issue_id) VALUES (1645, '2013-09-26 09:40:18.332', 'D0T0', 1275);
INSERT INTO point_remain (id, date_update, point_remain, issue_id) VALUES (1646, '2013-09-26 09:40:18.332', 'D0T0', 1270);
INSERT INTO point_remain (id, date_update, point_remain, issue_id) VALUES (1647, '2013-09-26 09:40:18.332', 'D0T0', 1238);
INSERT INTO point_remain (id, date_update, point_remain, issue_id) VALUES (1660, '2013-09-26 09:40:18.332', 'D0T0', 1277);
INSERT INTO point_remain (id, date_update, point_remain, issue_id) VALUES (1663, '2013-09-26 09:40:18.333', 'D0T1', 1273);
INSERT INTO point_remain (id, date_update, point_remain, issue_id) VALUES (1664, '2013-09-26 09:40:18.333', 'D0T0', 1232);
INSERT INTO point_remain (id, date_update, point_remain, issue_id) VALUES (1666, '2013-09-26 09:40:18.333', 'D0T0', 1274);
INSERT INTO point_remain (id, date_update, point_remain, issue_id) VALUES (1649, '2013-09-26 09:40:18.332', 'D2T1', 1279);
INSERT INTO point_remain (id, date_update, point_remain, issue_id) VALUES (1644, '2013-09-26 09:40:18.332', 'D4T1', 1650);
INSERT INTO point_remain (id, date_update, point_remain, issue_id) VALUES (1648, '2013-09-26 09:40:18.332', 'D0T0', 1235);
INSERT INTO point_remain (id, date_update, point_remain, issue_id) VALUES (1665, '2013-09-26 09:40:18.333', 'D0T0', 1231);
INSERT INTO point_remain (id, date_update, point_remain, issue_id) VALUES (1661, '2013-09-26 09:40:18.333', 'D0T1', 1272);
INSERT INTO point_remain (id, date_update, point_remain, issue_id) VALUES (1667, '2013-09-27 09:22:00.077', 'D0T0', 1273);
INSERT INTO point_remain (id, date_update, point_remain, issue_id) VALUES (1668, '2013-09-27 09:22:00.635', 'D4T1', 1650);
INSERT INTO point_remain (id, date_update, point_remain, issue_id) VALUES (1669, '2013-09-27 09:22:00.635', 'D0T0', 1236);
INSERT INTO point_remain (id, date_update, point_remain, issue_id) VALUES (1710, '2013-09-27 09:22:00.635', 'D0T0', 1234);
INSERT INTO point_remain (id, date_update, point_remain, issue_id) VALUES (1711, '2013-09-27 09:22:00.636', 'D0T0', 1275);
INSERT INTO point_remain (id, date_update, point_remain, issue_id) VALUES (1712, '2013-09-27 09:22:00.636', 'D0T0', 1270);
INSERT INTO point_remain (id, date_update, point_remain, issue_id) VALUES (1713, '2013-09-27 09:22:00.636', 'D0T0', 1238);
INSERT INTO point_remain (id, date_update, point_remain, issue_id) VALUES (1714, '2013-09-27 09:22:00.636', 'D0T0', 1235);
INSERT INTO point_remain (id, date_update, point_remain, issue_id) VALUES (1715, '2013-09-27 09:22:00.636', 'D0T0', 1277);
INSERT INTO point_remain (id, date_update, point_remain, issue_id) VALUES (1716, '2013-09-27 09:22:00.636', 'D2T1', 1279);
INSERT INTO point_remain (id, date_update, point_remain, issue_id) VALUES (1717, '2013-09-27 09:22:00.636', 'D0T1', 1272);
INSERT INTO point_remain (id, date_update, point_remain, issue_id) VALUES (1718, '2013-09-27 09:22:00.636', 'D0T0', 1271);
INSERT INTO point_remain (id, date_update, point_remain, issue_id) VALUES (1719, '2013-09-27 09:22:00.637', 'D0T0', 1231);
INSERT INTO point_remain (id, date_update, point_remain, issue_id) VALUES (1720, '2013-09-27 09:22:00.637', 'D0T0', 1232);
INSERT INTO point_remain (id, date_update, point_remain, issue_id) VALUES (1721, '2013-09-27 09:22:00.637', 'D0T0', 1274);
INSERT INTO point_remain (id, date_update, point_remain, issue_id) VALUES (1722, '2013-09-27 09:32:51.948', 'D0T1', 1652);
INSERT INTO point_remain (id, date_update, point_remain, issue_id) VALUES (1750, '2013-09-30 09:29:46.973', 'D0T1', 1279);
INSERT INTO point_remain (id, date_update, point_remain, issue_id) VALUES (1752, '2013-09-30 09:29:47.52', 'D4T1', 1650);
INSERT INTO point_remain (id, date_update, point_remain, issue_id) VALUES (1753, '2013-09-30 09:29:47.52', 'D0T0', 1236);
INSERT INTO point_remain (id, date_update, point_remain, issue_id) VALUES (1754, '2013-09-30 09:29:47.52', 'D0T0', 1234);
INSERT INTO point_remain (id, date_update, point_remain, issue_id) VALUES (1755, '2013-09-30 09:29:47.521', 'D0T0', 1275);
INSERT INTO point_remain (id, date_update, point_remain, issue_id) VALUES (1756, '2013-09-30 09:29:47.521', 'D0T0', 1270);
INSERT INTO point_remain (id, date_update, point_remain, issue_id) VALUES (1757, '2013-09-30 09:29:47.521', 'D0T0', 1238);
INSERT INTO point_remain (id, date_update, point_remain, issue_id) VALUES (1758, '2013-09-30 09:29:47.521', 'D0T0', 1235);
INSERT INTO point_remain (id, date_update, point_remain, issue_id) VALUES (1759, '2013-09-30 09:29:47.521', 'D0T0', 1277);
INSERT INTO point_remain (id, date_update, point_remain, issue_id) VALUES (1760, '2013-09-30 09:29:47.521', 'D0T0', 1273);
INSERT INTO point_remain (id, date_update, point_remain, issue_id) VALUES (1762, '2013-09-30 09:29:47.521', 'D0T0', 1271);
INSERT INTO point_remain (id, date_update, point_remain, issue_id) VALUES (1763, '2013-09-30 09:29:47.522', 'D0T0', 1231);
INSERT INTO point_remain (id, date_update, point_remain, issue_id) VALUES (1764, '2013-09-30 09:29:47.522', 'D0T0', 1232);
INSERT INTO point_remain (id, date_update, point_remain, issue_id) VALUES (1765, '2013-09-30 09:29:47.522', 'D0T0', 1274);
INSERT INTO point_remain (id, date_update, point_remain, issue_id) VALUES (1751, '2013-09-30 09:29:47.52', 'D0T0', 1652);
INSERT INTO point_remain (id, date_update, point_remain, issue_id) VALUES (1761, '2013-09-30 09:29:47.521', 'D0T0', 1272);
INSERT INTO point_remain (id, date_update, point_remain, issue_id) VALUES (1790, '2013-10-01 08:03:46.176', 'D0T0', 1279);
INSERT INTO point_remain (id, date_update, point_remain, issue_id) VALUES (1791, '2013-10-01 08:03:46.209', 'D0T0', 1231);
INSERT INTO point_remain (id, date_update, point_remain, issue_id) VALUES (1792, '2013-10-01 08:03:46.21', 'D0T0', 1232);
INSERT INTO point_remain (id, date_update, point_remain, issue_id) VALUES (1793, '2013-10-01 08:03:46.21', 'D0T0', 1234);
INSERT INTO point_remain (id, date_update, point_remain, issue_id) VALUES (1794, '2013-10-01 08:03:46.21', 'D0T0', 1235);
INSERT INTO point_remain (id, date_update, point_remain, issue_id) VALUES (1796, '2013-10-01 08:03:46.21', 'D0T0', 1238);
INSERT INTO point_remain (id, date_update, point_remain, issue_id) VALUES (1797, '2013-10-01 08:03:46.21', 'D0T0', 1270);
INSERT INTO point_remain (id, date_update, point_remain, issue_id) VALUES (1798, '2013-10-01 08:03:46.21', 'D0T0', 1271);
INSERT INTO point_remain (id, date_update, point_remain, issue_id) VALUES (1799, '2013-10-01 08:03:46.21', 'D0T0', 1272);
INSERT INTO point_remain (id, date_update, point_remain, issue_id) VALUES (1800, '2013-10-01 08:03:46.21', 'D0T0', 1273);
INSERT INTO point_remain (id, date_update, point_remain, issue_id) VALUES (1801, '2013-10-01 08:03:46.211', 'D0T0', 1274);
INSERT INTO point_remain (id, date_update, point_remain, issue_id) VALUES (1802, '2013-10-01 08:03:46.211', 'D0T0', 1275);
INSERT INTO point_remain (id, date_update, point_remain, issue_id) VALUES (1803, '2013-10-01 08:03:46.211', 'D0T0', 1277);
INSERT INTO point_remain (id, date_update, point_remain, issue_id) VALUES (1804, '2013-10-01 08:03:46.211', 'D0T0', 1650);
INSERT INTO point_remain (id, date_update, point_remain, issue_id) VALUES (1795, '2013-10-01 08:03:46.21', 'D10T0', 1236);
INSERT INTO point_remain (id, date_update, point_remain, issue_id) VALUES (1805, '2013-10-01 10:46:37.23', 'D0T0', 1652);
INSERT INTO point_remain (id, date_update, point_remain, issue_id) VALUES (2025, '2013-10-04 09:21:27.032', 'D9T2', 1831);
INSERT INTO point_remain (id, date_update, point_remain, issue_id) VALUES (1808, '2013-10-02 08:51:55.75', 'D13T2', 1831);
INSERT INTO point_remain (id, date_update, point_remain, issue_id) VALUES (1809, '2013-10-02 08:52:13.475', 'D0T0', 1832);
INSERT INTO point_remain (id, date_update, point_remain, issue_id) VALUES (2103, '2013-10-04 09:35:48.803', 'D8T1', 1929);
INSERT INTO point_remain (id, date_update, point_remain, issue_id) VALUES (1860, '2013-10-02 08:56:30.848', 'D8T2', 1833);
INSERT INTO point_remain (id, date_update, point_remain, issue_id) VALUES (1862, '2013-10-02 08:58:00.758', 'D8T2', 1834);
INSERT INTO point_remain (id, date_update, point_remain, issue_id) VALUES (1863, '2013-10-02 09:01:06.727', 'D0T0', 1835);
INSERT INTO point_remain (id, date_update, point_remain, issue_id) VALUES (1864, '2013-10-02 09:03:37.291', 'D0T0', 1836);
INSERT INTO point_remain (id, date_update, point_remain, issue_id) VALUES (1866, '2013-10-02 09:05:12.81', 'D8T2', 1838);
INSERT INTO point_remain (id, date_update, point_remain, issue_id) VALUES (1868, '2013-10-02 09:12:00.965', 'D5T1', 1839);
INSERT INTO point_remain (id, date_update, point_remain, issue_id) VALUES (1869, '2013-10-02 09:48:47.546', 'D0T0', 1920);
INSERT INTO point_remain (id, date_update, point_remain, issue_id) VALUES (1934, '2013-10-02 10:01:01.729', 'D0T0', 1924);
INSERT INTO point_remain (id, date_update, point_remain, issue_id) VALUES (1865, '2013-10-02 09:04:29.775', 'D0T0.5', 1837);
INSERT INTO point_remain (id, date_update, point_remain, issue_id) VALUES (1935, '2013-10-02 10:13:05.116', 'D3T1', 1921);
INSERT INTO point_remain (id, date_update, point_remain, issue_id) VALUES (1938, '2013-10-02 10:15:21.654', 'D0T0', 1926);
INSERT INTO point_remain (id, date_update, point_remain, issue_id) VALUES (1939, '2013-10-02 10:16:46.792', 'D5T0', 1923);
INSERT INTO point_remain (id, date_update, point_remain, issue_id) VALUES (1990, '2013-10-02 10:16:58.854', 'D5T1', 1925);
INSERT INTO point_remain (id, date_update, point_remain, issue_id) VALUES (1991, '2013-10-02 10:19:50.448', 'D5T2', 1927);
INSERT INTO point_remain (id, date_update, point_remain, issue_id) VALUES (1931, '2013-10-02 10:21:17.987', 'D5T2', 1922);
INSERT INTO point_remain (id, date_update, point_remain, issue_id) VALUES (1992, '2013-10-03 09:25:01.228', 'D1T1', 1921);
INSERT INTO point_remain (id, date_update, point_remain, issue_id) VALUES (1996, '2013-10-03 09:25:01.267', 'D0T0.5', 1837);
INSERT INTO point_remain (id, date_update, point_remain, issue_id) VALUES (1999, '2013-10-03 09:25:01.267', 'D5T2', 1922);
INSERT INTO point_remain (id, date_update, point_remain, issue_id) VALUES (2020, '2013-10-03 09:25:01.267', 'D5T0', 1923);
INSERT INTO point_remain (id, date_update, point_remain, issue_id) VALUES (2022, '2013-10-03 09:25:01.268', 'D0T0', 1926);
INSERT INTO point_remain (id, date_update, point_remain, issue_id) VALUES (2021, '2013-10-03 09:25:01.268', 'D4T1', 1925);
INSERT INTO point_remain (id, date_update, point_remain, issue_id) VALUES (1993, '2013-10-03 09:25:01.267', 'D11T2', 1831);
INSERT INTO point_remain (id, date_update, point_remain, issue_id) VALUES (1995, '2013-10-03 09:25:01.267', 'D7T2', 1834);
INSERT INTO point_remain (id, date_update, point_remain, issue_id) VALUES (2104, '2013-10-07 10:25:51.413', 'D0T2', 1834);
INSERT INTO point_remain (id, date_update, point_remain, issue_id) VALUES (1997, '2013-10-03 09:25:01.267', 'D6T2', 1838);
INSERT INTO point_remain (id, date_update, point_remain, issue_id) VALUES (2023, '2013-10-03 09:25:01.268', 'D4T2', 1927);
INSERT INTO point_remain (id, date_update, point_remain, issue_id) VALUES (1998, '2013-10-03 09:25:01.267', 'D3T1', 1839);
INSERT INTO point_remain (id, date_update, point_remain, issue_id) VALUES (1994, '2013-10-03 09:25:01.267', 'D6T2', 1833);
INSERT INTO point_remain (id, date_update, point_remain, issue_id) VALUES (2024, '2013-10-04 09:21:27.006', 'D0T1', 1839);
INSERT INTO point_remain (id, date_update, point_remain, issue_id) VALUES (2028, '2013-10-04 09:21:27.032', 'D0T0.5', 1837);
INSERT INTO point_remain (id, date_update, point_remain, issue_id) VALUES (2051, '2013-10-04 09:21:27.033', 'D5T2', 1922);
INSERT INTO point_remain (id, date_update, point_remain, issue_id) VALUES (2052, '2013-10-04 09:21:27.033', 'D5T0', 1923);
INSERT INTO point_remain (id, date_update, point_remain, issue_id) VALUES (2054, '2013-10-04 09:21:27.033', 'D0T0', 1926);
INSERT INTO point_remain (id, date_update, point_remain, issue_id) VALUES (2050, '2013-10-04 09:21:27.033', 'D0T1', 1921);
INSERT INTO point_remain (id, date_update, point_remain, issue_id) VALUES (2027, '2013-10-04 09:21:27.032', 'D2T2', 1834);
INSERT INTO point_remain (id, date_update, point_remain, issue_id) VALUES (2106, '2013-10-07 10:25:51.44', 'D4T2', 1833);
INSERT INTO point_remain (id, date_update, point_remain, issue_id) VALUES (2053, '2013-10-04 09:21:27.033', 'D3T1', 1925);
INSERT INTO point_remain (id, date_update, point_remain, issue_id) VALUES (2055, '2013-10-04 09:21:27.033', 'D2T2', 1927);
INSERT INTO point_remain (id, date_update, point_remain, issue_id) VALUES (2026, '2013-10-04 09:21:27.032', 'D4T2', 1833);
INSERT INTO point_remain (id, date_update, point_remain, issue_id) VALUES (2029, '2013-10-04 09:28:13.08', 'D4T2', 1838);
INSERT INTO point_remain (id, date_update, point_remain, issue_id) VALUES (2056, '2013-10-04 09:32:46.061', 'D0T0', 1928);
INSERT INTO point_remain (id, date_update, point_remain, issue_id) VALUES (2057, '2013-10-04 09:34:02.424', 'D0T0', 1236);
INSERT INTO point_remain (id, date_update, point_remain, issue_id) VALUES (2058, '2013-10-04 09:34:02.467', 'D0T0', 1231);
INSERT INTO point_remain (id, date_update, point_remain, issue_id) VALUES (2059, '2013-10-04 09:34:02.467', 'D0T0', 1232);
INSERT INTO point_remain (id, date_update, point_remain, issue_id) VALUES (2090, '2013-10-04 09:34:02.467', 'D0T0', 1234);
INSERT INTO point_remain (id, date_update, point_remain, issue_id) VALUES (2091, '2013-10-04 09:34:02.467', 'D0T0', 1235);
INSERT INTO point_remain (id, date_update, point_remain, issue_id) VALUES (2092, '2013-10-04 09:34:02.467', 'D0T0', 1238);
INSERT INTO point_remain (id, date_update, point_remain, issue_id) VALUES (2093, '2013-10-04 09:34:02.468', 'D0T0', 1270);
INSERT INTO point_remain (id, date_update, point_remain, issue_id) VALUES (2094, '2013-10-04 09:34:02.468', 'D0T0', 1271);
INSERT INTO point_remain (id, date_update, point_remain, issue_id) VALUES (2095, '2013-10-04 09:34:02.468', 'D0T0', 1272);
INSERT INTO point_remain (id, date_update, point_remain, issue_id) VALUES (2096, '2013-10-04 09:34:02.468', 'D0T0', 1273);
INSERT INTO point_remain (id, date_update, point_remain, issue_id) VALUES (2097, '2013-10-04 09:34:02.468', 'D0T0', 1274);
INSERT INTO point_remain (id, date_update, point_remain, issue_id) VALUES (2098, '2013-10-04 09:34:02.468', 'D0T0', 1275);
INSERT INTO point_remain (id, date_update, point_remain, issue_id) VALUES (2099, '2013-10-04 09:34:02.468', 'D0T0', 1277);
INSERT INTO point_remain (id, date_update, point_remain, issue_id) VALUES (2100, '2013-10-04 09:34:02.468', 'D0T0', 1279);
INSERT INTO point_remain (id, date_update, point_remain, issue_id) VALUES (2101, '2013-10-04 09:34:02.468', 'D0T0', 1650);
INSERT INTO point_remain (id, date_update, point_remain, issue_id) VALUES (2102, '2013-10-04 09:34:02.468', 'D0T0', 1652);
INSERT INTO point_remain (id, date_update, point_remain, issue_id) VALUES (2107, '2013-10-07 10:25:51.44', 'D0T0.5', 1837);
INSERT INTO point_remain (id, date_update, point_remain, issue_id) VALUES (2109, '2013-10-07 10:25:51.44', 'D0T1', 1839);
INSERT INTO point_remain (id, date_update, point_remain, issue_id) VALUES (2120, '2013-10-07 10:25:51.44', 'D0T1', 1921);
INSERT INTO point_remain (id, date_update, point_remain, issue_id) VALUES (2121, '2013-10-07 10:25:51.441', 'D5T2', 1922);
INSERT INTO point_remain (id, date_update, point_remain, issue_id) VALUES (2122, '2013-10-07 10:25:51.441', 'D5T0', 1923);
INSERT INTO point_remain (id, date_update, point_remain, issue_id) VALUES (2123, '2013-10-07 10:25:51.441', 'D3T1', 1925);
INSERT INTO point_remain (id, date_update, point_remain, issue_id) VALUES (2124, '2013-10-07 10:25:51.441', 'D0T0', 1926);
INSERT INTO point_remain (id, date_update, point_remain, issue_id) VALUES (2125, '2013-10-07 10:25:51.441', 'D2T2', 1927);
INSERT INTO point_remain (id, date_update, point_remain, issue_id) VALUES (2126, '2013-10-07 10:25:51.441', 'D8T1', 1929);
INSERT INTO point_remain (id, date_update, point_remain, issue_id) VALUES (2108, '2013-10-07 10:25:51.44', 'D3T2', 1838);
INSERT INTO point_remain (id, date_update, point_remain, issue_id) VALUES (2105, '2013-10-07 10:25:51.44', 'D7T2', 1831);
INSERT INTO point_remain (id, date_update, point_remain, issue_id) VALUES (2160, '2013-10-08 09:21:04.897', 'D0T1', 1834);
INSERT INTO point_remain (id, date_update, point_remain, issue_id) VALUES (2163, '2013-10-08 09:21:04.935', 'D0T0.5', 1837);
INSERT INTO point_remain (id, date_update, point_remain, issue_id) VALUES (2164, '2013-10-08 09:21:04.935', 'D3T2', 1838);
INSERT INTO point_remain (id, date_update, point_remain, issue_id) VALUES (2168, '2013-10-08 09:21:04.936', 'D5T0', 1923);
INSERT INTO point_remain (id, date_update, point_remain, issue_id) VALUES (2170, '2013-10-08 09:21:04.936', 'D0T0', 1926);
INSERT INTO point_remain (id, date_update, point_remain, issue_id) VALUES (2172, '2013-10-08 09:21:04.936', 'D8T1', 1929);
INSERT INTO point_remain (id, date_update, point_remain, issue_id) VALUES (2161, '2013-10-08 09:21:04.935', 'D5T2', 1831);
INSERT INTO point_remain (id, date_update, point_remain, issue_id) VALUES (2171, '2013-10-08 09:21:04.936', 'D1T2', 1927);
INSERT INTO point_remain (id, date_update, point_remain, issue_id) VALUES (2167, '2013-10-08 09:21:04.935', 'D3T2', 1922);
INSERT INTO point_remain (id, date_update, point_remain, issue_id) VALUES (2169, '2013-10-08 09:21:04.936', 'D1T1', 1925);
INSERT INTO point_remain (id, date_update, point_remain, issue_id) VALUES (2166, '2013-10-08 09:21:04.935', 'D0T0.5', 1921);
INSERT INTO point_remain (id, date_update, point_remain, issue_id) VALUES (2165, '2013-10-08 09:21:04.935', 'D0T0.5', 1839);
INSERT INTO point_remain (id, date_update, point_remain, issue_id) VALUES (2162, '2013-10-08 09:21:04.935', 'D2T2', 1833);
INSERT INTO point_remain (id, date_update, point_remain, issue_id) VALUES (2204, '2013-10-09 08:45:32.147', 'D0T0.5', 1837);
INSERT INTO point_remain (id, date_update, point_remain, issue_id) VALUES (2206, '2013-10-09 08:45:32.147', 'D0T0.5', 1921);
INSERT INTO point_remain (id, date_update, point_remain, issue_id) VALUES (2208, '2013-10-09 08:45:32.148', 'D5T0', 1923);
INSERT INTO point_remain (id, date_update, point_remain, issue_id) VALUES (2210, '2013-10-09 08:45:32.148', 'D0T0', 1926);
INSERT INTO point_remain (id, date_update, point_remain, issue_id) VALUES (2211, '2013-10-09 08:45:32.148', 'D1T2', 1927);
INSERT INTO point_remain (id, date_update, point_remain, issue_id) VALUES (2207, '2013-10-09 08:45:32.148', 'D1.5T2', 1922);
INSERT INTO point_remain (id, date_update, point_remain, issue_id) VALUES (2203, '2013-10-09 08:45:32.147', 'D0T0', 1834);
INSERT INTO point_remain (id, date_update, point_remain, issue_id) VALUES (2205, '2013-10-09 08:45:32.147', 'D0T0', 1839);
INSERT INTO point_remain (id, date_update, point_remain, issue_id) VALUES (2209, '2013-10-09 08:45:32.148', 'D0T1', 1925);
INSERT INTO point_remain (id, date_update, point_remain, issue_id) VALUES (2202, '2013-10-09 08:45:32.147', 'D0T2', 1833);
INSERT INTO point_remain (id, date_update, point_remain, issue_id) VALUES (2212, '2013-10-09 08:45:32.148', 'D6T1', 1929);
INSERT INTO point_remain (id, date_update, point_remain, issue_id) VALUES (2201, '2013-10-09 08:45:32.147', 'D3T2', 1831);
INSERT INTO point_remain (id, date_update, point_remain, issue_id) VALUES (2200, '2013-10-09 08:45:32.109', 'D1T2', 1838);
INSERT INTO point_remain (id, date_update, point_remain, issue_id) VALUES (2260, '2013-10-10 09:24:54.821', 'D4T1', 1929);
INSERT INTO point_remain (id, date_update, point_remain, issue_id) VALUES (2263, '2013-10-10 09:24:54.859', 'D0T0', 1834);
INSERT INTO point_remain (id, date_update, point_remain, issue_id) VALUES (2264, '2013-10-10 09:24:54.859', 'D0T0.5', 1837);
INSERT INTO point_remain (id, date_update, point_remain, issue_id) VALUES (2266, '2013-10-10 09:24:54.859', 'D0T0', 1839);
INSERT INTO point_remain (id, date_update, point_remain, issue_id) VALUES (2267, '2013-10-10 09:24:54.859', 'D0T0.5', 1921);
INSERT INTO point_remain (id, date_update, point_remain, issue_id) VALUES (2271, '2013-10-10 09:24:54.86', 'D0T0', 1926);
INSERT INTO point_remain (id, date_update, point_remain, issue_id) VALUES (2268, '2013-10-10 09:24:54.86', 'D0T2', 1922);
INSERT INTO point_remain (id, date_update, point_remain, issue_id) VALUES (2262, '2013-10-10 09:24:54.859', 'D0T1', 1833);
INSERT INTO point_remain (id, date_update, point_remain, issue_id) VALUES (2269, '2013-10-10 09:24:54.86', 'D4T0', 1923);
INSERT INTO point_remain (id, date_update, point_remain, issue_id) VALUES (2270, '2013-10-10 09:24:54.86', 'D0T0', 1925);
INSERT INTO point_remain (id, date_update, point_remain, issue_id) VALUES (2261, '2013-10-10 09:24:54.859', 'D1T2', 1831);
INSERT INTO point_remain (id, date_update, point_remain, issue_id) VALUES (2265, '2013-10-10 09:24:54.859', 'D0T2', 1838);
INSERT INTO point_remain (id, date_update, point_remain, issue_id) VALUES (2272, '2013-10-10 09:24:54.86', 'D0T2', 1927);
INSERT INTO point_remain (id, date_update, point_remain, issue_id) VALUES (2320, '2013-10-11 09:13:26.388', 'D2T1', 1929);
INSERT INTO point_remain (id, date_update, point_remain, issue_id) VALUES (2321, '2013-10-11 09:13:26.43', 'D1T2', 1831);
INSERT INTO point_remain (id, date_update, point_remain, issue_id) VALUES (2323, '2013-10-11 09:13:26.43', 'D0T0', 1834);
INSERT INTO point_remain (id, date_update, point_remain, issue_id) VALUES (2326, '2013-10-11 09:13:26.431', 'D0T0', 1839);
INSERT INTO point_remain (id, date_update, point_remain, issue_id) VALUES (2327, '2013-10-11 09:13:26.431', 'D0T0.5', 1921);
INSERT INTO point_remain (id, date_update, point_remain, issue_id) VALUES (2328, '2013-10-11 09:13:26.431', 'D0T2', 1922);
INSERT INTO point_remain (id, date_update, point_remain, issue_id) VALUES (2329, '2013-10-11 09:13:26.431', 'D4T0', 1923);
INSERT INTO point_remain (id, date_update, point_remain, issue_id) VALUES (2330, '2013-10-11 09:13:26.431', 'D0T0', 1925);
INSERT INTO point_remain (id, date_update, point_remain, issue_id) VALUES (2331, '2013-10-11 09:13:26.431', 'D0T0', 1926);
INSERT INTO point_remain (id, date_update, point_remain, issue_id) VALUES (2332, '2013-10-11 09:13:26.431', 'D0T2', 1927);
INSERT INTO point_remain (id, date_update, point_remain, issue_id) VALUES (2325, '2013-10-11 09:13:26.43', 'D0T0', 1838);
INSERT INTO point_remain (id, date_update, point_remain, issue_id) VALUES (2322, '2013-10-11 09:13:26.43', 'D0T0.5', 1833);
INSERT INTO point_remain (id, date_update, point_remain, issue_id) VALUES (2324, '2013-10-11 09:13:26.43', 'D0T0', 1837);
INSERT INTO point_remain (id, date_update, point_remain, issue_id) VALUES (2373, '2013-10-14 09:20:11.852', 'D0T0', 1834);
INSERT INTO point_remain (id, date_update, point_remain, issue_id) VALUES (2374, '2013-10-14 09:20:11.852', 'D0T0', 1837);
INSERT INTO point_remain (id, date_update, point_remain, issue_id) VALUES (2375, '2013-10-14 09:20:11.852', 'D0T0', 1838);
INSERT INTO point_remain (id, date_update, point_remain, issue_id) VALUES (2376, '2013-10-14 09:20:11.852', 'D0T0', 1839);
INSERT INTO point_remain (id, date_update, point_remain, issue_id) VALUES (2379, '2013-10-14 09:20:11.853', 'D0T0', 1925);
INSERT INTO point_remain (id, date_update, point_remain, issue_id) VALUES (2380, '2013-10-14 09:20:11.853', 'D0T0', 1926);
INSERT INTO point_remain (id, date_update, point_remain, issue_id) VALUES (2372, '2013-10-14 09:20:11.852', 'D0T0', 1833);
INSERT INTO point_remain (id, date_update, point_remain, issue_id) VALUES (2378, '2013-10-14 09:20:11.853', 'D0T1', 1922);
INSERT INTO point_remain (id, date_update, point_remain, issue_id) VALUES (2371, '2013-10-14 09:20:11.852', 'D1T1', 1831);
INSERT INTO point_remain (id, date_update, point_remain, issue_id) VALUES (2370, '2013-10-14 09:20:11.71', 'D1T0', 1923);
INSERT INTO point_remain (id, date_update, point_remain, issue_id) VALUES (2381, '2013-10-14 09:20:11.853', 'D0T0.5', 1927);
INSERT INTO point_remain (id, date_update, point_remain, issue_id) VALUES (2377, '2013-10-14 09:20:11.852', 'D0T0', 1921);
INSERT INTO point_remain (id, date_update, point_remain, issue_id) VALUES (2382, '2013-10-14 10:00:51.934', 'D0T1', 1929);
INSERT INTO point_remain (id, date_update, point_remain, issue_id) VALUES (2430, '2013-10-15 08:25:16.454', 'D0T0', 1922);
INSERT INTO point_remain (id, date_update, point_remain, issue_id) VALUES (2432, '2013-10-15 08:25:16.516', 'D0T0', 1833);
INSERT INTO point_remain (id, date_update, point_remain, issue_id) VALUES (2433, '2013-10-15 08:25:16.516', 'D0T0', 1834);
INSERT INTO point_remain (id, date_update, point_remain, issue_id) VALUES (2434, '2013-10-15 08:25:16.516', 'D0T0', 1837);
INSERT INTO point_remain (id, date_update, point_remain, issue_id) VALUES (2435, '2013-10-15 08:25:16.516', 'D0T0', 1838);
INSERT INTO point_remain (id, date_update, point_remain, issue_id) VALUES (2436, '2013-10-15 08:25:16.517', 'D0T0', 1839);
INSERT INTO point_remain (id, date_update, point_remain, issue_id) VALUES (2437, '2013-10-15 08:25:16.517', 'D0T0', 1921);
INSERT INTO point_remain (id, date_update, point_remain, issue_id) VALUES (2439, '2013-10-15 08:25:16.517', 'D0T0', 1925);
INSERT INTO point_remain (id, date_update, point_remain, issue_id) VALUES (2440, '2013-10-15 08:25:16.517', 'D0T0', 1926);
INSERT INTO point_remain (id, date_update, point_remain, issue_id) VALUES (2442, '2013-10-15 08:25:16.517', 'D0T0', 1929);
INSERT INTO point_remain (id, date_update, point_remain, issue_id) VALUES (2438, '2013-10-15 08:25:16.517', 'D0T0', 1923);
INSERT INTO point_remain (id, date_update, point_remain, issue_id) VALUES (2441, '2013-10-15 08:25:16.517', 'D0T0', 1927);
INSERT INTO point_remain (id, date_update, point_remain, issue_id) VALUES (2431, '2013-10-15 08:25:16.516', 'D0T0', 1831);
INSERT INTO point_remain (id, date_update, point_remain, issue_id) VALUES (2610, '2013-10-16 08:38:46.647', 'D0T0', 2590);
INSERT INTO point_remain (id, date_update, point_remain, issue_id) VALUES (2612, '2013-10-16 08:42:17.355', 'D0T0', 2592);
INSERT INTO point_remain (id, date_update, point_remain, issue_id) VALUES (2613, '2013-10-16 08:46:34.169', 'D0T0', 2593);
INSERT INTO point_remain (id, date_update, point_remain, issue_id) VALUES (2614, '2013-10-16 08:48:18.809', 'D8T1', 2594);
INSERT INTO point_remain (id, date_update, point_remain, issue_id) VALUES (2615, '2013-10-16 08:48:56.243', 'D5T1', 2595);
INSERT INTO point_remain (id, date_update, point_remain, issue_id) VALUES (2616, '2013-10-16 08:49:15.995', 'D2T1', 2596);
INSERT INTO point_remain (id, date_update, point_remain, issue_id) VALUES (2617, '2013-10-16 08:50:13.814', 'D5T1', 2597);
INSERT INTO point_remain (id, date_update, point_remain, issue_id) VALUES (2619, '2013-10-16 08:53:09.536', 'D0T0', 2599);
INSERT INTO point_remain (id, date_update, point_remain, issue_id) VALUES (2640, '2013-10-16 08:54:19.861', 'D5T1', 2620);
INSERT INTO point_remain (id, date_update, point_remain, issue_id) VALUES (2641, '2013-10-16 08:55:10.561', 'D5T1', 2621);
INSERT INTO point_remain (id, date_update, point_remain, issue_id) VALUES (2642, '2013-10-16 08:56:26.117', 'D5T1', 2622);
INSERT INTO point_remain (id, date_update, point_remain, issue_id) VALUES (2643, '2013-10-16 08:57:00.671', 'D5T1', 2623);
INSERT INTO point_remain (id, date_update, point_remain, issue_id) VALUES (2644, '2013-10-16 08:57:44.124', 'D13T0', 2624);
INSERT INTO point_remain (id, date_update, point_remain, issue_id) VALUES (2618, '2013-10-16 09:01:42.561', 'D5T1', 2598);
INSERT INTO point_remain (id, date_update, point_remain, issue_id) VALUES (2611, '2013-10-16 08:39:25.49', 'D8T1', 2591);
INSERT INTO point_remain (id, date_update, point_remain, issue_id) VALUES (2645, '2013-10-16 15:49:42.581', 'D8T2', 2625);
INSERT INTO point_remain (id, date_update, point_remain, issue_id) VALUES (2646, '2013-10-16 18:20:16.506', 'D5T1', 2626);
INSERT INTO point_remain (id, date_update, point_remain, issue_id) VALUES (2740, '2013-10-17 10:14:32.23', 'D3T1', 2598);
INSERT INTO point_remain (id, date_update, point_remain, issue_id) VALUES (2747, '2013-10-17 10:14:32.277', 'D5T1', 2621);
INSERT INTO point_remain (id, date_update, point_remain, issue_id) VALUES (2750, '2013-10-17 10:14:32.277', 'D13T0', 2624);
INSERT INTO point_remain (id, date_update, point_remain, issue_id) VALUES (2752, '2013-10-17 10:14:32.277', 'D5T1', 2626);
INSERT INTO point_remain (id, date_update, point_remain, issue_id) VALUES (2743, '2013-10-17 10:14:32.276', 'D4T1', 2595);
INSERT INTO point_remain (id, date_update, point_remain, issue_id) VALUES (2744, '2013-10-17 10:14:32.276', 'D0T1', 2596);
INSERT INTO point_remain (id, date_update, point_remain, issue_id) VALUES (2742, '2013-10-17 10:14:32.276', 'D7T1', 2594);
INSERT INTO point_remain (id, date_update, point_remain, issue_id) VALUES (2751, '2013-10-17 10:14:32.277', 'D7T2', 2625);
INSERT INTO point_remain (id, date_update, point_remain, issue_id) VALUES (2745, '2013-10-17 10:14:32.276', 'D2T1', 2597);
INSERT INTO point_remain (id, date_update, point_remain, issue_id) VALUES (2746, '2013-10-17 10:14:32.276', 'D3T1', 2620);
INSERT INTO point_remain (id, date_update, point_remain, issue_id) VALUES (2748, '2013-10-17 10:14:32.277', 'D3T1', 2622);
INSERT INTO point_remain (id, date_update, point_remain, issue_id) VALUES (2749, '2013-10-17 10:14:32.277', 'D4T1', 2623);
INSERT INTO point_remain (id, date_update, point_remain, issue_id) VALUES (2741, '2013-10-17 10:14:32.276', 'D7T1', 2591);
INSERT INTO point_remain (id, date_update, point_remain, issue_id) VALUES (2800, '2013-10-17 15:13:15.026', 'D1T0', 2780);
INSERT INTO point_remain (id, date_update, point_remain, issue_id) VALUES (2840, '2013-10-21 09:41:43.797', 'D0T1', 2597);
INSERT INTO point_remain (id, date_update, point_remain, issue_id) VALUES (2844, '2013-10-21 09:41:43.882', 'D0T1', 2596);
INSERT INTO point_remain (id, date_update, point_remain, issue_id) VALUES (2850, '2013-10-21 09:41:43.882', 'D13T0', 2624);
INSERT INTO point_remain (id, date_update, point_remain, issue_id) VALUES (2852, '2013-10-21 09:41:43.886', 'D5T1', 2626);
INSERT INTO point_remain (id, date_update, point_remain, issue_id) VALUES (2853, '2013-10-21 09:41:43.886', 'D1T0', 2780);
INSERT INTO point_remain (id, date_update, point_remain, issue_id) VALUES (2847, '2013-10-21 09:41:43.882', 'D3T1', 2621);
INSERT INTO point_remain (id, date_update, point_remain, issue_id) VALUES (2848, '2013-10-21 09:41:43.882', 'D2T1', 2622);
INSERT INTO point_remain (id, date_update, point_remain, issue_id) VALUES (2851, '2013-10-21 09:41:43.886', 'D6T2', 2625);
INSERT INTO point_remain (id, date_update, point_remain, issue_id) VALUES (2880, '2013-10-22 09:22:35.619', 'D0T1', 2598);
INSERT INTO point_remain (id, date_update, point_remain, issue_id) VALUES (2846, '2013-10-21 09:41:43.882', 'D1T1', 2620);
INSERT INTO point_remain (id, date_update, point_remain, issue_id) VALUES (2841, '2013-10-21 09:41:43.881', 'D5T1', 2591);
INSERT INTO point_remain (id, date_update, point_remain, issue_id) VALUES (2843, '2013-10-21 09:41:43.881', 'D5T1', 2595);
INSERT INTO point_remain (id, date_update, point_remain, issue_id) VALUES (2842, '2013-10-21 09:41:43.881', 'D6T1', 2594);
INSERT INTO point_remain (id, date_update, point_remain, issue_id) VALUES (2845, '2013-10-21 09:41:43.882', 'D2T1', 2598);
INSERT INTO point_remain (id, date_update, point_remain, issue_id) VALUES (2849, '2013-10-21 09:41:43.882', 'D2T1', 2623);
INSERT INTO point_remain (id, date_update, point_remain, issue_id) VALUES (2854, '2013-10-22 09:22:35.57', 'D0T1', 2623);
INSERT INTO point_remain (id, date_update, point_remain, issue_id) VALUES (2858, '2013-10-22 09:22:35.619', 'D0T1', 2596);
INSERT INTO point_remain (id, date_update, point_remain, issue_id) VALUES (2859, '2013-10-22 09:22:35.619', 'D0T1', 2597);
INSERT INTO point_remain (id, date_update, point_remain, issue_id) VALUES (2885, '2013-10-22 09:22:35.62', 'D6T2', 2625);
INSERT INTO point_remain (id, date_update, point_remain, issue_id) VALUES (2886, '2013-10-22 09:22:35.621', 'D5T1', 2626);
INSERT INTO point_remain (id, date_update, point_remain, issue_id) VALUES (2887, '2013-10-22 09:22:35.621', 'D1T0', 2780);
INSERT INTO point_remain (id, date_update, point_remain, issue_id) VALUES (2884, '2013-10-22 09:22:35.62', 'D11T0', 2624);
INSERT INTO point_remain (id, date_update, point_remain, issue_id) VALUES (2881, '2013-10-22 09:22:35.62', 'D0T1', 2620);
INSERT INTO point_remain (id, date_update, point_remain, issue_id) VALUES (2857, '2013-10-22 09:22:35.619', 'D4T1', 2595);
INSERT INTO point_remain (id, date_update, point_remain, issue_id) VALUES (2855, '2013-10-22 09:22:35.618', 'D3T1', 2591);
INSERT INTO point_remain (id, date_update, point_remain, issue_id) VALUES (2882, '2013-10-22 09:22:35.62', 'D0T1', 2621);
INSERT INTO point_remain (id, date_update, point_remain, issue_id) VALUES (2856, '2013-10-22 09:22:35.619', 'D4T1', 2594);
INSERT INTO point_remain (id, date_update, point_remain, issue_id) VALUES (2883, '2013-10-22 09:22:35.62', 'D1T1', 2622);
INSERT INTO point_remain (id, date_update, point_remain, issue_id) VALUES (2943, '2013-10-23 09:25:00.696', 'D0T1', 2594);
INSERT INTO point_remain (id, date_update, point_remain, issue_id) VALUES (2941, '2013-10-23 09:25:00.65', 'D1T1', 2626);
INSERT INTO point_remain (id, date_update, point_remain, issue_id) VALUES (2945, '2013-10-23 09:25:00.696', 'D0T1', 2596);
INSERT INTO point_remain (id, date_update, point_remain, issue_id) VALUES (2947, '2013-10-23 09:25:00.697', 'D0T1', 2598);
INSERT INTO point_remain (id, date_update, point_remain, issue_id) VALUES (2948, '2013-10-23 09:25:00.697', 'D0T1', 2620);
INSERT INTO point_remain (id, date_update, point_remain, issue_id) VALUES (2949, '2013-10-23 09:25:00.697', 'D0T1', 2621);
INSERT INTO point_remain (id, date_update, point_remain, issue_id) VALUES (2950, '2013-10-23 09:25:00.697', 'D1T1', 2622);
INSERT INTO point_remain (id, date_update, point_remain, issue_id) VALUES (2951, '2013-10-23 09:25:00.699', 'D0T1', 2623);
INSERT INTO point_remain (id, date_update, point_remain, issue_id) VALUES (2953, '2013-10-23 09:25:00.699', 'D1T0', 2780);
INSERT INTO point_remain (id, date_update, point_remain, issue_id) VALUES (2944, '2013-10-23 09:25:00.696', 'D3T1', 2595);
INSERT INTO point_remain (id, date_update, point_remain, issue_id) VALUES (2942, '2013-10-23 09:25:00.696', 'D1T1', 2591);
INSERT INTO point_remain (id, date_update, point_remain, issue_id) VALUES (2952, '2013-10-23 09:25:00.699', 'D9T0', 2624);
INSERT INTO point_remain (id, date_update, point_remain, issue_id) VALUES (2946, '2013-10-23 09:25:00.697', 'D0T0', 2597);
INSERT INTO point_remain (id, date_update, point_remain, issue_id) VALUES (2940, '2013-10-23 09:06:01.228', 'D4T2', 2625);
INSERT INTO point_remain (id, date_update, point_remain, issue_id) VALUES (2954, '2013-10-24 09:19:48.451', 'D0T0', 2596);
INSERT INTO point_remain (id, date_update, point_remain, issue_id) VALUES (2955, '2013-10-24 09:19:48.516', 'D1T1', 2591);
INSERT INTO point_remain (id, date_update, point_remain, issue_id) VALUES (2956, '2013-10-24 09:19:48.517', 'D0T1', 2594);
INSERT INTO point_remain (id, date_update, point_remain, issue_id) VALUES (2958, '2013-10-24 09:19:48.517', 'D0T0', 2597);
INSERT INTO point_remain (id, date_update, point_remain, issue_id) VALUES (2959, '2013-10-24 09:19:48.517', 'D0T1', 2598);
INSERT INTO point_remain (id, date_update, point_remain, issue_id) VALUES (3000, '2013-10-24 09:19:48.517', 'D0T1', 2620);
INSERT INTO point_remain (id, date_update, point_remain, issue_id) VALUES (3001, '2013-10-24 09:19:48.519', 'D0T1', 2621);
INSERT INTO point_remain (id, date_update, point_remain, issue_id) VALUES (3005, '2013-10-24 09:19:48.519', 'D4T2', 2625);
INSERT INTO point_remain (id, date_update, point_remain, issue_id) VALUES (3007, '2013-10-24 09:19:48.519', 'D1T0', 2780);
INSERT INTO point_remain (id, date_update, point_remain, issue_id) VALUES (3003, '2013-10-24 09:19:48.519', 'D0T0', 2623);
INSERT INTO point_remain (id, date_update, point_remain, issue_id) VALUES (3006, '2013-10-24 09:19:48.519', 'D0T1', 2626);
INSERT INTO point_remain (id, date_update, point_remain, issue_id) VALUES (2957, '2013-10-24 09:19:48.517', 'D2T1', 2595);
INSERT INTO point_remain (id, date_update, point_remain, issue_id) VALUES (3002, '2013-10-24 09:19:48.519', 'D0T1', 2622);
INSERT INTO point_remain (id, date_update, point_remain, issue_id) VALUES (3004, '2013-10-24 09:19:48.519', 'D8T0', 2624);
INSERT INTO point_remain (id, date_update, point_remain, issue_id) VALUES (3050, '2013-10-25 09:26:42.809', 'D6.5T0', 2624);
INSERT INTO point_remain (id, date_update, point_remain, issue_id) VALUES (3054, '2013-10-25 09:26:42.869', 'D0T0', 2596);
INSERT INTO point_remain (id, date_update, point_remain, issue_id) VALUES (3055, '2013-10-25 09:26:42.869', 'D0T0', 2597);
INSERT INTO point_remain (id, date_update, point_remain, issue_id) VALUES (3056, '2013-10-25 09:26:42.87', 'D0T1', 2598);
INSERT INTO point_remain (id, date_update, point_remain, issue_id) VALUES (3058, '2013-10-25 09:26:42.87', 'D0T1', 2621);
INSERT INTO point_remain (id, date_update, point_remain, issue_id) VALUES (3060, '2013-10-25 09:26:42.87', 'D0T0', 2623);
INSERT INTO point_remain (id, date_update, point_remain, issue_id) VALUES (3063, '2013-10-25 09:26:42.871', 'D1T0', 2780);
INSERT INTO point_remain (id, date_update, point_remain, issue_id) VALUES (3062, '2013-10-25 09:26:42.871', 'D0T0', 2626);
INSERT INTO point_remain (id, date_update, point_remain, issue_id) VALUES (3051, '2013-10-25 09:26:42.869', 'D0T1', 2591);
INSERT INTO point_remain (id, date_update, point_remain, issue_id) VALUES (3052, '2013-10-25 09:26:42.869', 'D0T0.5', 2594);
INSERT INTO point_remain (id, date_update, point_remain, issue_id) VALUES (3059, '2013-10-25 09:26:42.87', 'D0T0', 2622);
INSERT INTO point_remain (id, date_update, point_remain, issue_id) VALUES (3053, '2013-10-25 09:26:42.869', 'D0T1', 2595);
INSERT INTO point_remain (id, date_update, point_remain, issue_id) VALUES (3057, '2013-10-25 09:26:42.87', 'D0T0', 2620);
INSERT INTO point_remain (id, date_update, point_remain, issue_id) VALUES (3061, '2013-10-25 09:26:42.871', 'D1T2', 2625);
INSERT INTO point_remain (id, date_update, point_remain, issue_id) VALUES (3150, '2013-10-28 09:25:21.115', 'D5T0', 2624);
INSERT INTO point_remain (id, date_update, point_remain, issue_id) VALUES (3154, '2013-10-28 09:25:21.177', 'D0T0', 2596);
INSERT INTO point_remain (id, date_update, point_remain, issue_id) VALUES (3155, '2013-10-28 09:25:21.177', 'D0T0', 2597);
INSERT INTO point_remain (id, date_update, point_remain, issue_id) VALUES (3157, '2013-10-28 09:25:21.177', 'D0T0', 2620);
INSERT INTO point_remain (id, date_update, point_remain, issue_id) VALUES (3159, '2013-10-28 09:25:21.178', 'D0T0', 2622);
INSERT INTO point_remain (id, date_update, point_remain, issue_id) VALUES (3160, '2013-10-28 09:25:21.178', 'D0T0', 2623);
INSERT INTO point_remain (id, date_update, point_remain, issue_id) VALUES (3162, '2013-10-28 09:25:21.179', 'D0T0', 2626);
INSERT INTO point_remain (id, date_update, point_remain, issue_id) VALUES (3158, '2013-10-28 09:25:21.177', 'D0T0', 2621);
INSERT INTO point_remain (id, date_update, point_remain, issue_id) VALUES (3163, '2013-10-28 09:25:21.179', 'D0T0', 2780);
INSERT INTO point_remain (id, date_update, point_remain, issue_id) VALUES (3153, '2013-10-28 09:25:21.177', 'D0T0', 2595);
INSERT INTO point_remain (id, date_update, point_remain, issue_id) VALUES (3152, '2013-10-28 09:25:21.177', 'D0T0', 2594);
INSERT INTO point_remain (id, date_update, point_remain, issue_id) VALUES (3161, '2013-10-28 09:25:21.179', 'D0T2', 2625);
INSERT INTO point_remain (id, date_update, point_remain, issue_id) VALUES (3151, '2013-10-28 09:25:21.177', 'D0T0', 2591);
INSERT INTO point_remain (id, date_update, point_remain, issue_id) VALUES (3156, '2013-10-28 09:25:21.177', 'D0T0', 2598);
INSERT INTO point_remain (id, date_update, point_remain, issue_id) VALUES (3230, '2013-10-29 08:49:26.442', 'D0T0', 2625);
INSERT INTO point_remain (id, date_update, point_remain, issue_id) VALUES (3231, '2013-10-29 08:49:26.522', 'D0T0', 2591);
INSERT INTO point_remain (id, date_update, point_remain, issue_id) VALUES (3232, '2013-10-29 08:49:26.523', 'D0T0', 2594);
INSERT INTO point_remain (id, date_update, point_remain, issue_id) VALUES (3233, '2013-10-29 08:49:26.523', 'D0T0', 2595);
INSERT INTO point_remain (id, date_update, point_remain, issue_id) VALUES (3234, '2013-10-29 08:49:26.523', 'D0T0', 2596);
INSERT INTO point_remain (id, date_update, point_remain, issue_id) VALUES (3236, '2013-10-29 08:49:26.523', 'D0T0', 2598);
INSERT INTO point_remain (id, date_update, point_remain, issue_id) VALUES (3237, '2013-10-29 08:49:26.523', 'D0T0', 2620);
INSERT INTO point_remain (id, date_update, point_remain, issue_id) VALUES (3238, '2013-10-29 08:49:26.523', 'D0T0', 2621);
INSERT INTO point_remain (id, date_update, point_remain, issue_id) VALUES (3239, '2013-10-29 08:49:26.523', 'D0T0', 2622);
INSERT INTO point_remain (id, date_update, point_remain, issue_id) VALUES (3240, '2013-10-29 08:49:26.523', 'D0T0', 2623);
INSERT INTO point_remain (id, date_update, point_remain, issue_id) VALUES (3242, '2013-10-29 08:49:26.524', 'D0T0', 2626);
INSERT INTO point_remain (id, date_update, point_remain, issue_id) VALUES (3243, '2013-10-29 08:49:26.525', 'D0T0', 2780);
INSERT INTO point_remain (id, date_update, point_remain, issue_id) VALUES (3241, '2013-10-29 08:49:26.524', 'D0T0', 2624);
INSERT INTO point_remain (id, date_update, point_remain, issue_id) VALUES (3235, '2013-10-29 09:15:55.884', 'D0T0', 2597);
INSERT INTO point_remain (id, date_update, point_remain, issue_id) VALUES (3310, '2013-10-29 15:10:51.74', 'D0T0', 3300);
INSERT INTO point_remain (id, date_update, point_remain, issue_id) VALUES (3313, '2013-10-29 15:16:41.771', 'D0T0', 3303);
INSERT INTO point_remain (id, date_update, point_remain, issue_id) VALUES (3314, '2013-10-29 15:29:54.657', 'D0T0', 3304);
INSERT INTO point_remain (id, date_update, point_remain, issue_id) VALUES (3315, '2013-10-29 15:48:07.436', 'D0T0', 3305);
INSERT INTO point_remain (id, date_update, point_remain, issue_id) VALUES (3316, '2013-10-29 15:48:42.985', 'D0T0', 3306);
INSERT INTO point_remain (id, date_update, point_remain, issue_id) VALUES (3317, '2013-10-29 15:49:11.275', 'D0T0', 3307);
INSERT INTO point_remain (id, date_update, point_remain, issue_id) VALUES (3318, '2013-10-29 15:49:39.714', 'D0T0', 3308);
INSERT INTO point_remain (id, date_update, point_remain, issue_id) VALUES (3319, '2013-10-29 15:52:19.446', 'D0T0', 3309);
INSERT INTO point_remain (id, date_update, point_remain, issue_id) VALUES (3360, '2013-10-29 15:58:12.56', 'D0T0', 3350);
INSERT INTO point_remain (id, date_update, point_remain, issue_id) VALUES (3361, '2013-10-29 15:59:51.193', 'D0T0', 3351);

--
-- TOC entry 2069 (class 0 OID 201056)
-- Dependencies: 175
-- Data for Name: retrospective_result; Type: TABLE DATA; Schema: myagile; Owner: postgres
--

INSERT INTO retrospective_result (id, date, description, status, type, owner_id, project_id, sprint_id) VALUES (40, '2013-09-04 15:30:11.245', 'Get headache when changing framework...', 'Solved', 'Unhappy', 3, 10, 1);
INSERT INTO retrospective_result (id, date, description, status, type, owner_id, project_id, sprint_id) VALUES (351, '2013-09-12 11:48:51.997', 'Sometimes the screen suddenly becomes frozen.', 'Unsolved', 'Unhappy', 2, 10, 60);
INSERT INTO retrospective_result (id, date, description, status, type, owner_id, project_id, sprint_id) VALUES (1402, '2013-09-19 13:54:59.998', 'Members do not follow code convention when writing automation tests', 'Unsolved', 'Unhappy', 2, 10, 1210);
INSERT INTO retrospective_result (id, date, description, status, type, owner_id, project_id, sprint_id) VALUES (1401, '2013-09-18 15:36:46.308', 'Don''t run Unit tests after editing old methods', 'Solved', 'Unhappy', 2, 10, 1210);
INSERT INTO retrospective_result (id, date, description, status, type, owner_id, project_id, sprint_id) VALUES (1400, '2013-09-18 15:03:59.598', 'Integrate function in late time in a Sprint that will effect relative function', 'Solved', 'Unhappy', 2, 10, 1210);
INSERT INTO retrospective_result (id, date, description, status, type, owner_id, project_id, sprint_id) VALUES (2010, '2013-10-02 10:37:38.088', 'Some members talk so loudly in meeting or f2f discuss', 'Unsolved', 'Unhappy', 2, 10, 1810);
INSERT INTO retrospective_result (id, date, description, status, type, owner_id, project_id, sprint_id) VALUES (110, '2013-09-05 13:37:50.454', 'The pronunciation of team member need to improve', 'Solved', 'Unhappy', 1, 10, 60);

INSERT INTO retrospective_result (id, date, description, owner_id, project_id, sprint_id, status, type) VALUES (65, '2013-06-10 00:00:00', 'Knight: So confused', 17, 3, 56, 'Unsolved', 'unhappy');
INSERT INTO retrospective_result (id, date, description, owner_id, project_id, sprint_id, status, type) VALUES (66, '2013-06-10 00:00:00', 'SevenUp: So confused', 18, 3, 59, 'Unsolved', 'unhappy');



--
-- TOC entry 2076 (class 0 OID 201092)
-- Dependencies: 182
-- Data for Name: tracking; Type: TABLE DATA; Schema: myagile; Owner: postgres
--

INSERT INTO history (id, action_type, container_id, container_type, created_on, author_id) VALUES (160, 'Update', 83, 'Issue', '2013-09-11 15:45:46.977', 1);
INSERT INTO history (id, action_type, container_id, container_type, created_on, author_id) VALUES (161, 'Update', 84, 'Issue', '2013-09-11 15:47:13.331', 1);
INSERT INTO history (id, action_type, container_id, container_type, created_on, author_id) VALUES (162, 'Update', 84, 'Issue', '2013-09-11 15:47:22.704', 1);
INSERT INTO history (id, action_type, container_id, container_type, created_on, author_id) VALUES (163, 'Update', 82, 'Issue', '2013-09-11 15:47:50.048', 1);
INSERT INTO history (id, action_type, container_id, container_type, created_on, author_id) VALUES (164, 'Update', 80, 'Issue', '2013-09-11 15:48:02.048', 1);
INSERT INTO history (id, action_type, container_id, container_type, created_on, author_id) VALUES (165, 'Update', 59, 'Issue', '2013-09-11 15:48:15.183', 1);
INSERT INTO history (id, action_type, container_id, container_type, created_on, author_id) VALUES (166, 'Update', 58, 'Issue', '2013-09-11 15:48:34.73', 1);
INSERT INTO history (id, action_type, container_id, container_type, created_on, author_id) VALUES (167, 'Update', 57, 'Issue', '2013-09-11 15:49:02.492', 1);
INSERT INTO history (id, action_type, container_id, container_type, created_on, author_id) VALUES (168, 'Update', 81, 'Issue', '2013-09-11 15:49:25.887', 1);
INSERT INTO history (id, action_type, container_id, container_type, created_on, author_id) VALUES (169, 'Update', 55, 'Issue', '2013-09-11 15:49:43.789', 1);
INSERT INTO history (id, action_type, container_id, container_type, created_on, author_id) VALUES (190, 'Update', 56, 'Issue', '2013-09-11 15:49:59.92', 1);
INSERT INTO history (id, action_type, container_id, container_type, created_on, author_id) VALUES (191, 'Update', 55, 'Issue', '2013-09-11 16:22:34.779', 2);
INSERT INTO history (id, action_type, container_id, container_type, created_on, author_id) VALUES (221, 'Create', 264, 'Issue', '2013-09-11 19:38:58.999', 1);
INSERT INTO history (id, action_type, container_id, container_type, created_on, author_id) VALUES (222, 'Create', 265, 'Issue', '2013-09-11 19:40:28.523', 1);
INSERT INTO history (id, action_type, container_id, container_type, created_on, author_id) VALUES (223, 'Create', 266, 'Issue', '2013-09-11 19:42:07.101', 1);
INSERT INTO history (id, action_type, container_id, container_type, created_on, author_id) VALUES (225, 'Create', 268, 'Issue', '2013-09-11 19:49:56.852', 1);
INSERT INTO history (id, action_type, container_id, container_type, created_on, author_id) VALUES (226, 'Create', 269, 'Issue', '2013-09-11 19:51:02.899', 1);
INSERT INTO history (id, action_type, container_id, container_type, created_on, author_id) VALUES (229, 'Create', 232, 'Issue', '2013-09-11 20:03:31.195', 1);
INSERT INTO history (id, action_type, container_id, container_type, created_on, author_id) VALUES (241, 'Create', 234, 'Issue', '2013-09-11 20:05:36.24', 1);
INSERT INTO history (id, action_type, container_id, container_type, created_on, author_id) VALUES (242, 'Create', 235, 'Issue', '2013-09-11 20:08:06.728', 1);
INSERT INTO history (id, action_type, container_id, container_type, created_on, author_id) VALUES (260, 'Create', 250, 'Issue', '2013-09-11 20:30:10.519', 1);
INSERT INTO history (id, action_type, container_id, container_type, created_on, author_id) VALUES (261, 'Update', 83, 'Issue', '2013-09-12 09:22:52.421', 1);
INSERT INTO history (id, action_type, container_id, container_type, created_on, author_id) VALUES (262, 'Update', 84, 'Issue', '2013-09-12 09:23:00.327', 1);
INSERT INTO history (id, action_type, container_id, container_type, created_on, author_id) VALUES (263, 'Update', 82, 'Issue', '2013-09-12 09:23:56.464', 1);
INSERT INTO history (id, action_type, container_id, container_type, created_on, author_id) VALUES (264, 'Update', 84, 'Issue', '2013-09-12 09:24:02.851', 1);
INSERT INTO history (id, action_type, container_id, container_type, created_on, author_id) VALUES (265, 'Update', 51, 'Issue', '2013-09-12 09:24:24.525', 1);
INSERT INTO history (id, action_type, container_id, container_type, created_on, author_id) VALUES (266, 'Update', 51, 'Issue', '2013-09-12 09:24:27.62', 1);
INSERT INTO history (id, action_type, container_id, container_type, created_on, author_id) VALUES (267, 'Update', 51, 'Issue', '2013-09-12 09:24:42.406', 1);
INSERT INTO history (id, action_type, container_id, container_type, created_on, author_id) VALUES (268, 'Update', 80, 'Issue', '2013-09-12 09:24:54.091', 1);
INSERT INTO history (id, action_type, container_id, container_type, created_on, author_id) VALUES (269, 'Update', 80, 'Issue', '2013-09-12 09:24:56.987', 1);
INSERT INTO history (id, action_type, container_id, container_type, created_on, author_id) VALUES (300, 'Update', 59, 'Issue', '2013-09-12 09:25:20.012', 1);
INSERT INTO history (id, action_type, container_id, container_type, created_on, author_id) VALUES (301, 'Update', 59, 'Issue', '2013-09-12 09:25:21.988', 1);
INSERT INTO history (id, action_type, container_id, container_type, created_on, author_id) VALUES (302, 'Update', 58, 'Issue', '2013-09-12 09:25:33.09', 1);
INSERT INTO history (id, action_type, container_id, container_type, created_on, author_id) VALUES (303, 'Update', 54, 'Issue', '2013-09-12 09:25:49.136', 1);
INSERT INTO history (id, action_type, container_id, container_type, created_on, author_id) VALUES (304, 'Update', 54, 'Issue', '2013-09-12 09:25:52.561', 1);
INSERT INTO history (id, action_type, container_id, container_type, created_on, author_id) VALUES (305, 'Update', 54, 'Issue', '2013-09-12 09:26:13.022', 1);
INSERT INTO history (id, action_type, container_id, container_type, created_on, author_id) VALUES (306, 'Update', 81, 'Issue', '2013-09-12 09:26:25.023', 1);
INSERT INTO history (id, action_type, container_id, container_type, created_on, author_id) VALUES (307, 'Update', 81, 'Issue', '2013-09-12 09:26:27.102', 1);
INSERT INTO history (id, action_type, container_id, container_type, created_on, author_id) VALUES (308, 'Update', 53, 'Issue', '2013-09-12 09:26:40.428', 1);
INSERT INTO history (id, action_type, container_id, container_type, created_on, author_id) VALUES (309, 'Update', 53, 'Issue', '2013-09-12 09:26:44.916', 1);
INSERT INTO history (id, action_type, container_id, container_type, created_on, author_id) VALUES (330, 'Update', 53, 'Issue', '2013-09-12 09:26:59.457', 1);
INSERT INTO history (id, action_type, container_id, container_type, created_on, author_id) VALUES (331, 'Update', 51, 'Issue', '2013-09-12 09:27:46.764', 1);
INSERT INTO history (id, action_type, container_id, container_type, created_on, author_id) VALUES (332, 'Update', 51, 'Issue', '2013-09-12 09:27:52.955', 1);
INSERT INTO history (id, action_type, container_id, container_type, created_on, author_id) VALUES (333, 'Update', 56, 'Issue', '2013-09-12 09:28:40.333', 1);
INSERT INTO history (id, action_type, container_id, container_type, created_on, author_id) VALUES (334, 'Update', 56, 'Issue', '2013-09-12 09:29:00.999', 1);
INSERT INTO history (id, action_type, container_id, container_type, created_on, author_id) VALUES (390, 'Update', 55, 'Issue', '2013-09-12 18:09:35.82', 1);
INSERT INTO history (id, action_type, container_id, container_type, created_on, author_id) VALUES (391, 'Update', 83, 'Issue', '2013-09-12 18:09:37.602', 1);
INSERT INTO history (id, action_type, container_id, container_type, created_on, author_id) VALUES (392, 'Update', 58, 'Issue', '2013-09-12 18:09:39.353', 1);
INSERT INTO history (id, action_type, container_id, container_type, created_on, author_id) VALUES (393, 'Update', 54, 'Issue', '2013-09-12 18:09:41.357', 1);
INSERT INTO history (id, action_type, container_id, container_type, created_on, author_id) VALUES (394, 'Update', 57, 'Issue', '2013-09-12 18:09:43.112', 1);
INSERT INTO history (id, action_type, container_id, container_type, created_on, author_id) VALUES (395, 'Update', 56, 'Issue', '2013-09-12 18:09:45.151', 1);
INSERT INTO history (id, action_type, container_id, container_type, created_on, author_id) VALUES (396, 'Update', 53, 'Issue', '2013-09-12 18:09:47.158', 1);
INSERT INTO history (id, action_type, container_id, container_type, created_on, author_id) VALUES (397, 'Update', 51, 'Issue', '2013-09-12 18:09:48.956', 1);
INSERT INTO history (id, action_type, container_id, container_type, created_on, author_id) VALUES (398, 'Update', 81, 'Issue', '2013-09-12 18:09:51.136', 1);
INSERT INTO history (id, action_type, container_id, container_type, created_on, author_id) VALUES (399, 'Update', 80, 'Issue', '2013-09-12 18:09:53.014', 1);
INSERT INTO history (id, action_type, container_id, container_type, created_on, author_id) VALUES (410, 'Update', 59, 'Issue', '2013-09-12 18:09:54.924', 1);
INSERT INTO history (id, action_type, container_id, container_type, created_on, author_id) VALUES (411, 'Update', 84, 'Issue', '2013-09-12 18:09:56.655', 1);
INSERT INTO history (id, action_type, container_id, container_type, created_on, author_id) VALUES (412, 'Update', 82, 'Issue', '2013-09-12 18:09:58.497', 1);
INSERT INTO history (id, action_type, container_id, container_type, created_on, author_id) VALUES (413, 'Update', 83, 'Issue', '2013-09-12 18:10:03.472', 1);
INSERT INTO history (id, action_type, container_id, container_type, created_on, author_id) VALUES (414, 'Update', 83, 'Issue', '2013-09-12 18:10:10.863', 1);
INSERT INTO history (id, action_type, container_id, container_type, created_on, author_id) VALUES (415, 'Update', 84, 'Issue', '2013-09-12 18:10:18.081', 1);
INSERT INTO history (id, action_type, container_id, container_type, created_on, author_id) VALUES (416, 'Update', 84, 'Issue', '2013-09-12 18:10:24.301', 1);
INSERT INTO history (id, action_type, container_id, container_type, created_on, author_id) VALUES (417, 'Update', 82, 'Issue', '2013-09-12 18:10:30.453', 1);
INSERT INTO history (id, action_type, container_id, container_type, created_on, author_id) VALUES (418, 'Update', 82, 'Issue', '2013-09-12 18:10:36.417', 1);
INSERT INTO history (id, action_type, container_id, container_type, created_on, author_id) VALUES (419, 'Update', 82, 'Issue', '2013-09-12 18:10:38.205', 1);
INSERT INTO history (id, action_type, container_id, container_type, created_on, author_id) VALUES (450, 'Update', 80, 'Issue', '2013-09-12 18:10:44.339', 1);
INSERT INTO history (id, action_type, container_id, container_type, created_on, author_id) VALUES (451, 'Update', 80, 'Issue', '2013-09-12 18:10:50.177', 1);
INSERT INTO history (id, action_type, container_id, container_type, created_on, author_id) VALUES (452, 'Update', 59, 'Issue', '2013-09-12 18:10:57.003', 1);
INSERT INTO history (id, action_type, container_id, container_type, created_on, author_id) VALUES (453, 'Update', 59, 'Issue', '2013-09-12 18:11:03.728', 1);
INSERT INTO history (id, action_type, container_id, container_type, created_on, author_id) VALUES (454, 'Update', 58, 'Issue', '2013-09-12 18:11:13.191', 1);
INSERT INTO history (id, action_type, container_id, container_type, created_on, author_id) VALUES (455, 'Update', 58, 'Issue', '2013-09-12 18:11:19.784', 1);
INSERT INTO history (id, action_type, container_id, container_type, created_on, author_id) VALUES (456, 'Update', 57, 'Issue', '2013-09-12 18:11:26.02', 1);
INSERT INTO history (id, action_type, container_id, container_type, created_on, author_id) VALUES (457, 'Update', 57, 'Issue', '2013-09-12 18:11:32.978', 1);
INSERT INTO history (id, action_type, container_id, container_type, created_on, author_id) VALUES (458, 'Update', 81, 'Issue', '2013-09-12 18:11:43.672', 1);
INSERT INTO history (id, action_type, container_id, container_type, created_on, author_id) VALUES (459, 'Update', 81, 'Issue', '2013-09-12 18:11:49.482', 1);
INSERT INTO history (id, action_type, container_id, container_type, created_on, author_id) VALUES (480, 'Update', 55, 'Issue', '2013-09-12 18:11:58.395', 1);
INSERT INTO history (id, action_type, container_id, container_type, created_on, author_id) VALUES (481, 'Update', 56, 'Issue', '2013-09-12 18:12:03.599', 1);
INSERT INTO history (id, action_type, container_id, container_type, created_on, author_id) VALUES (482, 'Update', 56, 'Issue', '2013-09-12 18:12:09.649', 1);
INSERT INTO history (id, action_type, container_id, container_type, created_on, author_id) VALUES (483, 'Update', 83, 'Issue', '2013-09-12 18:17:45.017', 1);
INSERT INTO history (id, action_type, container_id, container_type, created_on, author_id) VALUES (484, 'Update', 84, 'Issue', '2013-09-12 18:17:56.793', 1);
INSERT INTO history (id, action_type, container_id, container_type, created_on, author_id) VALUES (485, 'Update', 84, 'Issue', '2013-09-12 18:17:59.197', 1);
INSERT INTO history (id, action_type, container_id, container_type, created_on, author_id) VALUES (486, 'Update', 51, 'Issue', '2013-09-12 18:18:14.053', 1);
INSERT INTO history (id, action_type, container_id, container_type, created_on, author_id) VALUES (487, 'Update', 51, 'Issue', '2013-09-12 18:18:20.508', 1);
INSERT INTO history (id, action_type, container_id, container_type, created_on, author_id) VALUES (488, 'Update', 80, 'Issue', '2013-09-12 18:18:32.482', 1);
INSERT INTO history (id, action_type, container_id, container_type, created_on, author_id) VALUES (489, 'Update', 80, 'Issue', '2013-09-12 18:18:35.314', 1);
INSERT INTO history (id, action_type, container_id, container_type, created_on, author_id) VALUES (510, 'Update', 59, 'Issue', '2013-09-12 18:18:47.891', 1);
INSERT INTO history (id, action_type, container_id, container_type, created_on, author_id) VALUES (511, 'Update', 59, 'Issue', '2013-09-12 18:18:49.669', 1);
INSERT INTO history (id, action_type, container_id, container_type, created_on, author_id) VALUES (512, 'Update', 58, 'Issue', '2013-09-12 18:18:59.155', 1);
INSERT INTO history (id, action_type, container_id, container_type, created_on, author_id) VALUES (513, 'Update', 54, 'Issue', '2013-09-12 18:19:05.294', 1);
INSERT INTO history (id, action_type, container_id, container_type, created_on, author_id) VALUES (514, 'Update', 54, 'Issue', '2013-09-12 18:19:13.896', 1);
INSERT INTO history (id, action_type, container_id, container_type, created_on, author_id) VALUES (515, 'Update', 81, 'Issue', '2013-09-12 18:19:23.312', 1);
INSERT INTO history (id, action_type, container_id, container_type, created_on, author_id) VALUES (516, 'Update', 81, 'Issue', '2013-09-12 18:19:28.877', 1);
INSERT INTO history (id, action_type, container_id, container_type, created_on, author_id) VALUES (517, 'Update', 53, 'Issue', '2013-09-12 18:19:35.408', 1);
INSERT INTO history (id, action_type, container_id, container_type, created_on, author_id) VALUES (518, 'Update', 53, 'Issue', '2013-09-12 18:19:41.45', 1);
INSERT INTO history (id, action_type, container_id, container_type, created_on, author_id) VALUES (519, 'Update', 51, 'Issue', '2013-09-12 18:19:52.619', 1);
INSERT INTO history (id, action_type, container_id, container_type, created_on, author_id) VALUES (530, 'Update', 56, 'Issue', '2013-09-12 18:20:03.573', 1);
INSERT INTO history (id, action_type, container_id, container_type, created_on, author_id) VALUES (531, 'Update', 83, 'Issue', '2013-09-12 18:21:31.496', 1);
INSERT INTO history (id, action_type, container_id, container_type, created_on, author_id) VALUES (532, 'Update', 83, 'Issue', '2013-09-12 18:21:33.305', 1);
INSERT INTO history (id, action_type, container_id, container_type, created_on, author_id) VALUES (533, 'Update', 51, 'Issue', '2013-09-12 18:21:42.347', 1);
INSERT INTO history (id, action_type, container_id, container_type, created_on, author_id) VALUES (534, 'Update', 51, 'Issue', '2013-09-12 18:21:57.088', 1);
INSERT INTO history (id, action_type, container_id, container_type, created_on, author_id) VALUES (535, 'Update', 54, 'Issue', '2013-09-12 18:22:06.779', 1);
INSERT INTO history (id, action_type, container_id, container_type, created_on, author_id) VALUES (536, 'Update', 84, 'Issue', '2013-09-12 18:22:17.134', 1);
INSERT INTO history (id, action_type, container_id, container_type, created_on, author_id) VALUES (537, 'Update', 58, 'Issue', '2013-09-12 18:22:29.126', 1);
INSERT INTO history (id, action_type, container_id, container_type, created_on, author_id) VALUES (538, 'Update', 54, 'Issue', '2013-09-12 18:22:45.644', 1);
INSERT INTO history (id, action_type, container_id, container_type, created_on, author_id) VALUES (539, 'Update', 51, 'Issue', '2013-09-12 18:23:01.658', 1);
INSERT INTO history (id, action_type, container_id, container_type, created_on, author_id) VALUES (570, 'Update', 53, 'Issue', '2013-09-12 18:23:12.16', 1);
INSERT INTO history (id, action_type, container_id, container_type, created_on, author_id) VALUES (571, 'Update', 51, 'Issue', '2013-09-12 18:23:19.863', 1);
INSERT INTO history (id, action_type, container_id, container_type, created_on, author_id) VALUES (572, 'Update', 56, 'Issue', '2013-09-12 18:23:29.861', 1);
INSERT INTO history (id, action_type, container_id, container_type, created_on, author_id) VALUES (573, 'Update', 52, 'Issue', '2013-09-12 18:24:20.029', 1);
INSERT INTO history (id, action_type, container_id, container_type, created_on, author_id) VALUES (574, 'Update', 52, 'Issue', '2013-09-12 18:24:27.264', 1);
INSERT INTO history (id, action_type, container_id, container_type, created_on, author_id) VALUES (575, 'Update', 52, 'Issue', '2013-09-12 18:24:32.906', 1);
INSERT INTO history (id, action_type, container_id, container_type, created_on, author_id) VALUES (576, 'Update', 52, 'Issue', '2013-09-12 18:24:41.799', 1);
INSERT INTO history (id, action_type, container_id, container_type, created_on, author_id) VALUES (577, 'Update', 52, 'Issue', '2013-09-12 18:26:00.564', 1);
INSERT INTO history (id, action_type, container_id, container_type, created_on, author_id) VALUES (578, 'Update', 52, 'Issue', '2013-09-12 18:26:09.105', 1);
INSERT INTO history (id, action_type, container_id, container_type, created_on, author_id) VALUES (579, 'Update', 54, 'Issue', '2013-09-12 18:26:32.121', 1);
INSERT INTO history (id, action_type, container_id, container_type, created_on, author_id) VALUES (610, 'Update', 58, 'Issue', '2013-09-12 18:26:44.025', 1);
INSERT INTO history (id, action_type, container_id, container_type, created_on, author_id) VALUES (611, 'Update', 58, 'Issue', '2013-09-12 18:26:45.825', 1);
INSERT INTO history (id, action_type, container_id, container_type, created_on, author_id) VALUES (612, 'Update', 83, 'Issue', '2013-09-12 18:27:19.436', 1);
INSERT INTO history (id, action_type, container_id, container_type, created_on, author_id) VALUES (613, 'Update', 81, 'Issue', '2013-09-12 18:27:25.741', 1);
INSERT INTO history (id, action_type, container_id, container_type, created_on, author_id) VALUES (614, 'Update', 52, 'Issue', '2013-09-12 18:27:34.305', 1);
INSERT INTO history (id, action_type, container_id, container_type, created_on, author_id) VALUES (615, 'Update', 53, 'Issue', '2013-09-12 18:27:42.704', 1);
INSERT INTO history (id, action_type, container_id, container_type, created_on, author_id) VALUES (616, 'Update', 59, 'Issue', '2013-09-12 18:27:50.957', 1);
INSERT INTO history (id, action_type, container_id, container_type, created_on, author_id) VALUES (617, 'Update', 52, 'Issue', '2013-09-12 18:28:07.58', 1);
INSERT INTO history (id, action_type, container_id, container_type, created_on, author_id) VALUES (618, 'Update', 51, 'Issue', '2013-09-12 18:28:14.884', 1);
INSERT INTO history (id, action_type, container_id, container_type, created_on, author_id) VALUES (619, 'Update', 56, 'Issue', '2013-09-12 18:28:35.79', 1);
INSERT INTO history (id, action_type, container_id, container_type, created_on, author_id) VALUES (640, 'Create', 630, 'Issue', '2013-09-12 18:32:31.527', 1);
INSERT INTO history (id, action_type, container_id, container_type, created_on, author_id) VALUES (641, 'Create', 631, 'Issue', '2013-09-12 18:33:34.85', 1);
INSERT INTO history (id, action_type, container_id, container_type, created_on, author_id) VALUES (642, 'Update', 631, 'Issue', '2013-09-12 18:33:48.021', 1);
INSERT INTO history (id, action_type, container_id, container_type, created_on, author_id) VALUES (643, 'Update', 630, 'Issue', '2013-09-12 18:33:53.972', 1);
INSERT INTO history (id, action_type, container_id, container_type, created_on, author_id) VALUES (644, 'Create', 632, 'Issue', '2013-09-12 18:37:21.69', 1);
INSERT INTO history (id, action_type, container_id, container_type, created_on, author_id) VALUES (645, 'Update', 632, 'Issue', '2013-09-12 18:39:00.48', 1);
INSERT INTO history (id, action_type, container_id, container_type, created_on, author_id) VALUES (646, 'Update', 632, 'Issue', '2013-09-12 18:39:05.117', 1);
INSERT INTO history (id, action_type, container_id, container_type, created_on, author_id) VALUES (647, 'Update', 52, 'Issue', '2013-09-12 18:40:14.314', 1);
INSERT INTO history (id, action_type, container_id, container_type, created_on, author_id) VALUES (648, 'Update', 52, 'Issue', '2013-09-12 18:42:21.992', 1);
INSERT INTO history (id, action_type, container_id, container_type, created_on, author_id) VALUES (649, 'Update', 52, 'Issue', '2013-09-12 18:42:26.672', 1);
INSERT INTO history (id, action_type, container_id, container_type, created_on, author_id) VALUES (700, 'Update', 51, 'Issue', '2013-09-12 18:42:35.046', 1);
INSERT INTO history (id, action_type, container_id, container_type, created_on, author_id) VALUES (701, 'Update', 54, 'Issue', '2013-09-12 18:42:44.768', 1);
INSERT INTO history (id, action_type, container_id, container_type, created_on, author_id) VALUES (702, 'Update', 54, 'Issue', '2013-09-12 18:42:46.341', 1);
INSERT INTO history (id, action_type, container_id, container_type, created_on, author_id) VALUES (703, 'Update', 630, 'Issue', '2013-09-12 18:42:53.748', 1);
INSERT INTO history (id, action_type, container_id, container_type, created_on, author_id) VALUES (704, 'Update', 630, 'Issue', '2013-09-12 18:43:00.356', 1);
INSERT INTO history (id, action_type, container_id, container_type, created_on, author_id) VALUES (705, 'Update', 82, 'Issue', '2013-09-12 18:43:19.591', 1);
INSERT INTO history (id, action_type, container_id, container_type, created_on, author_id) VALUES (706, 'Update', 81, 'Issue', '2013-09-12 18:43:37.447', 1);
INSERT INTO history (id, action_type, container_id, container_type, created_on, author_id) VALUES (707, 'Update', 58, 'Issue', '2013-09-12 18:43:41.725', 1);
INSERT INTO history (id, action_type, container_id, container_type, created_on, author_id) VALUES (708, 'Update', 51, 'Issue', '2013-09-12 18:43:55.147', 1);
INSERT INTO history (id, action_type, container_id, container_type, created_on, author_id) VALUES (709, 'Update', 631, 'Issue', '2013-09-12 18:43:56.92', 1);
INSERT INTO history (id, action_type, container_id, container_type, created_on, author_id) VALUES (720, 'Update', 631, 'Issue', '2013-09-12 18:44:04.741', 1);
INSERT INTO history (id, action_type, container_id, container_type, created_on, author_id) VALUES (721, 'Update', 53, 'Issue', '2013-09-12 18:44:13.501', 1);
INSERT INTO history (id, action_type, container_id, container_type, created_on, author_id) VALUES (722, 'Update', 56, 'Issue', '2013-09-12 18:44:26.572', 1);
INSERT INTO history (id, action_type, container_id, container_type, created_on, author_id) VALUES (723, 'Update', 632, 'Issue', '2013-09-12 18:45:14.392', 1);
INSERT INTO history (id, action_type, container_id, container_type, created_on, author_id) VALUES (724, 'Update', 632, 'Issue', '2013-09-12 18:45:16.695', 1);
INSERT INTO history (id, action_type, container_id, container_type, created_on, author_id) VALUES (730, 'Update', 17, 'Issue', '2013-09-12 20:36:23.326', 1);
INSERT INTO history (id, action_type, container_id, container_type, created_on, author_id) VALUES (731, 'Update', 17, 'Issue', '2013-09-12 20:39:12.144', 1);
INSERT INTO history (id, action_type, container_id, container_type, created_on, author_id) VALUES (732, 'Update', 1, 'Issue', '2013-09-12 20:40:50.149', 1);
INSERT INTO history (id, action_type, container_id, container_type, created_on, author_id) VALUES (733, 'Update', 1, 'Issue', '2013-09-12 20:41:03.053', 1);
INSERT INTO history (id, action_type, container_id, container_type, created_on, author_id) VALUES (734, 'Update', 5, 'Issue', '2013-09-12 20:41:20.607', 1);
INSERT INTO history (id, action_type, container_id, container_type, created_on, author_id) VALUES (735, 'Update', 5, 'Issue', '2013-09-12 20:41:34.043', 1);
INSERT INTO history (id, action_type, container_id, container_type, created_on, author_id) VALUES (736, 'Update', 3, 'Issue', '2013-09-12 20:41:47.612', 1);
INSERT INTO history (id, action_type, container_id, container_type, created_on, author_id) VALUES (737, 'Update', 3, 'Issue', '2013-09-12 20:41:59.296', 1);
INSERT INTO history (id, action_type, container_id, container_type, created_on, author_id) VALUES (738, 'Update', 2, 'Issue', '2013-09-12 20:42:10.153', 1);
INSERT INTO history (id, action_type, container_id, container_type, created_on, author_id) VALUES (739, 'Update', 2, 'Issue', '2013-09-12 20:42:21.42', 1);
INSERT INTO history (id, action_type, container_id, container_type, created_on, author_id) VALUES (770, 'Update', 7, 'Issue', '2013-09-12 20:42:32.656', 1);
INSERT INTO history (id, action_type, container_id, container_type, created_on, author_id) VALUES (771, 'Update', 7, 'Issue', '2013-09-12 20:42:43.962', 1);
INSERT INTO history (id, action_type, container_id, container_type, created_on, author_id) VALUES (772, 'Update', 10, 'Issue', '2013-09-12 20:42:54.166', 1);
INSERT INTO history (id, action_type, container_id, container_type, created_on, author_id) VALUES (773, 'Update', 10, 'Issue', '2013-09-12 20:43:14.172', 1);
INSERT INTO history (id, action_type, container_id, container_type, created_on, author_id) VALUES (774, 'Update', 8, 'Issue', '2013-09-12 20:43:29.23', 1);
INSERT INTO history (id, action_type, container_id, container_type, created_on, author_id) VALUES (775, 'Update', 8, 'Issue', '2013-09-12 20:43:40.887', 1);
INSERT INTO history (id, action_type, container_id, container_type, created_on, author_id) VALUES (776, 'Update', 4, 'Issue', '2013-09-12 20:43:55.361', 1);
INSERT INTO history (id, action_type, container_id, container_type, created_on, author_id) VALUES (777, 'Update', 4, 'Issue', '2013-09-12 20:44:06.365', 1);
INSERT INTO history (id, action_type, container_id, container_type, created_on, author_id) VALUES (778, 'Update', 11, 'Issue', '2013-09-12 20:44:16.996', 1);
INSERT INTO history (id, action_type, container_id, container_type, created_on, author_id) VALUES (779, 'Update', 11, 'Issue', '2013-09-12 20:44:25.761', 1);
INSERT INTO history (id, action_type, container_id, container_type, created_on, author_id) VALUES (790, 'Update', 17, 'Issue', '2013-09-12 20:59:11.839', 1);
INSERT INTO history (id, action_type, container_id, container_type, created_on, author_id) VALUES (791, 'Update', 1, 'Issue', '2013-09-12 20:59:29.016', 1);
INSERT INTO history (id, action_type, container_id, container_type, created_on, author_id) VALUES (792, 'Update', 1, 'Issue', '2013-09-12 20:59:31.675', 1);
INSERT INTO history (id, action_type, container_id, container_type, created_on, author_id) VALUES (793, 'Update', 5, 'Issue', '2013-09-12 20:59:51.465', 1);
INSERT INTO history (id, action_type, container_id, container_type, created_on, author_id) VALUES (794, 'Update', 5, 'Issue', '2013-09-12 20:59:54.897', 1);
INSERT INTO history (id, action_type, container_id, container_type, created_on, author_id) VALUES (795, 'Update', 3, 'Issue', '2013-09-12 21:00:10.273', 1);
INSERT INTO history (id, action_type, container_id, container_type, created_on, author_id) VALUES (796, 'Update', 3, 'Issue', '2013-09-12 21:00:12.753', 1);
INSERT INTO history (id, action_type, container_id, container_type, created_on, author_id) VALUES (797, 'Update', 2, 'Issue', '2013-09-12 21:00:32.464', 1);
INSERT INTO history (id, action_type, container_id, container_type, created_on, author_id) VALUES (798, 'Update', 2, 'Issue', '2013-09-12 21:00:35.22', 1);
INSERT INTO history (id, action_type, container_id, container_type, created_on, author_id) VALUES (799, 'Update', 7, 'Issue', '2013-09-12 21:00:59.571', 1);
INSERT INTO history (id, action_type, container_id, container_type, created_on, author_id) VALUES (830, 'Update', 10, 'Issue', '2013-09-12 21:01:10.984', 1);
INSERT INTO history (id, action_type, container_id, container_type, created_on, author_id) VALUES (831, 'Update', 10, 'Issue', '2013-09-12 21:01:14.185', 1);
INSERT INTO history (id, action_type, container_id, container_type, created_on, author_id) VALUES (832, 'Update', 8, 'Issue', '2013-09-12 21:01:25.798', 1);
INSERT INTO history (id, action_type, container_id, container_type, created_on, author_id) VALUES (833, 'Update', 8, 'Issue', '2013-09-12 21:01:29.037', 1);
INSERT INTO history (id, action_type, container_id, container_type, created_on, author_id) VALUES (834, 'Update', 4, 'Issue', '2013-09-12 21:01:59.263', 1);
INSERT INTO history (id, action_type, container_id, container_type, created_on, author_id) VALUES (835, 'Update', 4, 'Issue', '2013-09-12 21:02:02.365', 1);
INSERT INTO history (id, action_type, container_id, container_type, created_on, author_id) VALUES (836, 'Update', 11, 'Issue', '2013-09-12 21:02:13.804', 1);
INSERT INTO history (id, action_type, container_id, container_type, created_on, author_id) VALUES (837, 'Update', 11, 'Issue', '2013-09-12 21:02:21.987', 1);
INSERT INTO history (id, action_type, container_id, container_type, created_on, author_id) VALUES (838, 'Update', 17, 'Issue', '2013-09-12 21:05:25.768', 1);
INSERT INTO history (id, action_type, container_id, container_type, created_on, author_id) VALUES (839, 'Update', 9, 'Issue', '2013-09-12 21:05:43.26', 1);
INSERT INTO history (id, action_type, container_id, container_type, created_on, author_id) VALUES (880, 'Update', 9, 'Issue', '2013-09-12 21:05:50.698', 1);
INSERT INTO history (id, action_type, container_id, container_type, created_on, author_id) VALUES (881, 'Update', 13, 'Issue', '2013-09-12 21:06:05.524', 1);
INSERT INTO history (id, action_type, container_id, container_type, created_on, author_id) VALUES (882, 'Update', 13, 'Issue', '2013-09-12 21:06:12.593', 1);
INSERT INTO history (id, action_type, container_id, container_type, created_on, author_id) VALUES (883, 'Update', 14, 'Issue', '2013-09-12 21:06:22.822', 1);
INSERT INTO history (id, action_type, container_id, container_type, created_on, author_id) VALUES (884, 'Update', 14, 'Issue', '2013-09-12 21:06:35.356', 1);
INSERT INTO history (id, action_type, container_id, container_type, created_on, author_id) VALUES (885, 'Update', 7, 'Issue', '2013-09-12 21:06:51.651', 1);
INSERT INTO history (id, action_type, container_id, container_type, created_on, author_id) VALUES (886, 'Update', 7, 'Issue', '2013-09-12 21:06:56.512', 1);
INSERT INTO history (id, action_type, container_id, container_type, created_on, author_id) VALUES (887, 'Update', 5, 'Issue', '2013-09-12 21:07:23.141', 1);
INSERT INTO history (id, action_type, container_id, container_type, created_on, author_id) VALUES (888, 'Update', 6, 'Issue', '2013-09-12 21:07:34.26', 1);
INSERT INTO history (id, action_type, container_id, container_type, created_on, author_id) VALUES (889, 'Update', 6, 'Issue', '2013-09-12 21:07:48.989', 1);
INSERT INTO history (id, action_type, container_id, container_type, created_on, author_id) VALUES (900, 'Update', 17, 'Issue', '2013-09-12 21:09:30.163', 1);
INSERT INTO history (id, action_type, container_id, container_type, created_on, author_id) VALUES (901, 'Update', 9, 'Issue', '2013-09-12 21:09:45.797', 1);
INSERT INTO history (id, action_type, container_id, container_type, created_on, author_id) VALUES (902, 'Update', 7, 'Issue', '2013-09-12 21:09:57.657', 1);
INSERT INTO history (id, action_type, container_id, container_type, created_on, author_id) VALUES (903, 'Update', 13, 'Issue', '2013-09-12 21:10:10.315', 1);
INSERT INTO history (id, action_type, container_id, container_type, created_on, author_id) VALUES (904, 'Update', 14, 'Issue', '2013-09-12 21:10:23.146', 1);
INSERT INTO history (id, action_type, container_id, container_type, created_on, author_id) VALUES (905, 'Update', 12, 'Issue', '2013-09-12 21:10:34.864', 1);
INSERT INTO history (id, action_type, container_id, container_type, created_on, author_id) VALUES (906, 'Update', 12, 'Issue', '2013-09-12 21:10:42.347', 1);
INSERT INTO history (id, action_type, container_id, container_type, created_on, author_id) VALUES (907, 'Update', 5, 'Issue', '2013-09-12 21:10:56.924', 1);
INSERT INTO history (id, action_type, container_id, container_type, created_on, author_id) VALUES (908, 'Update', 6, 'Issue', '2013-09-12 21:11:12.808', 1);
INSERT INTO history (id, action_type, container_id, container_type, created_on, author_id) VALUES (909, 'Update', 6, 'Issue', '2013-09-12 21:11:17.019', 1);
INSERT INTO history (id, action_type, container_id, container_type, created_on, author_id) VALUES (940, 'Update', 17, 'Issue', '2013-09-12 21:12:22.29', 1);
INSERT INTO history (id, action_type, container_id, container_type, created_on, author_id) VALUES (941, 'Update', 9, 'Issue', '2013-09-12 21:12:33.134', 1);
INSERT INTO history (id, action_type, container_id, container_type, created_on, author_id) VALUES (942, 'Update', 13, 'Issue', '2013-09-12 21:12:44.395', 1);
INSERT INTO history (id, action_type, container_id, container_type, created_on, author_id) VALUES (943, 'Update', 14, 'Issue', '2013-09-12 21:12:59.163', 1);
INSERT INTO history (id, action_type, container_id, container_type, created_on, author_id) VALUES (944, 'Update', 12, 'Issue', '2013-09-12 21:13:15.187', 1);
INSERT INTO history (id, action_type, container_id, container_type, created_on, author_id) VALUES (945, 'Update', 1, 'Issue', '2013-09-12 21:13:28.959', 1);
INSERT INTO history (id, action_type, container_id, container_type, created_on, author_id) VALUES (946, 'Update', 3, 'Issue', '2013-09-12 21:13:38.875', 1);
INSERT INTO history (id, action_type, container_id, container_type, created_on, author_id) VALUES (947, 'Update', 10, 'Issue', '2013-09-12 21:13:49.408', 1);
INSERT INTO history (id, action_type, container_id, container_type, created_on, author_id) VALUES (948, 'Update', 17, 'Issue', '2013-09-12 21:14:41.089', 1);
INSERT INTO history (id, action_type, container_id, container_type, created_on, author_id) VALUES (949, 'Update', 17, 'Issue', '2013-09-12 21:14:43.561', 1);
INSERT INTO history (id, action_type, container_id, container_type, created_on, author_id) VALUES (990, 'Update', 9, 'Issue', '2013-09-12 21:14:56.411', 1);
INSERT INTO history (id, action_type, container_id, container_type, created_on, author_id) VALUES (991, 'Update', 4, 'Issue', '2013-09-12 21:15:09.884', 1);
INSERT INTO history (id, action_type, container_id, container_type, created_on, author_id) VALUES (992, 'Update', 13, 'Issue', '2013-09-12 21:15:23.585', 1);
INSERT INTO history (id, action_type, container_id, container_type, created_on, author_id) VALUES (993, 'Update', 13, 'Issue', '2013-09-12 21:15:25.914', 1);
INSERT INTO history (id, action_type, container_id, container_type, created_on, author_id) VALUES (994, 'Update', 14, 'Issue', '2013-09-12 21:15:39.791', 1);
INSERT INTO history (id, action_type, container_id, container_type, created_on, author_id) VALUES (995, 'Update', 12, 'Issue', '2013-09-12 21:15:56.594', 1);
INSERT INTO history (id, action_type, container_id, container_type, created_on, author_id) VALUES (996, 'Update', 2, 'Issue', '2013-09-12 21:16:14.22', 1);
INSERT INTO history (id, action_type, container_id, container_type, created_on, author_id) VALUES (997, 'Update', 8, 'Issue', '2013-09-12 21:16:19.353', 1);
INSERT INTO history (id, action_type, container_id, container_type, created_on, author_id) VALUES (998, 'Update', 16, 'Issue', '2013-09-12 21:17:11.313', 1);
INSERT INTO history (id, action_type, container_id, container_type, created_on, author_id) VALUES (999, 'Update', 16, 'Issue', '2013-09-12 21:17:19.011', 1);
INSERT INTO history (id, action_type, container_id, container_type, created_on, author_id) VALUES (1030, 'Update', 9, 'Issue', '2013-09-12 21:17:31.99', 1);
INSERT INTO history (id, action_type, container_id, container_type, created_on, author_id) VALUES (1031, 'Update', 9, 'Issue', '2013-09-12 21:17:37.664', 1);
INSERT INTO history (id, action_type, container_id, container_type, created_on, author_id) VALUES (1032, 'Update', 4, 'Issue', '2013-09-12 21:17:49.11', 1);
INSERT INTO history (id, action_type, container_id, container_type, created_on, author_id) VALUES (1033, 'Update', 17, 'Issue', '2013-09-12 21:18:03.829', 1);
INSERT INTO history (id, action_type, container_id, container_type, created_on, author_id) VALUES (1034, 'Update', 14, 'Issue', '2013-09-12 21:18:15.993', 1);
INSERT INTO history (id, action_type, container_id, container_type, created_on, author_id) VALUES (1035, 'Update', 14, 'Issue', '2013-09-12 21:18:18.162', 1);
INSERT INTO history (id, action_type, container_id, container_type, created_on, author_id) VALUES (1036, 'Update', 12, 'Issue', '2013-09-12 21:18:30.221', 1);
INSERT INTO history (id, action_type, container_id, container_type, created_on, author_id) VALUES (1037, 'Update', 6, 'Issue', '2013-09-12 21:18:38.79', 1);
INSERT INTO history (id, action_type, container_id, container_type, created_on, author_id) VALUES (1038, 'Update', 18, 'Issue', '2013-09-12 21:18:46.031', 1);
INSERT INTO history (id, action_type, container_id, container_type, created_on, author_id) VALUES (1039, 'Update', 18, 'Issue', '2013-09-12 21:18:56.52', 1);
INSERT INTO history (id, action_type, container_id, container_type, created_on, author_id) VALUES (1060, 'Update', 18, 'Issue', '2013-09-12 21:19:01.761', 1);
INSERT INTO history (id, action_type, container_id, container_type, created_on, author_id) VALUES (1061, 'Update', 13, 'Issue', '2013-09-12 21:19:09.81', 1);
INSERT INTO history (id, action_type, container_id, container_type, created_on, author_id) VALUES (1062, 'Update', 16, 'Issue', '2013-09-12 21:20:32.579', 1);
INSERT INTO history (id, action_type, container_id, container_type, created_on, author_id) VALUES (1063, 'Update', 18, 'Issue', '2013-09-12 21:20:41.963', 1);
INSERT INTO history (id, action_type, container_id, container_type, created_on, author_id) VALUES (1064, 'Update', 17, 'Issue', '2013-09-12 21:20:51.658', 1);
INSERT INTO history (id, action_type, container_id, container_type, created_on, author_id) VALUES (1065, 'Update', 14, 'Issue', '2013-09-12 21:20:56.624', 1);
INSERT INTO history (id, action_type, container_id, container_type, created_on, author_id) VALUES (1066, 'Update', 9, 'Issue', '2013-09-12 21:21:04.08', 1);
INSERT INTO history (id, action_type, container_id, container_type, created_on, author_id) VALUES (1067, 'Update', 15, 'Issue', '2013-09-12 21:21:09.004', 1);
INSERT INTO history (id, action_type, container_id, container_type, created_on, author_id) VALUES (1130, 'Create', 1120, 'Issue', '2013-09-16 10:10:00.908', 1);
INSERT INTO history (id, action_type, container_id, container_type, created_on, author_id) VALUES (1160, 'Update', 56, 'Issue', '2013-09-16 17:19:41.258', 1);
INSERT INTO history (id, action_type, container_id, container_type, created_on, author_id) VALUES (1161, 'Update', 56, 'Issue', '2013-09-16 17:19:41.315', 1);
INSERT INTO history (id, action_type, container_id, container_type, created_on, author_id) VALUES (1162, 'Update', 54, 'Issue', '2013-09-16 17:19:45.518', 1);
INSERT INTO history (id, action_type, container_id, container_type, created_on, author_id) VALUES (1163, 'Update', 54, 'Issue', '2013-09-16 17:19:45.533', 1);
INSERT INTO history (id, action_type, container_id, container_type, created_on, author_id) VALUES (1164, 'Update', 631, 'Issue', '2013-09-16 17:19:49.033', 1);
INSERT INTO history (id, action_type, container_id, container_type, created_on, author_id) VALUES (1165, 'Update', 631, 'Issue', '2013-09-16 17:19:49.049', 1);
INSERT INTO history (id, action_type, container_id, container_type, created_on, author_id) VALUES (1166, 'Update', 51, 'Issue', '2013-09-16 17:19:52.11', 1);
INSERT INTO history (id, action_type, container_id, container_type, created_on, author_id) VALUES (1167, 'Update', 51, 'Issue', '2013-09-16 17:19:52.126', 1);
INSERT INTO history (id, action_type, container_id, container_type, created_on, author_id) VALUES (1168, 'Update', 52, 'Issue', '2013-09-16 17:19:55.299', 1);
INSERT INTO history (id, action_type, container_id, container_type, created_on, author_id) VALUES (1169, 'Update', 52, 'Issue', '2013-09-16 17:19:55.321', 1);
INSERT INTO history (id, action_type, container_id, container_type, created_on, author_id) VALUES (1180, 'Update', 53, 'Issue', '2013-09-16 17:19:58.616', 1);
INSERT INTO history (id, action_type, container_id, container_type, created_on, author_id) VALUES (1181, 'Update', 53, 'Issue', '2013-09-16 17:19:58.632', 1);
INSERT INTO history (id, action_type, container_id, container_type, created_on, author_id) VALUES (1240, 'Create', 1230, 'Issue', '2013-09-17 15:50:18.172', 2);
INSERT INTO history (id, action_type, container_id, container_type, created_on, author_id) VALUES (1241, 'Create', 1231, 'Issue', '2013-09-17 15:51:02.679', 2);
INSERT INTO history (id, action_type, container_id, container_type, created_on, author_id) VALUES (1242, 'Create', 1232, 'Issue', '2013-09-17 15:56:25.346', 2);
INSERT INTO history (id, action_type, container_id, container_type, created_on, author_id) VALUES (1243, 'Create', 1233, 'Issue', '2013-09-17 15:58:14.154', 2);
INSERT INTO history (id, action_type, container_id, container_type, created_on, author_id) VALUES (1334, 'Update', 1271, 'Issue', '2013-09-18 11:36:14.677', 5);
INSERT INTO history (id, action_type, container_id, container_type, created_on, author_id) VALUES (1245, 'Create', 1235, 'Issue', '2013-09-17 16:05:18.964', 2);
INSERT INTO history (id, action_type, container_id, container_type, created_on, author_id) VALUES (1246, 'Create', 1236, 'Issue', '2013-09-17 16:18:31.687', 2);
INSERT INTO history (id, action_type, container_id, container_type, created_on, author_id) VALUES (1247, 'Create', 1237, 'Issue', '2013-09-17 16:22:24.099', 2);
INSERT INTO history (id, action_type, container_id, container_type, created_on, author_id) VALUES (1248, 'Create', 1238, 'Issue', '2013-09-17 16:25:05.728', 2);
INSERT INTO history (id, action_type, container_id, container_type, created_on, author_id) VALUES (1249, 'Create', 1239, 'Issue', '2013-09-17 16:38:52.902', 2);
INSERT INTO history (id, action_type, container_id, container_type, created_on, author_id) VALUES (1280, 'Create', 1270, 'Issue', '2013-09-17 16:50:30.908', 2);
INSERT INTO history (id, action_type, container_id, container_type, created_on, author_id) VALUES (1281, 'Create', 1271, 'Issue', '2013-09-17 16:58:51.88', 2);
INSERT INTO history (id, action_type, container_id, container_type, created_on, author_id) VALUES (1282, 'Create', 1272, 'Issue', '2013-09-17 17:00:17.518', 2);
INSERT INTO history (id, action_type, container_id, container_type, created_on, author_id) VALUES (1283, 'Create', 1273, 'Issue', '2013-09-17 17:01:34.007', 2);
INSERT INTO history (id, action_type, container_id, container_type, created_on, author_id) VALUES (1284, 'Create', 1274, 'Issue', '2013-09-17 17:41:53.449', 2);
INSERT INTO history (id, action_type, container_id, container_type, created_on, author_id) VALUES (1285, 'Create', 1275, 'Issue', '2013-09-17 17:46:05.648', 2);
INSERT INTO history (id, action_type, container_id, container_type, created_on, author_id) VALUES (1287, 'Update', 1236, 'Issue', '2013-09-18 09:19:45.253', 2);
INSERT INTO history (id, action_type, container_id, container_type, created_on, author_id) VALUES (1288, 'Update', 1238, 'Issue', '2013-09-18 09:25:35.875', 2);
INSERT INTO history (id, action_type, container_id, container_type, created_on, author_id) VALUES (1289, 'Update', 1270, 'Issue', '2013-09-18 10:03:20.724', 2);
INSERT INTO history (id, action_type, container_id, container_type, created_on, author_id) VALUES (1300, 'Update', 1275, 'Issue', '2013-09-18 10:16:16.276', 2);
INSERT INTO history (id, action_type, container_id, container_type, created_on, author_id) VALUES (1301, 'Update', 1235, 'Issue', '2013-09-18 10:17:45.357', 2);
INSERT INTO history (id, action_type, container_id, container_type, created_on, author_id) VALUES (1302, 'Update', 1271, 'Issue', '2013-09-18 10:20:35.308', 2);
INSERT INTO history (id, action_type, container_id, container_type, created_on, author_id) VALUES (1303, 'Update', 1272, 'Issue', '2013-09-18 10:23:47.091', 2);
INSERT INTO history (id, action_type, container_id, container_type, created_on, author_id) VALUES (1304, 'Update', 1273, 'Issue', '2013-09-18 10:26:07.473', 2);
INSERT INTO history (id, action_type, container_id, container_type, created_on, author_id) VALUES (1305, 'Update', 1231, 'Issue', '2013-09-18 10:28:51.37', 2);
INSERT INTO history (id, action_type, container_id, container_type, created_on, author_id) VALUES (1306, 'Update', 1232, 'Issue', '2013-09-18 10:30:43.86', 2);
INSERT INTO history (id, action_type, container_id, container_type, created_on, author_id) VALUES (1307, 'Update', 1274, 'Issue', '2013-09-18 10:32:55.661', 2);
INSERT INTO history (id, action_type, container_id, container_type, created_on, author_id) VALUES (1308, 'Create', 1276, 'Issue', '2013-09-18 10:46:29.888', 2);
INSERT INTO history (id, action_type, container_id, container_type, created_on, author_id) VALUES (1309, 'Create', 1277, 'Issue', '2013-09-18 10:49:12.164', 2);
INSERT INTO history (id, action_type, container_id, container_type, created_on, author_id) VALUES (1333, 'Update', 1271, 'Issue', '2013-09-18 11:36:09.411', 5);
INSERT INTO history (id, action_type, container_id, container_type, created_on, author_id) VALUES (1335, 'Update', 1236, 'Issue', '2013-09-18 11:37:29.897', 4);
INSERT INTO history (id, action_type, container_id, container_type, created_on, author_id) VALUES (1336, 'Update', 1236, 'Issue', '2013-09-18 11:37:32.907', 4);
INSERT INTO history (id, action_type, container_id, container_type, created_on, author_id) VALUES (1337, 'Update', 1231, 'Issue', '2013-09-18 11:40:18.934', 6);
INSERT INTO history (id, action_type, container_id, container_type, created_on, author_id) VALUES (1338, 'Update', 1231, 'Issue', '2013-09-18 11:40:21.524', 6);
INSERT INTO history (id, action_type, container_id, container_type, created_on, author_id) VALUES (1339, 'Update', 1232, 'Issue', '2013-09-18 11:50:19.553', 12);
INSERT INTO history (id, action_type, container_id, container_type, created_on, author_id) VALUES (1370, 'Update', 1277, 'Issue', '2013-09-18 11:50:24.847', 8);
INSERT INTO history (id, action_type, container_id, container_type, created_on, author_id) VALUES (1371, 'Update', 1232, 'Issue', '2013-09-18 11:50:26.029', 12);
INSERT INTO history (id, action_type, container_id, container_type, created_on, author_id) VALUES (1372, 'Update', 1277, 'Issue', '2013-09-18 11:50:27.892', 8);
INSERT INTO history (id, action_type, container_id, container_type, created_on, author_id) VALUES (1373, 'Update', 1274, 'Issue', '2013-09-18 11:53:46.759', 11);
INSERT INTO history (id, action_type, container_id, container_type, created_on, author_id) VALUES (1374, 'Update', 1274, 'Issue', '2013-09-18 11:53:49.626', 11);
INSERT INTO history (id, action_type, container_id, container_type, created_on, author_id) VALUES (1375, 'Update', 1272, 'Issue', '2013-09-18 11:54:54.1', 3);
INSERT INTO history (id, action_type, container_id, container_type, created_on, author_id) VALUES (1376, 'Update', 1272, 'Issue', '2013-09-18 11:54:56.509', 3);
INSERT INTO history (id, action_type, container_id, container_type, created_on, author_id) VALUES (1377, 'Update', 1234, 'Issue', '2013-09-18 13:32:54.614', 10);
INSERT INTO history (id, action_type, container_id, container_type, created_on, author_id) VALUES (1378, 'Update', 1234, 'Issue', '2013-09-18 13:32:58.92', 10);
INSERT INTO history (id, action_type, container_id, container_type, created_on, author_id) VALUES (1379, 'Update', 1275, 'Issue', '2013-09-18 13:40:14.46', 9);
INSERT INTO history (id, action_type, container_id, container_type, created_on, author_id) VALUES (1390, 'Update', 1275, 'Issue', '2013-09-18 13:40:31.583', 9);
INSERT INTO history (id, action_type, container_id, container_type, created_on, author_id) VALUES (1391, 'Update', 1238, 'Issue', '2013-09-18 14:57:59.727', 2);
INSERT INTO history (id, action_type, container_id, container_type, created_on, author_id) VALUES (1392, 'Update', 1238, 'Issue', '2013-09-18 14:58:09.037', 2);
INSERT INTO history (id, action_type, container_id, container_type, created_on, author_id) VALUES (1393, 'Update', 1238, 'Issue', '2013-09-18 15:39:18.288', 7);
INSERT INTO history (id, action_type, container_id, container_type, created_on, author_id) VALUES (1394, 'Update', 1235, 'Issue', '2013-09-18 15:39:22.88', 7);
INSERT INTO history (id, action_type, container_id, container_type, created_on, author_id) VALUES (1395, 'Update', 1235, 'Issue', '2013-09-18 15:39:25.588', 7);
INSERT INTO history (id, action_type, container_id, container_type, created_on, author_id) VALUES (1396, 'Update', 1232, 'Issue', '2013-09-19 09:20:24.909', 12);
INSERT INTO history (id, action_type, container_id, container_type, created_on, author_id) VALUES (1397, 'Update', 1231, 'Issue', '2013-09-19 09:20:36.767', 6);
INSERT INTO history (id, action_type, container_id, container_type, created_on, author_id) VALUES (1398, 'Update', 1236, 'Issue', '2013-09-19 09:20:39', 4);
INSERT INTO history (id, action_type, container_id, container_type, created_on, author_id) VALUES (1399, 'Update', 1275, 'Issue', '2013-09-19 09:20:59.929', 9);
INSERT INTO history (id, action_type, container_id, container_type, created_on, author_id) VALUES (1430, 'Update', 1272, 'Issue', '2013-09-19 09:21:15.647', 3);
INSERT INTO history (id, action_type, container_id, container_type, created_on, author_id) VALUES (1431, 'Update', 1274, 'Issue', '2013-09-19 09:30:10.167', 11);
INSERT INTO history (id, action_type, container_id, container_type, created_on, author_id) VALUES (1432, 'Update', 1277, 'Issue', '2013-09-19 09:30:18.887', 8);
INSERT INTO history (id, action_type, container_id, container_type, created_on, author_id) VALUES (1433, 'Update', 1238, 'Issue', '2013-09-19 09:30:22.893', 7);
INSERT INTO history (id, action_type, container_id, container_type, created_on, author_id) VALUES (1434, 'Update', 1277, 'Issue', '2013-09-19 09:30:24.685', 8);
INSERT INTO history (id, action_type, container_id, container_type, created_on, author_id) VALUES (1436, 'Update', 1234, 'Issue', '2013-09-19 09:33:27.613', 1);
INSERT INTO history (id, action_type, container_id, container_type, created_on, author_id) VALUES (1435, 'Update', 1271, 'Issue', '2013-09-19 09:30:58.11', 5);
INSERT INTO history (id, action_type, container_id, container_type, created_on, author_id) VALUES (1438, 'Update', 1238, 'Issue', '2013-09-20 09:19:35.735', 8);
INSERT INTO history (id, action_type, container_id, container_type, created_on, author_id) VALUES (1439, 'Update', 1238, 'Issue', '2013-09-20 09:19:36.239', 8);
INSERT INTO history (id, action_type, container_id, container_type, created_on, author_id) VALUES (1480, 'Update', 1275, 'Issue', '2013-09-20 09:19:44.43', 9);
INSERT INTO history (id, action_type, container_id, container_type, created_on, author_id) VALUES (1481, 'Update', 1235, 'Issue', '2013-09-20 09:20:44.983', 8);
INSERT INTO history (id, action_type, container_id, container_type, created_on, author_id) VALUES (1482, 'Update', 1235, 'Issue', '2013-09-20 09:20:53.482', 8);
INSERT INTO history (id, action_type, container_id, container_type, created_on, author_id) VALUES (1483, 'Update', 1232, 'Issue', '2013-09-20 09:21:06.412', 12);
INSERT INTO history (id, action_type, container_id, container_type, created_on, author_id) VALUES (1484, 'Update', 1234, 'Issue', '2013-09-20 09:21:14.356', 10);
INSERT INTO history (id, action_type, container_id, container_type, created_on, author_id) VALUES (1485, 'Update', 1231, 'Issue', '2013-09-20 09:22:02.348', 6);
INSERT INTO history (id, action_type, container_id, container_type, created_on, author_id) VALUES (1486, 'Update', 1231, 'Issue', '2013-09-20 09:22:06.158', 6);
INSERT INTO history (id, action_type, container_id, container_type, created_on, author_id) VALUES (1487, 'Update', 1272, 'Issue', '2013-09-20 09:22:14.816', 3);
INSERT INTO history (id, action_type, container_id, container_type, created_on, author_id) VALUES (1488, 'Update', 1274, 'Issue', '2013-09-20 09:44:47.697', 2);
INSERT INTO history (id, action_type, container_id, container_type, created_on, author_id) VALUES (1489, 'Update', 1236, 'Issue', '2013-09-20 09:45:50.051', 10);
INSERT INTO history (id, action_type, container_id, container_type, created_on, author_id) VALUES (1500, 'Update', 1236, 'Issue', '2013-09-20 09:45:53.244', 10);
INSERT INTO history (id, action_type, container_id, container_type, created_on, author_id) VALUES (1501, 'Update', 1271, 'Issue', '2013-09-20 09:46:32.439', 5);
INSERT INTO history (id, action_type, container_id, container_type, created_on, author_id) VALUES (1502, 'Update', 1270, 'Issue', '2013-09-20 09:50:39.169', 2);
INSERT INTO history (id, action_type, container_id, container_type, created_on, author_id) VALUES (1503, 'Update', 1270, 'Issue', '2013-09-20 09:50:45.94', 2);
INSERT INTO history (id, action_type, container_id, container_type, created_on, author_id) VALUES (1504, 'Update', 1270, 'Issue', '2013-09-20 09:50:56.501', 2);
INSERT INTO history (id, action_type, container_id, container_type, created_on, author_id) VALUES (1731, 'Update', 1279, 'Issue', '2013-09-30 09:29:51.345', 5);
INSERT INTO history (id, action_type, container_id, container_type, created_on, author_id) VALUES (1732, 'Update', 1652, 'Issue', '2013-09-30 10:23:36.474', 2);
INSERT INTO history (id, action_type, container_id, container_type, created_on, author_id) VALUES (1506, 'Update', 1274, 'Issue', '2013-09-23 09:22:08.872', 11);
INSERT INTO history (id, action_type, container_id, container_type, created_on, author_id) VALUES (1507, 'Update', 1274, 'Issue', '2013-09-23 09:22:12.979', 11);
INSERT INTO history (id, action_type, container_id, container_type, created_on, author_id) VALUES (1508, 'Update', 1277, 'Issue', '2013-09-23 09:43:44.923', 4);
INSERT INTO history (id, action_type, container_id, container_type, created_on, author_id) VALUES (1509, 'Update', 1235, 'Issue', '2013-09-23 09:56:41.108', 8);
INSERT INTO history (id, action_type, container_id, container_type, created_on, author_id) VALUES (1530, 'Update', 1272, 'Issue', '2013-09-23 11:30:09.077', 3);
INSERT INTO history (id, action_type, container_id, container_type, created_on, author_id) VALUES (1531, 'Update', 1232, 'Issue', '2013-09-23 11:38:14.749', 12);
INSERT INTO history (id, action_type, container_id, container_type, created_on, author_id) VALUES (1532, 'Update', 1270, 'Issue', '2013-09-23 11:38:30.225', 7);
INSERT INTO history (id, action_type, container_id, container_type, created_on, author_id) VALUES (1533, 'Update', 1275, 'Issue', '2013-09-23 11:57:50.571', 9);
INSERT INTO history (id, action_type, container_id, container_type, created_on, author_id) VALUES (1534, 'Update', 1234, 'Issue', '2013-09-23 11:58:04.97', 10);
INSERT INTO history (id, action_type, container_id, container_type, created_on, author_id) VALUES (1535, 'Update', 1271, 'Issue', '2013-09-23 11:58:18.769', 5);
INSERT INTO history (id, action_type, container_id, container_type, created_on, author_id) VALUES (1536, 'Update', 1236, 'Issue', '2013-09-23 13:35:36.252', 6);
INSERT INTO history (id, action_type, container_id, container_type, created_on, author_id) VALUES (1537, 'Update', 1232, 'Issue', '2013-09-23 14:45:36.65', 12);
INSERT INTO history (id, action_type, container_id, container_type, created_on, author_id) VALUES (1538, 'Update', 1232, 'Issue', '2013-09-23 14:45:40.285', 12);
INSERT INTO history (id, action_type, container_id, container_type, created_on, author_id) VALUES (1539, 'Update', 1272, 'Issue', '2013-09-24 09:21:32.286', 3);
INSERT INTO history (id, action_type, container_id, container_type, created_on, author_id) VALUES (1560, 'Update', 1272, 'Issue', '2013-09-24 09:21:35.515', 3);
INSERT INTO history (id, action_type, container_id, container_type, created_on, author_id) VALUES (1561, 'Update', 1270, 'Issue', '2013-09-24 09:21:48.804', 7);
INSERT INTO history (id, action_type, container_id, container_type, created_on, author_id) VALUES (1562, 'Update', 1270, 'Issue', '2013-09-24 09:21:51.13', 7);
INSERT INTO history (id, action_type, container_id, container_type, created_on, author_id) VALUES (1563, 'Update', 1235, 'Issue', '2013-09-24 09:22:08.239', 8);
INSERT INTO history (id, action_type, container_id, container_type, created_on, author_id) VALUES (1564, 'Update', 1275, 'Issue', '2013-09-24 09:22:09.756', 7);
INSERT INTO history (id, action_type, container_id, container_type, created_on, author_id) VALUES (1565, 'Update', 1275, 'Issue', '2013-09-24 09:22:11.972', 7);
INSERT INTO history (id, action_type, container_id, container_type, created_on, author_id) VALUES (1566, 'Update', 1277, 'Issue', '2013-09-24 09:24:58.458', 4);
INSERT INTO history (id, action_type, container_id, container_type, created_on, author_id) VALUES (1567, 'Update', 1277, 'Issue', '2013-09-24 09:24:58.489', 4);
INSERT INTO history (id, action_type, container_id, container_type, created_on, author_id) VALUES (1568, 'Update', 1234, 'Issue', '2013-09-24 09:24:58.909', 10);
INSERT INTO history (id, action_type, container_id, container_type, created_on, author_id) VALUES (1569, 'Update', 1234, 'Issue', '2013-09-24 09:25:04.588', 10);
INSERT INTO history (id, action_type, container_id, container_type, created_on, author_id) VALUES (1580, 'Update', 1273, 'Issue', '2013-09-24 09:25:27.418', 12);
INSERT INTO history (id, action_type, container_id, container_type, created_on, author_id) VALUES (1581, 'Update', 1273, 'Issue', '2013-09-24 09:25:34.406', 12);
INSERT INTO history (id, action_type, container_id, container_type, created_on, author_id) VALUES (1582, 'Update', 1273, 'Issue', '2013-09-24 09:25:41.085', 12);
INSERT INTO history (id, action_type, container_id, container_type, created_on, author_id) VALUES (1583, 'Update', 1274, 'Issue', '2013-09-24 09:25:49.366', 6);
INSERT INTO history (id, action_type, container_id, container_type, created_on, author_id) VALUES (1584, 'Update', 1274, 'Issue', '2013-09-24 09:25:52.156', 6);
INSERT INTO history (id, action_type, container_id, container_type, created_on, author_id) VALUES (1585, 'Update', 1231, 'Issue', '2013-09-24 09:30:40.782', 2);
INSERT INTO history (id, action_type, container_id, container_type, created_on, author_id) VALUES (1586, 'Update', 1271, 'Issue', '2013-09-24 09:32:01.565', 5);
INSERT INTO history (id, action_type, container_id, container_type, created_on, author_id) VALUES (1587, 'Update', 1271, 'Issue', '2013-09-24 09:32:13.518', 5);
INSERT INTO history (id, action_type, container_id, container_type, created_on, author_id) VALUES (1588, 'Update', 1234, 'Issue', '2013-09-25 09:27:14.402', 3);
INSERT INTO history (id, action_type, container_id, container_type, created_on, author_id) VALUES (1589, 'Update', 1271, 'Issue', '2013-09-25 09:28:29.906', 10);
INSERT INTO history (id, action_type, container_id, container_type, created_on, author_id) VALUES (1610, 'Update', 1236, 'Issue', '2013-09-25 09:28:33.16', 6);
INSERT INTO history (id, action_type, container_id, container_type, created_on, author_id) VALUES (1611, 'Update', 1236, 'Issue', '2013-09-25 09:28:35.725', 6);
INSERT INTO history (id, action_type, container_id, container_type, created_on, author_id) VALUES (1612, 'Update', 1273, 'Issue', '2013-09-25 14:59:16.399', 12);
INSERT INTO history (id, action_type, container_id, container_type, created_on, author_id) VALUES (1613, 'Update', 1270, 'Issue', '2013-09-25 14:59:49.76', 9);
INSERT INTO history (id, action_type, container_id, container_type, created_on, author_id) VALUES (1614, 'Update', 1235, 'Issue', '2013-09-25 14:59:51.406', 8);
INSERT INTO history (id, action_type, container_id, container_type, created_on, author_id) VALUES (1615, 'Update', 1270, 'Issue', '2013-09-25 14:59:52.475', 9);
INSERT INTO history (id, action_type, container_id, container_type, created_on, author_id) VALUES (1616, 'Update', 1232, 'Issue', '2013-09-25 14:59:59.083', 4);
INSERT INTO history (id, action_type, container_id, container_type, created_on, author_id) VALUES (1617, 'Update', 1275, 'Issue', '2013-09-25 15:00:01.688', 7);
INSERT INTO history (id, action_type, container_id, container_type, created_on, author_id) VALUES (1618, 'Update', 1275, 'Issue', '2013-09-25 15:00:01.829', 7);
INSERT INTO history (id, action_type, container_id, container_type, created_on, author_id) VALUES (1619, 'Update', 1232, 'Issue', '2013-09-25 15:00:01.992', 4);
INSERT INTO history (id, action_type, container_id, container_type, created_on, author_id) VALUES (1630, 'Create', 1279, 'Issue', '2013-09-25 15:04:44.848', 2);
INSERT INTO history (id, action_type, container_id, container_type, created_on, author_id) VALUES (1631, 'Create', 1650, 'Issue', '2013-09-25 15:07:00.214', 2);
INSERT INTO history (id, action_type, container_id, container_type, created_on, author_id) VALUES (1632, 'Update', 1272, 'Issue', '2013-09-25 15:08:18.206', 2);
INSERT INTO history (id, action_type, container_id, container_type, created_on, author_id) VALUES (1633, 'Update', 1650, 'Issue', '2013-09-25 15:12:51.559', 7);
INSERT INTO history (id, action_type, container_id, container_type, created_on, author_id) VALUES (1634, 'Update', 1650, 'Issue', '2013-09-25 15:12:55.478', 7);
INSERT INTO history (id, action_type, container_id, container_type, created_on, author_id) VALUES (1635, 'Update', 1273, 'Issue', '2013-09-25 15:30:42.945', 12);
INSERT INTO history (id, action_type, container_id, container_type, created_on, author_id) VALUES (1636, 'Update', 1273, 'Issue', '2013-09-25 15:30:44.598', 12);
INSERT INTO history (id, action_type, container_id, container_type, created_on, author_id) VALUES (1637, 'Update', 1234, 'Issue', '2013-09-26 09:40:17.806', 10);
INSERT INTO history (id, action_type, container_id, container_type, created_on, author_id) VALUES (1638, 'Update', 1234, 'Issue', '2013-09-26 09:40:21.534', 10);
INSERT INTO history (id, action_type, container_id, container_type, created_on, author_id) VALUES (1639, 'Update', 1271, 'Issue', '2013-09-26 09:40:33.254', 10);
INSERT INTO history (id, action_type, container_id, container_type, created_on, author_id) VALUES (1680, 'Update', 1271, 'Issue', '2013-09-26 09:40:33.292', 10);
INSERT INTO history (id, action_type, container_id, container_type, created_on, author_id) VALUES (1681, 'Update', 1279, 'Issue', '2013-09-26 09:50:49.312', 5);
INSERT INTO history (id, action_type, container_id, container_type, created_on, author_id) VALUES (1682, 'Update', 1279, 'Issue', '2013-09-26 09:50:52.881', 5);
INSERT INTO history (id, action_type, container_id, container_type, created_on, author_id) VALUES (1683, 'Update', 1279, 'Issue', '2013-09-26 09:51:00.215', 5);
INSERT INTO history (id, action_type, container_id, container_type, created_on, author_id) VALUES (1684, 'Update', 1650, 'Issue', '2013-09-26 10:21:05.307', 7);
INSERT INTO history (id, action_type, container_id, container_type, created_on, author_id) VALUES (1685, 'Update', 1235, 'Issue', '2013-09-26 10:21:32.966', 8);
INSERT INTO history (id, action_type, container_id, container_type, created_on, author_id) VALUES (1686, 'Update', 1235, 'Issue', '2013-09-26 10:21:33.187', 8);
INSERT INTO history (id, action_type, container_id, container_type, created_on, author_id) VALUES (1687, 'Update', 1231, 'Issue', '2013-09-26 16:19:03.979', 11);
INSERT INTO history (id, action_type, container_id, container_type, created_on, author_id) VALUES (1688, 'Update', 1231, 'Issue', '2013-09-26 16:19:04.095', 11);
INSERT INTO history (id, action_type, container_id, container_type, created_on, author_id) VALUES (1689, 'Update', 1272, 'Issue', '2013-09-26 16:20:13.144', 11);
INSERT INTO history (id, action_type, container_id, container_type, created_on, author_id) VALUES (1700, 'Update', 1273, 'Issue', '2013-09-27 09:21:59.998', 8);
INSERT INTO history (id, action_type, container_id, container_type, created_on, author_id) VALUES (1701, 'Update', 1273, 'Issue', '2013-09-27 09:22:02.87', 8);
INSERT INTO history (id, action_type, container_id, container_type, created_on, author_id) VALUES (1702, 'Create', 1651, 'Issue', '2013-09-27 09:32:11.898', 6);
INSERT INTO history (id, action_type, container_id, container_type, created_on, author_id) VALUES (1703, 'Create', 1652, 'Issue', '2013-09-27 09:32:51.95', 6);
INSERT INTO history (id, action_type, container_id, container_type, created_on, author_id) VALUES (1704, 'Update', 1652, 'Issue', '2013-09-27 09:33:04.678', 6);
INSERT INTO history (id, action_type, container_id, container_type, created_on, author_id) VALUES (1705, 'Update', 1652, 'Issue', '2013-09-27 09:33:13.256', 6);
INSERT INTO history (id, action_type, container_id, container_type, created_on, author_id) VALUES (1706, 'Update', 1652, 'Issue', '2013-09-27 09:33:23.418', 6);
INSERT INTO history (id, action_type, container_id, container_type, created_on, author_id) VALUES (1730, 'Update', 1279, 'Issue', '2013-09-30 09:29:46.783', 5);
INSERT INTO history (id, action_type, container_id, container_type, created_on, author_id) VALUES (1733, 'Update', 1652, 'Issue', '2013-09-30 10:23:36.495', 2);
INSERT INTO history (id, action_type, container_id, container_type, created_on, author_id) VALUES (1734, 'Update', 1272, 'Issue', '2013-09-30 10:23:45.875', 2);
INSERT INTO history (id, action_type, container_id, container_type, created_on, author_id) VALUES (1735, 'Update', 1272, 'Issue', '2013-09-30 10:23:45.894', 2);
INSERT INTO history (id, action_type, container_id, container_type, created_on, author_id) VALUES (1770, 'Update', 1279, 'Issue', '2013-10-01 08:03:46.159', 5);
INSERT INTO history (id, action_type, container_id, container_type, created_on, author_id) VALUES (1771, 'Update', 1279, 'Issue', '2013-10-01 08:03:46.222', 5);
INSERT INTO history (id, action_type, container_id, container_type, created_on, author_id) VALUES (1772, 'Update', 1276, 'Issue', '2013-10-01 08:03:46.304', 5);
INSERT INTO history (id, action_type, container_id, container_type, created_on, author_id) VALUES (1773, 'Update', 1650, 'Issue', '2013-10-01 09:28:11.195', 10);
INSERT INTO history (id, action_type, container_id, container_type, created_on, author_id) VALUES (1774, 'Update', 1650, 'Issue', '2013-10-01 09:28:11.22', 10);
INSERT INTO history (id, action_type, container_id, container_type, created_on, author_id) VALUES (1775, 'Update', 1233, 'Issue', '2013-10-01 09:28:11.258', 10);
INSERT INTO history (id, action_type, container_id, container_type, created_on, author_id) VALUES (1776, 'Update', 1236, 'Issue', '2013-10-01 10:10:50.713', 10);
INSERT INTO history (id, action_type, container_id, container_type, created_on, author_id) VALUES (1777, 'Update', 1236, 'Issue', '2013-10-01 10:11:03.229', 10);
INSERT INTO history (id, action_type, container_id, container_type, created_on, author_id) VALUES (1778, 'Update', 1652, 'Issue', '2013-10-01 10:46:37.241', 10);
INSERT INTO history (id, action_type, container_id, container_type, created_on, author_id) VALUES (1840, 'Create', 1831, 'Issue', '2013-10-02 08:51:36.556', 10);
INSERT INTO history (id, action_type, container_id, container_type, created_on, author_id) VALUES (1873, 'Create', 1836, 'Issue', '2013-10-02 09:03:37.244', 5);
INSERT INTO history (id, action_type, container_id, container_type, created_on, author_id) VALUES (1841, 'Update', 1831, 'Issue', '2013-10-02 08:51:55.635', 10);
INSERT INTO history (id, action_type, container_id, container_type, created_on, author_id) VALUES (1842, 'Update', 1831, 'Issue', '2013-10-02 08:52:05.829', 10);
INSERT INTO history (id, action_type, container_id, container_type, created_on, author_id) VALUES (1845, 'Update', 1833, 'Issue', '2013-10-02 08:55:17.495', 8);
INSERT INTO history (id, action_type, container_id, container_type, created_on, author_id) VALUES (1846, 'Update', 1833, 'Issue', '2013-10-02 08:55:33.316', 8);
INSERT INTO history (id, action_type, container_id, container_type, created_on, author_id) VALUES (1847, 'Create', 1834, 'Issue', '2013-10-02 08:55:34.759', 3);
INSERT INTO history (id, action_type, container_id, container_type, created_on, author_id) VALUES (1848, 'Update', 1833, 'Issue', '2013-10-02 08:56:30.857', 8);
INSERT INTO history (id, action_type, container_id, container_type, created_on, author_id) VALUES (1849, 'Update', 1834, 'Issue', '2013-10-02 08:57:00.151', 3);
INSERT INTO history (id, action_type, container_id, container_type, created_on, author_id) VALUES (1870, 'Update', 1834, 'Issue', '2013-10-02 08:58:00.709', 3);
INSERT INTO history (id, action_type, container_id, container_type, created_on, author_id) VALUES (1871, 'Update', 1834, 'Issue', '2013-10-02 08:58:04.887', 3);
INSERT INTO history (id, action_type, container_id, container_type, created_on, author_id) VALUES (1872, 'Create', 1835, 'Issue', '2013-10-02 09:01:06.684', 12);
INSERT INTO history (id, action_type, container_id, container_type, created_on, author_id) VALUES (1942, 'Create', 1925, 'Issue', '2013-10-02 10:02:26.323', 2);
INSERT INTO history (id, action_type, container_id, container_type, created_on, author_id) VALUES (1943, 'Create', 1926, 'Issue', '2013-10-02 10:05:01.725', 2);
INSERT INTO history (id, action_type, container_id, container_type, created_on, author_id) VALUES (1946, 'Update', 1839, 'Issue', '2013-10-02 10:11:31.375', 12);
INSERT INTO history (id, action_type, container_id, container_type, created_on, author_id) VALUES (1843, 'Create', 1832, 'Issue', '2013-10-02 08:52:13.411', 8);
INSERT INTO history (id, action_type, container_id, container_type, created_on, author_id) VALUES (1844, 'Create', 1833, 'Issue', '2013-10-02 08:53:38.032', 8);
INSERT INTO history (id, action_type, container_id, container_type, created_on, author_id) VALUES (1944, 'Update', 1837, 'Issue', '2013-10-02 10:11:24.232', 12);
INSERT INTO history (id, action_type, container_id, container_type, created_on, author_id) VALUES (1945, 'Update', 1839, 'Issue', '2013-10-02 10:11:29.049', 12);
INSERT INTO history (id, action_type, container_id, container_type, created_on, author_id) VALUES (1947, 'Update', 1837, 'Issue', '2013-10-02 10:11:34.255', 12);
INSERT INTO history (id, action_type, container_id, container_type, created_on, author_id) VALUES (1948, 'Update', 1837, 'Issue', '2013-10-02 10:11:43.142', 12);
INSERT INTO history (id, action_type, container_id, container_type, created_on, author_id) VALUES (1949, 'Update', 1925, 'Issue', '2013-10-02 10:12:29.799', 2);
INSERT INTO history (id, action_type, container_id, container_type, created_on, author_id) VALUES (1960, 'Update', 1925, 'Issue', '2013-10-02 10:12:33.94', 2);
INSERT INTO history (id, action_type, container_id, container_type, created_on, author_id) VALUES (1961, 'Update', 1831, 'Issue', '2013-10-02 10:12:48.624', 2);
INSERT INTO history (id, action_type, container_id, container_type, created_on, author_id) VALUES (1962, 'Update', 1921, 'Issue', '2013-10-02 10:13:05.073', 12);
INSERT INTO history (id, action_type, container_id, container_type, created_on, author_id) VALUES (1963, 'Update', 1921, 'Issue', '2013-10-02 10:13:09.693', 12);
INSERT INTO history (id, action_type, container_id, container_type, created_on, author_id) VALUES (1964, 'Update', 1921, 'Issue', '2013-10-02 10:13:15.019', 12);
INSERT INTO history (id, action_type, container_id, container_type, created_on, author_id) VALUES (1874, 'Create', 1837, 'Issue', '2013-10-02 09:04:21.433', 12);
INSERT INTO history (id, action_type, container_id, container_type, created_on, author_id) VALUES (1875, 'Update', 1837, 'Issue', '2013-10-02 09:04:29.729', 12);
INSERT INTO history (id, action_type, container_id, container_type, created_on, author_id) VALUES (1876, 'Update', 1837, 'Issue', '2013-10-02 09:04:40.924', 12);
INSERT INTO history (id, action_type, container_id, container_type, created_on, author_id) VALUES (1877, 'Create', 1838, 'Issue', '2013-10-02 09:04:50.117', 5);
INSERT INTO history (id, action_type, container_id, container_type, created_on, author_id) VALUES (1878, 'Update', 1838, 'Issue', '2013-10-02 09:05:12.767', 5);
INSERT INTO history (id, action_type, container_id, container_type, created_on, author_id) VALUES (1879, 'Update', 1838, 'Issue', '2013-10-02 09:05:27.345', 5);
INSERT INTO history (id, action_type, container_id, container_type, created_on, author_id) VALUES (1890, 'Update', 1838, 'Issue', '2013-10-02 09:05:28.92', 5);
INSERT INTO history (id, action_type, container_id, container_type, created_on, author_id) VALUES (1891, 'Create', 1839, 'Issue', '2013-10-02 09:10:46.377', 6);
INSERT INTO history (id, action_type, container_id, container_type, created_on, author_id) VALUES (1892, 'Update', 1839, 'Issue', '2013-10-02 09:11:35.91', 6);
INSERT INTO history (id, action_type, container_id, container_type, created_on, author_id) VALUES (1893, 'Update', 1839, 'Issue', '2013-10-02 09:12:00.905', 6);
INSERT INTO history (id, action_type, container_id, container_type, created_on, author_id) VALUES (1894, 'Update', 1839, 'Issue', '2013-10-02 09:12:04.318', 6);
INSERT INTO history (id, action_type, container_id, container_type, created_on, author_id) VALUES (1895, 'Create', 1920, 'Issue', '2013-10-02 09:48:47.499', 2);
INSERT INTO history (id, action_type, container_id, container_type, created_on, author_id) VALUES (1896, 'Create', 1921, 'Issue', '2013-10-02 09:51:49.737', 2);
INSERT INTO history (id, action_type, container_id, container_type, created_on, author_id) VALUES (1897, 'Create', 1922, 'Issue', '2013-10-02 09:53:03.946', 2);
INSERT INTO history (id, action_type, container_id, container_type, created_on, author_id) VALUES (1898, 'Update', 1921, 'Issue', '2013-10-02 09:56:41.824', 12);
INSERT INTO history (id, action_type, container_id, container_type, created_on, author_id) VALUES (1899, 'Create', 1923, 'Issue', '2013-10-02 09:57:22.997', 2);
INSERT INTO history (id, action_type, container_id, container_type, created_on, author_id) VALUES (1940, 'Update', 1921, 'Issue', '2013-10-02 09:57:27.56', 12);
INSERT INTO history (id, action_type, container_id, container_type, created_on, author_id) VALUES (1941, 'Create', 1924, 'Issue', '2013-10-02 10:01:01.679', 2);
INSERT INTO history (id, action_type, container_id, container_type, created_on, author_id) VALUES (1965, 'Update', 1925, 'Issue', '2013-10-02 10:13:28.405', 2);
INSERT INTO history (id, action_type, container_id, container_type, created_on, author_id) VALUES (1966, 'Update', 1926, 'Issue', '2013-10-02 10:15:12.839', 6);
INSERT INTO history (id, action_type, container_id, container_type, created_on, author_id) VALUES (1967, 'Update', 1926, 'Issue', '2013-10-02 10:15:21.612', 6);
INSERT INTO history (id, action_type, container_id, container_type, created_on, author_id) VALUES (1968, 'Update', 1926, 'Issue', '2013-10-02 10:15:34.561', 6);
INSERT INTO history (id, action_type, container_id, container_type, created_on, author_id) VALUES (1969, 'Update', 1926, 'Issue', '2013-10-02 10:15:34.623', 6);
INSERT INTO history (id, action_type, container_id, container_type, created_on, author_id) VALUES (1980, 'Update', 1923, 'Issue', '2013-10-02 10:16:46.748', 2);
INSERT INTO history (id, action_type, container_id, container_type, created_on, author_id) VALUES (1981, 'Update', 1925, 'Issue', '2013-10-02 10:16:58.75', 2);
INSERT INTO history (id, action_type, container_id, container_type, created_on, author_id) VALUES (1982, 'Update', 1925, 'Issue', '2013-10-02 10:17:02.081', 2);
INSERT INTO history (id, action_type, container_id, container_type, created_on, author_id) VALUES (1983, 'Create', 1927, 'Issue', '2013-10-02 10:18:56.794', 2);
INSERT INTO history (id, action_type, container_id, container_type, created_on, author_id) VALUES (1984, 'Update', 1927, 'Issue', '2013-10-02 10:19:50.406', 2);
INSERT INTO history (id, action_type, container_id, container_type, created_on, author_id) VALUES (1985, 'Update', 1927, 'Issue', '2013-10-02 10:20:28.208', 2);
INSERT INTO history (id, action_type, container_id, container_type, created_on, author_id) VALUES (1986, 'Update', 1927, 'Issue', '2013-10-02 10:20:32.532', 2);
INSERT INTO history (id, action_type, container_id, container_type, created_on, author_id) VALUES (1987, 'Update', 1922, 'Issue', '2013-10-02 10:21:17.996', 2);
INSERT INTO history (id, action_type, container_id, container_type, created_on, author_id) VALUES (1988, 'Update', 1921, 'Issue', '2013-10-03 09:25:01.217', 12);
INSERT INTO history (id, action_type, container_id, container_type, created_on, author_id) VALUES (1989, 'Update', 1925, 'Issue', '2013-10-03 09:25:06.35', 11);
INSERT INTO history (id, action_type, container_id, container_type, created_on, author_id) VALUES (2030, 'Update', 1831, 'Issue', '2013-10-03 09:25:14.202', 10);
INSERT INTO history (id, action_type, container_id, container_type, created_on, author_id) VALUES (2031, 'Update', 1834, 'Issue', '2013-10-03 09:25:32.762', 3);
INSERT INTO history (id, action_type, container_id, container_type, created_on, author_id) VALUES (2032, 'Update', 1838, 'Issue', '2013-10-03 09:26:38.3', 5);
INSERT INTO history (id, action_type, container_id, container_type, created_on, author_id) VALUES (2033, 'Update', 1838, 'Issue', '2013-10-03 09:26:46.988', 5);
INSERT INTO history (id, action_type, container_id, container_type, created_on, author_id) VALUES (2034, 'Update', 1838, 'Issue', '2013-10-03 09:27:11.247', 4);
INSERT INTO history (id, action_type, container_id, container_type, created_on, author_id) VALUES (2035, 'Update', 1927, 'Issue', '2013-10-03 10:02:59.81', 7);
INSERT INTO history (id, action_type, container_id, container_type, created_on, author_id) VALUES (2036, 'Update', 1839, 'Issue', '2013-10-03 10:03:08.942', 6);
INSERT INTO history (id, action_type, container_id, container_type, created_on, author_id) VALUES (2037, 'Update', 1833, 'Issue', '2013-10-03 10:03:21.496', 8);
INSERT INTO history (id, action_type, container_id, container_type, created_on, author_id) VALUES (2038, 'Update', 1833, 'Issue', '2013-10-03 10:03:27.249', 8);
INSERT INTO history (id, action_type, container_id, container_type, created_on, author_id) VALUES (2039, 'Update', 1839, 'Issue', '2013-10-04 09:21:26.997', 6);
INSERT INTO history (id, action_type, container_id, container_type, created_on, author_id) VALUES (2060, 'Update', 1839, 'Issue', '2013-10-04 09:21:29.331', 6);
INSERT INTO history (id, action_type, container_id, container_type, created_on, author_id) VALUES (2061, 'Update', 1921, 'Issue', '2013-10-04 09:21:50.653', 12);
INSERT INTO history (id, action_type, container_id, container_type, created_on, author_id) VALUES (2062, 'Update', 1921, 'Issue', '2013-10-04 09:21:52.956', 12);
INSERT INTO history (id, action_type, container_id, container_type, created_on, author_id) VALUES (2063, 'Update', 1922, 'Issue', '2013-10-04 09:22:00.199', 12);
INSERT INTO history (id, action_type, container_id, container_type, created_on, author_id) VALUES (2064, 'Update', 1922, 'Issue', '2013-10-04 09:22:03.232', 12);
INSERT INTO history (id, action_type, container_id, container_type, created_on, author_id) VALUES (2065, 'Update', 1834, 'Issue', '2013-10-04 09:22:28.231', 3);
INSERT INTO history (id, action_type, container_id, container_type, created_on, author_id) VALUES (2066, 'Update', 1838, 'Issue', '2013-10-04 09:22:37.663', 5);
INSERT INTO history (id, action_type, container_id, container_type, created_on, author_id) VALUES (2067, 'Update', 1925, 'Issue', '2013-10-04 09:22:46.775', 2);
INSERT INTO history (id, action_type, container_id, container_type, created_on, author_id) VALUES (2068, 'Update', 1927, 'Issue', '2013-10-04 09:23:02.804', 7);
INSERT INTO history (id, action_type, container_id, container_type, created_on, author_id) VALUES (2069, 'Update', 1833, 'Issue', '2013-10-04 09:23:06.253', 3);
INSERT INTO history (id, action_type, container_id, container_type, created_on, author_id) VALUES (2080, 'Update', 1838, 'Issue', '2013-10-04 09:28:13.089', 4);
INSERT INTO history (id, action_type, container_id, container_type, created_on, author_id) VALUES (2081, 'Create', 1928, 'Issue', '2013-10-04 09:32:45.975', 6);
INSERT INTO history (id, action_type, container_id, container_type, created_on, author_id) VALUES (2082, 'Update', 1236, 'Issue', '2013-10-04 09:34:02.415', 2);
INSERT INTO history (id, action_type, container_id, container_type, created_on, author_id) VALUES (2083, 'Update', 1236, 'Issue', '2013-10-04 09:34:05.435', 2);
INSERT INTO history (id, action_type, container_id, container_type, created_on, author_id) VALUES (2084, 'Update', 1831, 'Issue', '2013-10-04 09:34:18.852', 10);
INSERT INTO history (id, action_type, container_id, container_type, created_on, author_id) VALUES (2085, 'Create', 1929, 'Issue', '2013-10-04 09:35:48.804', 6);
INSERT INTO history (id, action_type, container_id, container_type, created_on, author_id) VALUES (2086, 'Update', 1929, 'Issue', '2013-10-04 09:36:15.058', 6);
INSERT INTO history (id, action_type, container_id, container_type, created_on, author_id) VALUES (2087, 'Update', 1929, 'Issue', '2013-10-07 09:23:48.626', 6);
INSERT INTO history (id, action_type, container_id, container_type, created_on, author_id) VALUES (2088, 'Update', 1929, 'Issue', '2013-10-07 09:23:52.676', 6);
INSERT INTO history (id, action_type, container_id, container_type, created_on, author_id) VALUES (2089, 'Update', 1834, 'Issue', '2013-10-07 10:25:51.404', 3);
INSERT INTO history (id, action_type, container_id, container_type, created_on, author_id) VALUES (2130, 'Update', 1834, 'Issue', '2013-10-07 10:25:53.926', 3);
INSERT INTO history (id, action_type, container_id, container_type, created_on, author_id) VALUES (2131, 'Update', 1838, 'Issue', '2013-10-07 10:42:13.435', 5);
INSERT INTO history (id, action_type, container_id, container_type, created_on, author_id) VALUES (2132, 'Update', 1831, 'Issue', '2013-10-07 10:48:15.716', 10);
INSERT INTO history (id, action_type, container_id, container_type, created_on, author_id) VALUES (2133, 'Update', 1838, 'Issue', '2013-10-07 11:29:45.853', 4);
INSERT INTO history (id, action_type, container_id, container_type, created_on, author_id) VALUES (2140, 'Update', 1834, 'Issue', '2013-10-08 09:21:04.879', 4);
INSERT INTO history (id, action_type, container_id, container_type, created_on, author_id) VALUES (2141, 'Update', 1831, 'Issue', '2013-10-08 09:21:23.952', 10);
INSERT INTO history (id, action_type, container_id, container_type, created_on, author_id) VALUES (2142, 'Update', 1927, 'Issue', '2013-10-08 09:21:30.829', 7);
INSERT INTO history (id, action_type, container_id, container_type, created_on, author_id) VALUES (2143, 'Update', 1922, 'Issue', '2013-10-08 09:39:10.901', 12);
INSERT INTO history (id, action_type, container_id, container_type, created_on, author_id) VALUES (2144, 'Update', 1925, 'Issue', '2013-10-08 09:39:15.934', 11);
INSERT INTO history (id, action_type, container_id, container_type, created_on, author_id) VALUES (2145, 'Update', 1921, 'Issue', '2013-10-08 09:39:32.644', 6);
INSERT INTO history (id, action_type, container_id, container_type, created_on, author_id) VALUES (2146, 'Update', 1929, 'Issue', '2013-10-08 09:39:38.301', 6);
INSERT INTO history (id, action_type, container_id, container_type, created_on, author_id) VALUES (2147, 'Update', 1929, 'Issue', '2013-10-08 09:39:44.328', 6);
INSERT INTO history (id, action_type, container_id, container_type, created_on, author_id) VALUES (2148, 'Update', 1839, 'Issue', '2013-10-08 09:49:40.502', 3);
INSERT INTO history (id, action_type, container_id, container_type, created_on, author_id) VALUES (2149, 'Update', 1833, 'Issue', '2013-10-08 09:50:14.269', 8);
INSERT INTO history (id, action_type, container_id, container_type, created_on, author_id) VALUES (2180, 'Update', 1838, 'Issue', '2013-10-09 08:45:32.082', 5);
INSERT INTO history (id, action_type, container_id, container_type, created_on, author_id) VALUES (2181, 'Update', 1838, 'Issue', '2013-10-09 11:17:06.143', 4);
INSERT INTO history (id, action_type, container_id, container_type, created_on, author_id) VALUES (2182, 'Update', 1929, 'Issue', '2013-10-09 11:17:26.048', 6);
INSERT INTO history (id, action_type, container_id, container_type, created_on, author_id) VALUES (2183, 'Update', 1922, 'Issue', '2013-10-09 11:19:10.584', 12);
INSERT INTO history (id, action_type, container_id, container_type, created_on, author_id) VALUES (2184, 'Update', 1834, 'Issue', '2013-10-09 13:31:32.565', 4);
INSERT INTO history (id, action_type, container_id, container_type, created_on, author_id) VALUES (2185, 'Update', 1834, 'Issue', '2013-10-09 13:31:32.585', 4);
INSERT INTO history (id, action_type, container_id, container_type, created_on, author_id) VALUES (2186, 'Update', 1923, 'Issue', '2013-10-09 13:31:44.748', 4);
INSERT INTO history (id, action_type, container_id, container_type, created_on, author_id) VALUES (2187, 'Update', 1923, 'Issue', '2013-10-09 13:31:52.8', 4);
INSERT INTO history (id, action_type, container_id, container_type, created_on, author_id) VALUES (2188, 'Update', 1839, 'Issue', '2013-10-09 13:50:35.75', 11);
INSERT INTO history (id, action_type, container_id, container_type, created_on, author_id) VALUES (2189, 'Update', 1839, 'Issue', '2013-10-09 13:50:35.769', 11);
INSERT INTO history (id, action_type, container_id, container_type, created_on, author_id) VALUES (2220, 'Update', 1925, 'Issue', '2013-10-09 13:50:46.923', 11);
INSERT INTO history (id, action_type, container_id, container_type, created_on, author_id) VALUES (2221, 'Update', 1925, 'Issue', '2013-10-09 13:50:49.631', 11);
INSERT INTO history (id, action_type, container_id, container_type, created_on, author_id) VALUES (2222, 'Update', 1833, 'Issue', '2013-10-09 13:51:28.888', 11);
INSERT INTO history (id, action_type, container_id, container_type, created_on, author_id) VALUES (2223, 'Update', 1833, 'Issue', '2013-10-09 13:51:32.075', 11);
INSERT INTO history (id, action_type, container_id, container_type, created_on, author_id) VALUES (2224, 'Update', 1831, 'Issue', '2013-10-09 15:46:04.471', 11);
INSERT INTO history (id, action_type, container_id, container_type, created_on, author_id) VALUES (2225, 'Update', 1838, 'Issue', '2013-10-09 15:46:35.138', 11);
INSERT INTO history (id, action_type, container_id, container_type, created_on, author_id) VALUES (2240, 'Update', 1929, 'Issue', '2013-10-10 09:24:54.802', 6);
INSERT INTO history (id, action_type, container_id, container_type, created_on, author_id) VALUES (2241, 'Update', 1922, 'Issue', '2013-10-10 09:25:01.277', 12);
INSERT INTO history (id, action_type, container_id, container_type, created_on, author_id) VALUES (2242, 'Update', 1922, 'Issue', '2013-10-10 09:25:03.311', 12);
INSERT INTO history (id, action_type, container_id, container_type, created_on, author_id) VALUES (2243, 'Update', 1833, 'Issue', '2013-10-10 10:54:37.529', 11);
INSERT INTO history (id, action_type, container_id, container_type, created_on, author_id) VALUES (2244, 'Update', 1923, 'Issue', '2013-10-10 10:55:14.783', 4);
INSERT INTO history (id, action_type, container_id, container_type, created_on, author_id) VALUES (2245, 'Update', 1925, 'Issue', '2013-10-10 10:57:27.528', 8);
INSERT INTO history (id, action_type, container_id, container_type, created_on, author_id) VALUES (2246, 'Update', 1925, 'Issue', '2013-10-10 10:57:27.55', 8);
INSERT INTO history (id, action_type, container_id, container_type, created_on, author_id) VALUES (2247, 'Update', 1831, 'Issue', '2013-10-10 11:04:43.458', 10);
INSERT INTO history (id, action_type, container_id, container_type, created_on, author_id) VALUES (2248, 'Update', 1838, 'Issue', '2013-10-10 11:05:31.704', 5);
INSERT INTO history (id, action_type, container_id, container_type, created_on, author_id) VALUES (2249, 'Update', 1838, 'Issue', '2013-10-10 11:05:46.338', 5);
INSERT INTO history (id, action_type, container_id, container_type, created_on, author_id) VALUES (2280, 'Update', 1927, 'Issue', '2013-10-10 11:06:50.734', 7);
INSERT INTO history (id, action_type, container_id, container_type, created_on, author_id) VALUES (2281, 'Update', 1927, 'Issue', '2013-10-10 11:06:58.014', 7);
INSERT INTO history (id, action_type, container_id, container_type, created_on, author_id) VALUES (2300, 'Update', 1929, 'Issue', '2013-10-11 09:13:26.363', 6);
INSERT INTO history (id, action_type, container_id, container_type, created_on, author_id) VALUES (2301, 'Update', 1838, 'Issue', '2013-10-11 09:14:39.403', 3);
INSERT INTO history (id, action_type, container_id, container_type, created_on, author_id) VALUES (2302, 'Update', 1838, 'Issue', '2013-10-11 09:14:41.541', 3);
INSERT INTO history (id, action_type, container_id, container_type, created_on, author_id) VALUES (2303, 'Update', 1833, 'Issue', '2013-10-11 09:15:52.618', 11);
INSERT INTO history (id, action_type, container_id, container_type, created_on, author_id) VALUES (2304, 'Update', 1837, 'Issue', '2013-10-11 09:21:46.906', 2);
INSERT INTO history (id, action_type, container_id, container_type, created_on, author_id) VALUES (2305, 'Update', 1837, 'Issue', '2013-10-11 09:21:46.933', 2);
INSERT INTO history (id, action_type, container_id, container_type, created_on, author_id) VALUES (2350, 'Update', 1923, 'Issue', '2013-10-14 09:20:11.694', 4);
INSERT INTO history (id, action_type, container_id, container_type, created_on, author_id) VALUES (2351, 'Update', 1833, 'Issue', '2013-10-14 09:20:25.344', 11);
INSERT INTO history (id, action_type, container_id, container_type, created_on, author_id) VALUES (2352, 'Update', 1833, 'Issue', '2013-10-14 09:20:25.371', 11);
INSERT INTO history (id, action_type, container_id, container_type, created_on, author_id) VALUES (2353, 'Update', 1922, 'Issue', '2013-10-14 09:20:33.219', 11);
INSERT INTO history (id, action_type, container_id, container_type, created_on, author_id) VALUES (2354, 'Update', 1831, 'Issue', '2013-10-14 09:20:43.694', 3);
INSERT INTO history (id, action_type, container_id, container_type, created_on, author_id) VALUES (2355, 'Update', 1923, 'Issue', '2013-10-14 09:23:27.391', 11);
INSERT INTO history (id, action_type, container_id, container_type, created_on, author_id) VALUES (2356, 'Update', 1929, 'Issue', '2013-10-14 09:23:39.138', 11);
INSERT INTO history (id, action_type, container_id, container_type, created_on, author_id) VALUES (2357, 'Update', 1929, 'Issue', '2013-10-14 09:23:41.634', 11);
INSERT INTO history (id, action_type, container_id, container_type, created_on, author_id) VALUES (2358, 'Update', 1927, 'Issue', '2013-10-14 09:24:17.017', 11);
INSERT INTO history (id, action_type, container_id, container_type, created_on, author_id) VALUES (2359, 'Update', 1921, 'Issue', '2013-10-14 09:25:33.712', 11);
INSERT INTO history (id, action_type, container_id, container_type, created_on, author_id) VALUES (2390, 'Update', 1921, 'Issue', '2013-10-14 09:25:33.731', 11);
INSERT INTO history (id, action_type, container_id, container_type, created_on, author_id) VALUES (2391, 'Update', 1929, 'Issue', '2013-10-14 09:58:07.346', 4);
INSERT INTO history (id, action_type, container_id, container_type, created_on, author_id) VALUES (2392, 'Update', 1929, 'Issue', '2013-10-14 09:58:10.058', 4);
INSERT INTO history (id, action_type, container_id, container_type, created_on, author_id) VALUES (2393, 'Update', 1929, 'Issue', '2013-10-14 10:00:51.945', 4);
INSERT INTO history (id, action_type, container_id, container_type, created_on, author_id) VALUES (2410, 'Update', 1922, 'Issue', '2013-10-15 08:25:16.41', 11);
INSERT INTO history (id, action_type, container_id, container_type, created_on, author_id) VALUES (2411, 'Update', 1922, 'Issue', '2013-10-15 08:25:16.526', 11);
INSERT INTO history (id, action_type, container_id, container_type, created_on, author_id) VALUES (2412, 'Update', 1929, 'Issue', '2013-10-15 08:25:37.586', 4);
INSERT INTO history (id, action_type, container_id, container_type, created_on, author_id) VALUES (2413, 'Update', 1929, 'Issue', '2013-10-15 08:25:37.623', 4);
INSERT INTO history (id, action_type, container_id, container_type, created_on, author_id) VALUES (2414, 'Update', 1923, 'Issue', '2013-10-15 08:25:43.963', 4);
INSERT INTO history (id, action_type, container_id, container_type, created_on, author_id) VALUES (2415, 'Update', 1923, 'Issue', '2013-10-15 08:25:43.99', 4);
INSERT INTO history (id, action_type, container_id, container_type, created_on, author_id) VALUES (2416, 'Update', 1927, 'Issue', '2013-10-15 08:25:47.157', 8);
INSERT INTO history (id, action_type, container_id, container_type, created_on, author_id) VALUES (2417, 'Update', 1927, 'Issue', '2013-10-15 08:25:47.177', 8);
INSERT INTO history (id, action_type, container_id, container_type, created_on, author_id) VALUES (2418, 'Update', 1831, 'Issue', '2013-10-15 09:03:13.063', 2);
INSERT INTO history (id, action_type, container_id, container_type, created_on, author_id) VALUES (2419, 'Update', 1831, 'Issue', '2013-10-15 09:03:13.085', 2);
INSERT INTO history (id, action_type, container_id, container_type, created_on, author_id) VALUES (2562, 'CreateSprint', 20, 'Team', '2013-10-15 18:51:04.562', 8);
INSERT INTO history (id, action_type, container_id, container_type, created_on, author_id) VALUES (2563, 'RoleMember', 20, 'Team', '2013-10-15 19:01:08.045', 8);
INSERT INTO history (id, action_type, container_id, container_type, created_on, author_id) VALUES (2564, 'RoleMember', 20, 'Team', '2013-10-15 19:01:13.282', 8);
INSERT INTO history (id, action_type, container_id, container_type, created_on, author_id) VALUES (2565, 'Update', 10, 'Project', '2013-10-15 19:02:19.795', 8);
INSERT INTO history (id, action_type, container_id, container_type, created_on, author_id) VALUES (2566, 'Update', 1831, 'Issue', '2013-10-15 19:03:52.201', 8);
INSERT INTO history (id, action_type, container_id, container_type, created_on, author_id) VALUES (2567, 'Update', 1831, 'Issue', '2013-10-15 19:04:03.907', 8);
INSERT INTO history (id, action_type, container_id, container_type, created_on, author_id) VALUES (2568, 'Update', 1831, 'Issue', '2013-10-15 19:04:15.471', 8);
INSERT INTO history (id, action_type, container_id, container_type, created_on, author_id) VALUES (2569, 'Update', 1831, 'Issue', '2013-10-15 19:04:19.095', 8);
INSERT INTO history (id, action_type, container_id, container_type, created_on, author_id) VALUES (2600, 'Create', 2590, 'Issue', '2013-10-16 08:38:46.554', 11);
INSERT INTO history (id, action_type, container_id, container_type, created_on, author_id) VALUES (2601, 'Create', 2591, 'Issue', '2013-10-16 08:39:25.401', 11);
INSERT INTO history (id, action_type, container_id, container_type, created_on, author_id) VALUES (2602, 'Create', 2592, 'Issue', '2013-10-16 08:42:17.247', 2);
INSERT INTO history (id, action_type, container_id, container_type, created_on, author_id) VALUES (2603, 'Create', 2593, 'Issue', '2013-10-16 08:46:34.069', 2);
INSERT INTO history (id, action_type, container_id, container_type, created_on, author_id) VALUES (2604, 'Create', 2594, 'Issue', '2013-10-16 08:48:18.812', 2);
INSERT INTO history (id, action_type, container_id, container_type, created_on, author_id) VALUES (2605, 'Create', 2595, 'Issue', '2013-10-16 08:48:56.246', 2);
INSERT INTO history (id, action_type, container_id, container_type, created_on, author_id) VALUES (2606, 'Create', 2596, 'Issue', '2013-10-16 08:49:15.998', 2);
INSERT INTO history (id, action_type, container_id, container_type, created_on, author_id) VALUES (2607, 'Create', 2597, 'Issue', '2013-10-16 08:50:13.816', 2);
INSERT INTO history (id, action_type, container_id, container_type, created_on, author_id) VALUES (2608, 'Create', 2598, 'Issue', '2013-10-16 08:51:57.246', 2);
INSERT INTO history (id, action_type, container_id, container_type, created_on, author_id) VALUES (2609, 'Create', 2599, 'Issue', '2013-10-16 08:53:09.446', 2);
INSERT INTO history (id, action_type, container_id, container_type, created_on, author_id) VALUES (2630, 'Create', 2620, 'Issue', '2013-10-16 08:54:19.865', 2);
INSERT INTO history (id, action_type, container_id, container_type, created_on, author_id) VALUES (2631, 'Create', 2621, 'Issue', '2013-10-16 08:55:10.565', 2);
INSERT INTO history (id, action_type, container_id, container_type, created_on, author_id) VALUES (2632, 'Create', 2622, 'Issue', '2013-10-16 08:56:26.12', 2);
INSERT INTO history (id, action_type, container_id, container_type, created_on, author_id) VALUES (2633, 'Create', 2623, 'Issue', '2013-10-16 08:57:00.674', 2);
INSERT INTO history (id, action_type, container_id, container_type, created_on, author_id) VALUES (2634, 'Create', 2624, 'Issue', '2013-10-16 08:57:44.127', 2);
INSERT INTO history (id, action_type, container_id, container_type, created_on, author_id) VALUES (2635, 'Update', 2622, 'Issue', '2013-10-16 09:26:26.437', 4);
INSERT INTO history (id, action_type, container_id, container_type, created_on, author_id) VALUES (2636, 'Update', 2622, 'Issue', '2013-10-16 09:26:33.562', 4);
INSERT INTO history (id, action_type, container_id, container_type, created_on, author_id) VALUES (2637, 'Update', 2594, 'Issue', '2013-10-16 09:30:04.33', 11);
INSERT INTO history (id, action_type, container_id, container_type, created_on, author_id) VALUES (2638, 'Update', 2594, 'Issue', '2013-10-16 09:30:08.759', 11);
INSERT INTO history (id, action_type, container_id, container_type, created_on, author_id) VALUES (2639, 'Update', 2623, 'Issue', '2013-10-16 14:22:02.53', 9);
INSERT INTO history (id, action_type, container_id, container_type, created_on, author_id) VALUES (2660, 'Update', 2623, 'Issue', '2013-10-16 14:22:11.098', 9);
INSERT INTO history (id, action_type, container_id, container_type, created_on, author_id) VALUES (2661, 'Update', 2623, 'Issue', '2013-10-16 14:22:50.538', 9);
INSERT INTO history (id, action_type, container_id, container_type, created_on, author_id) VALUES (2662, 'Update', 2623, 'Issue', '2013-10-16 14:22:56.597', 9);
INSERT INTO history (id, action_type, container_id, container_type, created_on, author_id) VALUES (2663, 'Update', 2596, 'Issue', '2013-10-16 15:43:15.828', 2);
INSERT INTO history (id, action_type, container_id, container_type, created_on, author_id) VALUES (2664, 'Update', 2596, 'Issue', '2013-10-16 15:43:21.293', 2);
INSERT INTO history (id, action_type, container_id, container_type, created_on, author_id) VALUES (2665, 'Update', 2620, 'Issue', '2013-10-16 15:43:41.981', 2);
INSERT INTO history (id, action_type, container_id, container_type, created_on, author_id) VALUES (2666, 'Update', 2620, 'Issue', '2013-10-16 15:43:46.441', 2);
INSERT INTO history (id, action_type, container_id, container_type, created_on, author_id) VALUES (2667, 'Update', 2591, 'Issue', '2013-10-16 15:43:58.817', 2);
INSERT INTO history (id, action_type, container_id, container_type, created_on, author_id) VALUES (2668, 'Update', 2591, 'Issue', '2013-10-16 15:44:03.588', 2);
INSERT INTO history (id, action_type, container_id, container_type, created_on, author_id) VALUES (2669, 'Update', 2595, 'Issue', '2013-10-16 15:44:12.681', 2);
INSERT INTO history (id, action_type, container_id, container_type, created_on, author_id) VALUES (2680, 'Update', 2598, 'Issue', '2013-10-16 15:44:18.893', 6);
INSERT INTO history (id, action_type, container_id, container_type, created_on, author_id) VALUES (2681, 'Update', 2598, 'Issue', '2013-10-16 15:44:23.667', 6);
INSERT INTO history (id, action_type, container_id, container_type, created_on, author_id) VALUES (2682, 'Update', 2595, 'Issue', '2013-10-16 15:44:25.494', 2);
INSERT INTO history (id, action_type, container_id, container_type, created_on, author_id) VALUES (2683, 'Update', 2597, 'Issue', '2013-10-16 15:44:34.239', 2);
INSERT INTO history (id, action_type, container_id, container_type, created_on, author_id) VALUES (2684, 'Update', 2597, 'Issue', '2013-10-16 15:44:39.768', 2);
INSERT INTO history (id, action_type, container_id, container_type, created_on, author_id) VALUES (2685, 'Update', 2621, 'Issue', '2013-10-16 15:44:49.244', 2);
INSERT INTO history (id, action_type, container_id, container_type, created_on, author_id) VALUES (2686, 'Update', 2621, 'Issue', '2013-10-16 15:44:54.922', 2);
INSERT INTO history (id, action_type, container_id, container_type, created_on, author_id) VALUES (2687, 'Update', 2591, 'Issue', '2013-10-16 15:47:29.141', 2);
INSERT INTO history (id, action_type, container_id, container_type, created_on, author_id) VALUES (2688, 'Create', 2625, 'Issue', '2013-10-16 15:49:31.533', 2);
INSERT INTO history (id, action_type, container_id, container_type, created_on, author_id) VALUES (2689, 'Update', 2625, 'Issue', '2013-10-16 15:49:42.489', 2);
INSERT INTO history (id, action_type, container_id, container_type, created_on, author_id) VALUES (2700, 'Update', 2625, 'Issue', '2013-10-16 15:49:55.375', 2);
INSERT INTO history (id, action_type, container_id, container_type, created_on, author_id) VALUES (2701, 'Update', 2625, 'Issue', '2013-10-16 15:50:01.826', 2);
INSERT INTO history (id, action_type, container_id, container_type, created_on, author_id) VALUES (2702, 'Update', 20, 'Team', '2013-10-16 15:51:15.405', 3);
INSERT INTO history (id, action_type, container_id, container_type, created_on, author_id) VALUES (2703, 'Create', 2626, 'Issue', '2013-10-16 18:12:02.069', 6);
INSERT INTO history (id, action_type, container_id, container_type, created_on, author_id) VALUES (2704, 'Update', 2626, 'Issue', '2013-10-16 18:20:16.534', 6);
INSERT INTO history (id, action_type, container_id, container_type, created_on, author_id) VALUES (2720, 'Update', 2598, 'Issue', '2013-10-17 10:14:32.211', 6);
INSERT INTO history (id, action_type, container_id, container_type, created_on, author_id) VALUES (2721, 'Update', 2595, 'Issue', '2013-10-17 10:14:43.576', 6);
INSERT INTO history (id, action_type, container_id, container_type, created_on, author_id) VALUES (2722, 'Update', 2596, 'Issue', '2013-10-17 10:15:16.403', 3);
INSERT INTO history (id, action_type, container_id, container_type, created_on, author_id) VALUES (2723, 'Update', 2594, 'Issue', '2013-10-17 10:15:45.069', 11);
INSERT INTO history (id, action_type, container_id, container_type, created_on, author_id) VALUES (2724, 'Update', 2625, 'Issue', '2013-10-17 10:18:43.668', 5);
INSERT INTO history (id, action_type, container_id, container_type, created_on, author_id) VALUES (2725, 'Update', 2597, 'Issue', '2013-10-17 10:24:00.165', 8);
INSERT INTO history (id, action_type, container_id, container_type, created_on, author_id) VALUES (2726, 'Update', 2620, 'Issue', '2013-10-17 10:24:01.995', 12);
INSERT INTO history (id, action_type, container_id, container_type, created_on, author_id) VALUES (2727, 'Update', 2599, 'Issue', '2013-10-17 10:24:48.108', 12);
INSERT INTO history (id, action_type, container_id, container_type, created_on, author_id) VALUES (2728, 'Update', 2622, 'Issue', '2013-10-17 10:27:49.896', 8);
INSERT INTO history (id, action_type, container_id, container_type, created_on, author_id) VALUES (2729, 'Update', 2623, 'Issue', '2013-10-17 10:28:00.546', 8);
INSERT INTO history (id, action_type, container_id, container_type, created_on, author_id) VALUES (2770, 'Update', 2591, 'Issue', '2013-10-17 10:28:26.395', 8);
INSERT INTO history (id, action_type, container_id, container_type, created_on, author_id) VALUES (2790, 'Create', 2780, 'Issue', '2013-10-17 15:12:09.6', 2);
INSERT INTO history (id, action_type, container_id, container_type, created_on, author_id) VALUES (2791, 'Update', 2780, 'Issue', '2013-10-17 15:13:15.042', 2);
INSERT INTO history (id, action_type, container_id, container_type, created_on, author_id) VALUES (2820, 'Update', 2597, 'Issue', '2013-10-21 09:41:43.774', 8);
INSERT INTO history (id, action_type, container_id, container_type, created_on, author_id) VALUES (2821, 'Update', 2597, 'Issue', '2013-10-21 09:41:46.689', 8);
INSERT INTO history (id, action_type, container_id, container_type, created_on, author_id) VALUES (2822, 'Update', 2621, 'Issue', '2013-10-21 09:43:02.421', 3);
INSERT INTO history (id, action_type, container_id, container_type, created_on, author_id) VALUES (2823, 'Update', 2622, 'Issue', '2013-10-21 09:45:00.295', 4);
INSERT INTO history (id, action_type, container_id, container_type, created_on, author_id) VALUES (2824, 'Update', 2625, 'Issue', '2013-10-21 09:45:50.248', 5);
INSERT INTO history (id, action_type, container_id, container_type, created_on, author_id) VALUES (2825, 'Update', 2620, 'Issue', '2013-10-21 09:48:54.769', 12);
INSERT INTO history (id, action_type, container_id, container_type, created_on, author_id) VALUES (2826, 'Update', 2620, 'Issue', '2013-10-21 09:48:58.301', 12);
INSERT INTO history (id, action_type, container_id, container_type, created_on, author_id) VALUES (2827, 'Update', 2591, 'Issue', '2013-10-21 10:32:25.3', 7);
INSERT INTO history (id, action_type, container_id, container_type, created_on, author_id) VALUES (2828, 'Update', 2595, 'Issue', '2013-10-21 10:38:39.799', 10);
INSERT INTO history (id, action_type, container_id, container_type, created_on, author_id) VALUES (2829, 'Update', 2594, 'Issue', '2013-10-21 14:22:12.897', 11);
INSERT INTO history (id, action_type, container_id, container_type, created_on, author_id) VALUES (2860, 'Update', 2598, 'Issue', '2013-10-21 14:23:25.509', 6);
INSERT INTO history (id, action_type, container_id, container_type, created_on, author_id) VALUES (2861, 'Update', 2623, 'Issue', '2013-10-21 14:23:53.089', 9);
INSERT INTO history (id, action_type, container_id, container_type, created_on, author_id) VALUES (2862, 'Update', 2623, 'Issue', '2013-10-22 09:22:35.557', 9);
INSERT INTO history (id, action_type, container_id, container_type, created_on, author_id) VALUES (2863, 'Update', 2623, 'Issue', '2013-10-22 09:23:06.917', 9);
INSERT INTO history (id, action_type, container_id, container_type, created_on, author_id) VALUES (2864, 'Update', 2598, 'Issue', '2013-10-22 09:23:46.63', 6);
INSERT INTO history (id, action_type, container_id, container_type, created_on, author_id) VALUES (2865, 'Update', 2598, 'Issue', '2013-10-22 09:23:54.506', 6);
INSERT INTO history (id, action_type, container_id, container_type, created_on, author_id) VALUES (2866, 'Update', 2626, 'Issue', '2013-10-22 09:24:17.994', 6);
INSERT INTO history (id, action_type, container_id, container_type, created_on, author_id) VALUES (2867, 'Update', 2626, 'Issue', '2013-10-22 09:24:21.692', 6);
INSERT INTO history (id, action_type, container_id, container_type, created_on, author_id) VALUES (2868, 'Update', 2624, 'Issue', '2013-10-22 09:32:42.744', 8);
INSERT INTO history (id, action_type, container_id, container_type, created_on, author_id) VALUES (2869, 'Update', 2624, 'Issue', '2013-10-22 09:32:55.43', 8);
INSERT INTO history (id, action_type, container_id, container_type, created_on, author_id) VALUES (2890, 'Update', 2624, 'Issue', '2013-10-22 09:33:01.03', 8);
INSERT INTO history (id, action_type, container_id, container_type, created_on, author_id) VALUES (2891, 'Update', 2620, 'Issue', '2013-10-22 09:33:35.599', 12);
INSERT INTO history (id, action_type, container_id, container_type, created_on, author_id) VALUES (2892, 'Update', 2620, 'Issue', '2013-10-22 09:33:37.294', 12);
INSERT INTO history (id, action_type, container_id, container_type, created_on, author_id) VALUES (2893, 'Update', 2595, 'Issue', '2013-10-22 10:17:34.502', 10);
INSERT INTO history (id, action_type, container_id, container_type, created_on, author_id) VALUES (2894, 'Update', 2591, 'Issue', '2013-10-22 11:29:56.422', 7);
INSERT INTO history (id, action_type, container_id, container_type, created_on, author_id) VALUES (2895, 'Update', 2621, 'Issue', '2013-10-22 11:30:05.133', 3);
INSERT INTO history (id, action_type, container_id, container_type, created_on, author_id) VALUES (2896, 'Update', 2621, 'Issue', '2013-10-22 11:30:19.218', 3);
INSERT INTO history (id, action_type, container_id, container_type, created_on, author_id) VALUES (2897, 'Update', 2594, 'Issue', '2013-10-22 15:03:28.187', 2);
INSERT INTO history (id, action_type, container_id, container_type, created_on, author_id) VALUES (2898, 'Update', 2622, 'Issue', '2013-10-22 15:04:21.224', 2);
INSERT INTO history (id, action_type, container_id, container_type, created_on, author_id) VALUES (2910, 'Add', 2625, 'Issue', '2013-10-23 09:04:39.958', 2);
INSERT INTO history (id, action_type, container_id, container_type, created_on, author_id) VALUES (2911, 'Add', 2625, 'Issue', '2013-10-23 09:08:03.586', 2);
INSERT INTO history (id, action_type, container_id, container_type, created_on, author_id) VALUES (2912, 'Update', 2626, 'Issue', '2013-10-23 09:25:00.639', 6);
INSERT INTO history (id, action_type, container_id, container_type, created_on, author_id) VALUES (2913, 'Update', 2624, 'Issue', '2013-10-23 09:25:04.316', 12);
INSERT INTO history (id, action_type, container_id, container_type, created_on, author_id) VALUES (2914, 'Update', 2591, 'Issue', '2013-10-23 09:25:13.834', 7);
INSERT INTO history (id, action_type, container_id, container_type, created_on, author_id) VALUES (2915, 'Update', 2624, 'Issue', '2013-10-23 09:25:53.961', 12);
INSERT INTO history (id, action_type, container_id, container_type, created_on, author_id) VALUES (2916, 'Update', 2597, 'Issue', '2013-10-23 09:27:13.927', 8);
INSERT INTO history (id, action_type, container_id, container_type, created_on, author_id) VALUES (2917, 'Update', 2597, 'Issue', '2013-10-23 09:27:13.96', 8);
INSERT INTO history (id, action_type, container_id, container_type, created_on, author_id) VALUES (2918, 'Update', 2625, 'Issue', '2013-10-23 13:34:44.764', 5);
INSERT INTO history (id, action_type, container_id, container_type, created_on, author_id) VALUES (2919, 'Update', 2625, 'Issue', '2013-10-23 13:34:48.91', 5);
INSERT INTO history (id, action_type, container_id, container_type, created_on, author_id) VALUES (2960, 'Update', 2594, 'Issue', '2013-10-23 13:35:33.337', 2);
INSERT INTO history (id, action_type, container_id, container_type, created_on, author_id) VALUES (2961, 'Update', 2594, 'Issue', '2013-10-23 13:35:36.49', 2);
INSERT INTO history (id, action_type, container_id, container_type, created_on, author_id) VALUES (2962, 'Update', 2595, 'Issue', '2013-10-23 13:35:43.918', 10);
INSERT INTO history (id, action_type, container_id, container_type, created_on, author_id) VALUES (2963, 'AddUs', 10, 'Project', '2013-10-23 16:34:45.832', 3);
INSERT INTO history (id, action_type, container_id, container_type, created_on, author_id) VALUES (2964, 'Update', 10, 'Project', '2013-10-23 16:41:20.928', 3);
INSERT INTO history (id, action_type, container_id, container_type, created_on, author_id) VALUES (2965, 'DeleteUs', 10, 'Project', '2013-10-23 16:41:34.228', 3);
INSERT INTO history (id, action_type, container_id, container_type, created_on, author_id) VALUES (2966, 'Update', 2596, 'Issue', '2013-10-24 09:19:48.386', 11);
INSERT INTO history (id, action_type, container_id, container_type, created_on, author_id) VALUES (2967, 'Update', 2596, 'Issue', '2013-10-24 09:19:48.531', 11);
INSERT INTO history (id, action_type, container_id, container_type, created_on, author_id) VALUES (2968, 'Update', 2624, 'Issue', '2013-10-24 09:30:06.711', 8);
INSERT INTO history (id, action_type, container_id, container_type, created_on, author_id) VALUES (2969, 'Update', 2623, 'Issue', '2013-10-24 09:32:04.05', 3);
INSERT INTO history (id, action_type, container_id, container_type, created_on, author_id) VALUES (3010, 'Update', 2623, 'Issue', '2013-10-24 09:32:04.104', 3);
INSERT INTO history (id, action_type, container_id, container_type, created_on, author_id) VALUES (3011, 'Update', 2626, 'Issue', '2013-10-24 09:32:53.359', 6);
INSERT INTO history (id, action_type, container_id, container_type, created_on, author_id) VALUES (3012, 'Update', 2595, 'Issue', '2013-10-24 09:32:53.993', 10);
INSERT INTO history (id, action_type, container_id, container_type, created_on, author_id) VALUES (3013, 'Update', 2626, 'Issue', '2013-10-24 09:32:56.084', 6);
INSERT INTO history (id, action_type, container_id, container_type, created_on, author_id) VALUES (3014, 'Update', 2622, 'Issue', '2013-10-24 09:33:41.338', 4);
INSERT INTO history (id, action_type, container_id, container_type, created_on, author_id) VALUES (3015, 'Update', 2622, 'Issue', '2013-10-24 09:33:47.978', 4);
INSERT INTO history (id, action_type, container_id, container_type, created_on, author_id) VALUES (3016, 'AddUs', 10, 'Project', '2013-10-24 09:34:59.455', 4);
INSERT INTO history (id, action_type, container_id, container_type, created_on, author_id) VALUES (3017, 'AddUs', 10, 'Project', '2013-10-24 09:34:59.538', 4);
INSERT INTO history (id, action_type, container_id, container_type, created_on, author_id) VALUES (3018, 'DeleteUs', 10, 'Project', '2013-10-24 09:35:06.338', 4);
INSERT INTO history (id, action_type, container_id, container_type, created_on, author_id) VALUES (3019, 'DeleteUs', 10, 'Project', '2013-10-24 09:35:14.41', 4);
INSERT INTO history (id, action_type, container_id, container_type, created_on, author_id) VALUES (3030, 'Update', 2780, 'Issue', '2013-10-24 17:07:30.2', 4);
INSERT INTO history (id, action_type, container_id, container_type, created_on, author_id) VALUES (3031, 'Update', 2780, 'Issue', '2013-10-24 17:07:35.022', 4);
INSERT INTO history (id, action_type, container_id, container_type, created_on, author_id) VALUES (3032, 'Update', 2624, 'Issue', '2013-10-25 09:26:42.793', 12);
INSERT INTO history (id, action_type, container_id, container_type, created_on, author_id) VALUES (3033, 'Update', 2626, 'Issue', '2013-10-25 09:36:46.584', 3);
INSERT INTO history (id, action_type, container_id, container_type, created_on, author_id) VALUES (3034, 'Update', 2626, 'Issue', '2013-10-25 09:36:46.637', 3);
INSERT INTO history (id, action_type, container_id, container_type, created_on, author_id) VALUES (3035, 'Create', 3070, 'Team', '2013-10-25 09:37:45.059', 3);
INSERT INTO history (id, action_type, container_id, container_type, created_on, author_id) VALUES (3036, 'Update', 2591, 'Issue', '2013-10-25 09:45:18.496', 7);
INSERT INTO history (id, action_type, container_id, container_type, created_on, author_id) VALUES (3037, 'Update', 2591, 'Issue', '2013-10-25 09:45:19.874', 7);
INSERT INTO history (id, action_type, container_id, container_type, created_on, author_id) VALUES (3038, 'Update', 2594, 'Issue', '2013-10-25 10:30:05.577', 6);
INSERT INTO history (id, action_type, container_id, container_type, created_on, author_id) VALUES (3039, 'Update', 2622, 'Issue', '2013-10-25 11:30:46.963', 11);
INSERT INTO history (id, action_type, container_id, container_type, created_on, author_id) VALUES (3080, 'Update', 2622, 'Issue', '2013-10-25 11:30:46.996', 11);
INSERT INTO history (id, action_type, container_id, container_type, created_on, author_id) VALUES (3081, 'Update', 2595, 'Issue', '2013-10-25 13:36:41.885', 10);
INSERT INTO history (id, action_type, container_id, container_type, created_on, author_id) VALUES (3082, 'Update', 2595, 'Issue', '2013-10-25 13:36:41.934', 10);
INSERT INTO history (id, action_type, container_id, container_type, created_on, author_id) VALUES (3083, 'Update', 2595, 'Issue', '2013-10-25 13:36:48.491', 10);
INSERT INTO history (id, action_type, container_id, container_type, created_on, author_id) VALUES (3084, 'Update', 2595, 'Issue', '2013-10-25 13:36:59.829', 10);
INSERT INTO history (id, action_type, container_id, container_type, created_on, author_id) VALUES (3085, 'Update', 2620, 'Issue', '2013-10-25 13:38:51.663', 4);
INSERT INTO history (id, action_type, container_id, container_type, created_on, author_id) VALUES (3086, 'Update', 2620, 'Issue', '2013-10-25 13:38:51.696', 4);
INSERT INTO history (id, action_type, container_id, container_type, created_on, author_id) VALUES (3087, 'Update', 2625, 'Issue', '2013-10-25 13:39:15.232', 5);
INSERT INTO history (id, action_type, container_id, container_type, created_on, author_id) VALUES (3088, 'Update', 2625, 'Issue', '2013-10-25 13:39:28.192', 5);
INSERT INTO history (id, action_type, container_id, container_type, created_on, author_id) VALUES (3130, 'Update', 2624, 'Issue', '2013-10-28 09:25:21.075', 3);
INSERT INTO history (id, action_type, container_id, container_type, created_on, author_id) VALUES (3131, 'Update', 2621, 'Issue', '2013-10-28 09:25:31.259', 11);
INSERT INTO history (id, action_type, container_id, container_type, created_on, author_id) VALUES (3132, 'Update', 2621, 'Issue', '2013-10-28 09:25:31.304', 11);
INSERT INTO history (id, action_type, container_id, container_type, created_on, author_id) VALUES (3133, 'Update', 2780, 'Issue', '2013-10-28 09:25:35.127', 4);
INSERT INTO history (id, action_type, container_id, container_type, created_on, author_id) VALUES (3134, 'Update', 2780, 'Issue', '2013-10-28 09:25:41.272', 4);
INSERT INTO history (id, action_type, container_id, container_type, created_on, author_id) VALUES (3135, 'Update', 2780, 'Issue', '2013-10-28 09:25:41.319', 4);
INSERT INTO history (id, action_type, container_id, container_type, created_on, author_id) VALUES (3136, 'Update', 2595, 'Issue', '2013-10-28 09:25:52.552', 8);
INSERT INTO history (id, action_type, container_id, container_type, created_on, author_id) VALUES (3137, 'Update', 2595, 'Issue', '2013-10-28 09:25:55.049', 8);
INSERT INTO history (id, action_type, container_id, container_type, created_on, author_id) VALUES (3138, 'Update', 2594, 'Issue', '2013-10-28 09:32:54.417', 6);
INSERT INTO history (id, action_type, container_id, container_type, created_on, author_id) VALUES (3139, 'Update', 2594, 'Issue', '2013-10-28 09:32:54.467', 6);
INSERT INTO history (id, action_type, container_id, container_type, created_on, author_id) VALUES (3180, 'Update', 2625, 'Issue', '2013-10-28 09:38:03.884', 5);
INSERT INTO history (id, action_type, container_id, container_type, created_on, author_id) VALUES (3181, 'Update', 2625, 'Issue', '2013-10-28 09:38:13.534', 5);
INSERT INTO history (id, action_type, container_id, container_type, created_on, author_id) VALUES (3182, 'Update', 2591, 'Issue', '2013-10-28 09:41:36.692', 10);
INSERT INTO history (id, action_type, container_id, container_type, created_on, author_id) VALUES (3183, 'Update', 2591, 'Issue', '2013-10-28 09:41:36.726', 10);
INSERT INTO history (id, action_type, container_id, container_type, created_on, author_id) VALUES (3184, 'Update', 2598, 'Issue', '2013-10-28 09:41:54.074', 7);
INSERT INTO history (id, action_type, container_id, container_type, created_on, author_id) VALUES (3185, 'Update', 2598, 'Issue', '2013-10-28 09:41:54.111', 7);
INSERT INTO history (id, action_type, container_id, container_type, created_on, author_id) VALUES (3210, 'Update', 2625, 'Issue', '2013-10-29 08:49:26.413', 9);
INSERT INTO history (id, action_type, container_id, container_type, created_on, author_id) VALUES (3211, 'Update', 2625, 'Issue', '2013-10-29 08:49:26.536', 9);
INSERT INTO history (id, action_type, container_id, container_type, created_on, author_id) VALUES (3212, 'Update', 2624, 'Issue', '2013-10-29 08:59:21.034', 3);
INSERT INTO history (id, action_type, container_id, container_type, created_on, author_id) VALUES (3213, 'Update', 2624, 'Issue', '2013-10-29 08:59:21.107', 3);
INSERT INTO history (id, action_type, container_id, container_type, created_on, author_id) VALUES (3214, 'Update', 2597, 'Issue', '2013-10-29 09:15:55.889', 2);
INSERT INTO history (id, action_type, container_id, container_type, created_on, author_id) VALUES (3260, 'Update', 20, 'Team', '2013-10-29 14:54:32.715', 2);
INSERT INTO history (id, action_type, container_id, container_type, created_on, author_id) VALUES (3261, 'Update', 1832, 'Issue', '2013-10-29 14:55:10.382', 2);
INSERT INTO history (id, action_type, container_id, container_type, created_on, author_id) VALUES (3262, 'Update', 1835, 'Issue', '2013-10-29 14:55:28.477', 2);
INSERT INTO history (id, action_type, container_id, container_type, created_on, author_id) VALUES (3263, 'Update', 20, 'Team', '2013-10-29 15:05:56.282', 2);
INSERT INTO history (id, action_type, container_id, container_type, created_on, author_id) VALUES (3264, 'CreateSprint', 20, 'Team', '2013-10-29 15:07:32.236', 2);
INSERT INTO history (id, action_type, container_id, container_type, created_on, author_id) VALUES (3265, 'Create', 3300, 'Issue', '2013-10-29 15:10:51.619', 2);
INSERT INTO history (id, action_type, container_id, container_type, created_on, author_id) VALUES (3266, 'Create', 3301, 'Issue', '2013-10-29 15:13:56.262', 2);
INSERT INTO history (id, action_type, container_id, container_type, created_on, author_id) VALUES (3267, 'Create', 3302, 'Issue', '2013-10-29 15:15:59.734', 2);
INSERT INTO history (id, action_type, container_id, container_type, created_on, author_id) VALUES (3268, 'Create', 3303, 'Issue', '2013-10-29 15:16:41.652', 2);
INSERT INTO history (id, action_type, container_id, container_type, created_on, author_id) VALUES (3269, 'Create', 3304, 'Issue', '2013-10-29 15:29:54.557', 2);
INSERT INTO history (id, action_type, container_id, container_type, created_on, author_id) VALUES (3330, 'Create', 3305, 'Issue', '2013-10-29 15:48:07.317', 2);
INSERT INTO history (id, action_type, container_id, container_type, created_on, author_id) VALUES (3331, 'Create', 3306, 'Issue', '2013-10-29 15:48:42.903', 2);
INSERT INTO history (id, action_type, container_id, container_type, created_on, author_id) VALUES (3332, 'Create', 3307, 'Issue', '2013-10-29 15:49:11.194', 2);
INSERT INTO history (id, action_type, container_id, container_type, created_on, author_id) VALUES (3333, 'Create', 3308, 'Issue', '2013-10-29 15:49:39.615', 2);
INSERT INTO history (id, action_type, container_id, container_type, created_on, author_id) VALUES (3334, 'Create', 3309, 'Issue', '2013-10-29 15:52:19.329', 2);
INSERT INTO history (id, action_type, container_id, container_type, created_on, author_id) VALUES (3335, 'AddUs', 10, 'Project', '2013-10-29 15:57:46.681', 2);
INSERT INTO history (id, action_type, container_id, container_type, created_on, author_id) VALUES (3336, 'Create', 3350, 'Issue', '2013-10-29 15:58:12.391', 2);
INSERT INTO history (id, action_type, container_id, container_type, created_on, author_id) VALUES (3337, 'Create', 3351, 'Issue', '2013-10-29 15:59:51.1', 2);
INSERT INTO history (id, action_type, container_id, container_type, created_on, author_id) VALUES (3338, 'Create', 3352, 'Issue', '2013-10-29 16:25:07.28', 2);
INSERT INTO history (id, action_type, container_id, container_type, created_on, author_id) VALUES (3339, 'Create', 3353, 'Issue', '2013-10-29 16:26:47.577', 2);
INSERT INTO history (id, action_type, container_id, container_type, created_on, author_id) VALUES (3370, 'Create', 3354, 'Issue', '2013-10-29 16:29:31.433', 2);
INSERT INTO history (id, action_type, container_id, container_type, created_on, author_id) VALUES (3371, 'Create', 3355, 'Issue', '2013-10-29 16:31:08.73', 2);
INSERT INTO history (id, action_type, container_id, container_type, created_on, author_id) VALUES (3372, 'Create', 3356, 'Issue', '2013-10-29 16:32:40.282', 2);
INSERT INTO history (id, action_type, container_id, container_type, created_on, author_id) VALUES (3373, 'Create', 3357, 'Issue', '2013-10-29 16:34:56.21', 2);
INSERT INTO history (id, action_type, container_id, container_type, created_on, author_id) VALUES (3374, 'Create', 3358, 'Issue', '2013-10-29 16:36:13.395', 2);
INSERT INTO history (id, action_type, container_id, container_type, created_on, author_id) VALUES (3375, 'Create', 3359, 'Issue', '2013-10-29 16:40:43.24', 2);
INSERT INTO history (id, action_type, container_id, container_type, created_on, author_id) VALUES (3376, 'Create', 3380, 'Issue', '2013-10-29 16:47:32.297', 2);

--
-- TOC entry 2046 (class 0 OID 56048)
-- Dependencies: 165
-- Data for Name: history_field_change; Type: TABLE DATA; Schema: myagile; Owner: postgres
--

INSERT INTO history_field_change (id, field_name, new_value, old_value, history_id) VALUES (170, 'Remain point', 'D3T1', 'D5T1', 160);
INSERT INTO history_field_change (id, field_name, new_value, old_value, history_id) VALUES (171, 'Status', 'Progress', 'To do', 161);
INSERT INTO history_field_change (id, field_name, new_value, old_value, history_id) VALUES (172, 'Remain point', 'D1T1', 'D5T1', 162);
INSERT INTO history_field_change (id, field_name, new_value, old_value, history_id) VALUES (173, 'Remain point', 'D0T1', 'D3T1', 163);
INSERT INTO history_field_change (id, field_name, new_value, old_value, history_id) VALUES (174, 'Remain point', 'D2T1', 'D5T1', 164);
INSERT INTO history_field_change (id, field_name, new_value, old_value, history_id) VALUES (175, 'Remain point', 'D2T1', 'D5T1', 165);
INSERT INTO history_field_change (id, field_name, new_value, old_value, history_id) VALUES (176, 'Remain point', 'D3.5T2', 'D5T2', 166);
INSERT INTO history_field_change (id, field_name, new_value, old_value, history_id) VALUES (177, 'Remain point', 'D0T0', 'D2T0', 167);
INSERT INTO history_field_change (id, field_name, new_value, old_value, history_id) VALUES (178, 'Remain point', 'D2T1', 'D5T1', 168);
INSERT INTO history_field_change (id, field_name, new_value, old_value, history_id) VALUES (179, 'Remain point', 'D0T0', 'D1T0', 169);
INSERT INTO history_field_change (id, field_name, new_value, old_value, history_id) VALUES (200, 'Remain point', 'D4T1', 'D5T1', 190);
INSERT INTO history_field_change (id, field_name, new_value, old_value, history_id) VALUES (201, 'Status', 'Done', 'Progress', 191);
INSERT INTO history_field_change (id, field_name, new_value, old_value, history_id) VALUES (270, 'Assigned to', 'Lâm Phúc Hiếu', 'Hiếu Lâm Phúc', 261);
INSERT INTO history_field_change (id, field_name, new_value, old_value, history_id) VALUES (271, 'Remain point', 'D1T1', 'D3T1', 261);
INSERT INTO history_field_change (id, field_name, new_value, old_value, history_id) VALUES (272, 'Assigned to', 'Trần Cương Trực', 'Trực Trần Cương', 262);
INSERT INTO history_field_change (id, field_name, new_value, old_value, history_id) VALUES (273, 'Remain point', 'D0T1', 'D1T1', 262);
INSERT INTO history_field_change (id, field_name, new_value, old_value, history_id) VALUES (274, 'Status', 'Verify', 'Progress', 263);
INSERT INTO history_field_change (id, field_name, new_value, old_value, history_id) VALUES (275, 'Assigned to', 'Nguyễn Xuân Vinh', 'Vinh Nguyễn Xuân', 263);
INSERT INTO history_field_change (id, field_name, new_value, old_value, history_id) VALUES (276, 'Status', 'Verify', 'Progress', 264);
INSERT INTO history_field_change (id, field_name, new_value, old_value, history_id) VALUES (277, 'Assigned to', 'Trần Cương Trực', 'Trực Trần Cương', 264);
INSERT INTO history_field_change (id, field_name, new_value, old_value, history_id) VALUES (278, 'Status', 'Progress', 'To do', 265);
INSERT INTO history_field_change (id, field_name, new_value, old_value, history_id) VALUES (279, 'Assigned to', 'Nguyễn Xuân Vinh', 'None', 266);
INSERT INTO history_field_change (id, field_name, new_value, old_value, history_id) VALUES (290, 'Assigned to', 'Nguyễn Xuân Vinh', 'Vinh Nguyễn Xuân', 267);
INSERT INTO history_field_change (id, field_name, new_value, old_value, history_id) VALUES (291, 'Remain point', 'D7T2', 'D8T2', 267);
INSERT INTO history_field_change (id, field_name, new_value, old_value, history_id) VALUES (292, 'Assigned to', 'Trần Nguyễn Tiến Sứ', 'Sứ Trần Nguyễn Tiến', 268);
INSERT INTO history_field_change (id, field_name, new_value, old_value, history_id) VALUES (293, 'Remain point', 'D0T1', 'D2T1', 268);
INSERT INTO history_field_change (id, field_name, new_value, old_value, history_id) VALUES (294, 'Status', 'Verify', 'Progress', 269);
INSERT INTO history_field_change (id, field_name, new_value, old_value, history_id) VALUES (295, 'Assigned to', 'Trần Nguyễn Tiến Sứ', 'Sứ Trần Nguyễn Tiến', 269);
INSERT INTO history_field_change (id, field_name, new_value, old_value, history_id) VALUES (296, 'Assigned to', 'Trần Ngọc Thơ', 'Thơ Trần Ngọc', 300);
INSERT INTO history_field_change (id, field_name, new_value, old_value, history_id) VALUES (297, 'Remain point', 'D0T1', 'D2T1', 300);
INSERT INTO history_field_change (id, field_name, new_value, old_value, history_id) VALUES (298, 'Status', 'Verify', 'Progress', 301);
INSERT INTO history_field_change (id, field_name, new_value, old_value, history_id) VALUES (299, 'Assigned to', 'Trần Ngọc Thơ', 'Thơ Trần Ngọc', 301);
INSERT INTO history_field_change (id, field_name, new_value, old_value, history_id) VALUES (310, 'Assigned to', 'Đỗ Văn Cường', 'Cường Đỗ Văn', 302);
INSERT INTO history_field_change (id, field_name, new_value, old_value, history_id) VALUES (311, 'Remain point', 'D1T2', 'D3.5T2', 302);
INSERT INTO history_field_change (id, field_name, new_value, old_value, history_id) VALUES (312, 'Assigned to', 'Ðinh Minh Ngộ', 'None', 303);
INSERT INTO history_field_change (id, field_name, new_value, old_value, history_id) VALUES (313, 'Status', 'Progress', 'To do', 304);
INSERT INTO history_field_change (id, field_name, new_value, old_value, history_id) VALUES (314, 'Assigned to', 'Ðinh Minh Ngộ', 'Ngộ Ðinh Minh', 304);
INSERT INTO history_field_change (id, field_name, new_value, old_value, history_id) VALUES (315, 'Assigned to', 'Ðinh Minh Ngộ', 'Ngộ Ðinh Minh', 305);
INSERT INTO history_field_change (id, field_name, new_value, old_value, history_id) VALUES (316, 'Remain point', 'D6.5T2', 'D8T2', 305);
INSERT INTO history_field_change (id, field_name, new_value, old_value, history_id) VALUES (317, 'Assigned to', 'Nguyễn Đặng Quang Vinh', 'Vinh Nguyễn Đặng Quang', 306);
INSERT INTO history_field_change (id, field_name, new_value, old_value, history_id) VALUES (318, 'Remain point', 'D0T1', 'D2T1', 306);
INSERT INTO history_field_change (id, field_name, new_value, old_value, history_id) VALUES (319, 'Status', 'Verify', 'Progress', 307);
INSERT INTO history_field_change (id, field_name, new_value, old_value, history_id) VALUES (320, 'Assigned to', 'Nguyễn Đặng Quang Vinh', 'Vinh Nguyễn Đặng Quang', 307);
INSERT INTO history_field_change (id, field_name, new_value, old_value, history_id) VALUES (321, 'Assigned to', 'Nguyễn Văn Hương', 'None', 308);
INSERT INTO history_field_change (id, field_name, new_value, old_value, history_id) VALUES (322, 'Status', 'Progress', 'To do', 309);
INSERT INTO history_field_change (id, field_name, new_value, old_value, history_id) VALUES (323, 'Assigned to', 'Nguyễn Văn Hương', 'Hương Nguyễn Văn', 309);
INSERT INTO history_field_change (id, field_name, new_value, old_value, history_id) VALUES (324, 'Assigned to', 'Nguyễn Văn Hương', 'Hương Nguyễn Văn', 330);
INSERT INTO history_field_change (id, field_name, new_value, old_value, history_id) VALUES (325, 'Remain point', 'D4T1', 'D5T1', 330);
INSERT INTO history_field_change (id, field_name, new_value, old_value, history_id) VALUES (326, 'Assigned to', 'Nguyễn Xuân Vinh', 'Vinh Nguyễn Xuân', 331);
INSERT INTO history_field_change (id, field_name, new_value, old_value, history_id) VALUES (327, 'Remain point', 'D6.5T2', 'D7T2', 331);
INSERT INTO history_field_change (id, field_name, new_value, old_value, history_id) VALUES (328, 'Assigned to', 'Nguyễn Xuân Vinh', 'Vinh Nguyễn Xuân', 332);
INSERT INTO history_field_change (id, field_name, new_value, old_value, history_id) VALUES (329, 'Remain point', 'D6.5T2', 'D7T2', 332);
INSERT INTO history_field_change (id, field_name, new_value, old_value, history_id) VALUES (340, 'Assigned to', 'Lê An Khang', 'Khang Lê An', 333);
INSERT INTO history_field_change (id, field_name, new_value, old_value, history_id) VALUES (341, 'Remain point', 'D3.5T1', 'D4T1', 333);
INSERT INTO history_field_change (id, field_name, new_value, old_value, history_id) VALUES (342, 'Assigned to', 'Lê An Khang', 'Khang Lê An', 334);
INSERT INTO history_field_change (id, field_name, new_value, old_value, history_id) VALUES (400, 'Status', 'To do', 'Done', 390);
INSERT INTO history_field_change (id, field_name, new_value, old_value, history_id) VALUES (401, 'Status', 'To do', 'Progress', 391);
INSERT INTO history_field_change (id, field_name, new_value, old_value, history_id) VALUES (402, 'Status', 'To do', 'Progress', 392);
INSERT INTO history_field_change (id, field_name, new_value, old_value, history_id) VALUES (403, 'Status', 'To do', 'Progress', 393);
INSERT INTO history_field_change (id, field_name, new_value, old_value, history_id) VALUES (404, 'Status', 'To do', 'Progress', 394);
INSERT INTO history_field_change (id, field_name, new_value, old_value, history_id) VALUES (405, 'Status', 'To do', 'Progress', 395);
INSERT INTO history_field_change (id, field_name, new_value, old_value, history_id) VALUES (406, 'Status', 'To do', 'Progress', 396);
INSERT INTO history_field_change (id, field_name, new_value, old_value, history_id) VALUES (407, 'Status', 'To do', 'Progress', 397);
INSERT INTO history_field_change (id, field_name, new_value, old_value, history_id) VALUES (408, 'Status', 'To do', 'Verify', 398);
INSERT INTO history_field_change (id, field_name, new_value, old_value, history_id) VALUES (409, 'Status', 'To do', 'Verify', 399);
INSERT INTO history_field_change (id, field_name, new_value, old_value, history_id) VALUES (420, 'Status', 'To do', 'Verify', 410);
INSERT INTO history_field_change (id, field_name, new_value, old_value, history_id) VALUES (421, 'Status', 'To do', 'Verify', 411);
INSERT INTO history_field_change (id, field_name, new_value, old_value, history_id) VALUES (422, 'Status', 'To do', 'Verify', 412);
INSERT INTO history_field_change (id, field_name, new_value, old_value, history_id) VALUES (423, 'Status', 'Progress', 'To do', 413);
INSERT INTO history_field_change (id, field_name, new_value, old_value, history_id) VALUES (424, 'Remain point', 'D3T1', 'D5T1', 414);
INSERT INTO history_field_change (id, field_name, new_value, old_value, history_id) VALUES (425, 'Status', 'Progress', 'To do', 415);
INSERT INTO history_field_change (id, field_name, new_value, old_value, history_id) VALUES (426, 'Remain point', 'D1T1', 'D5T1', 416);
INSERT INTO history_field_change (id, field_name, new_value, old_value, history_id) VALUES (427, 'Status', 'Progress', 'To do', 417);
INSERT INTO history_field_change (id, field_name, new_value, old_value, history_id) VALUES (428, 'Remain point', 'D0T1', 'D3T1', 418);
INSERT INTO history_field_change (id, field_name, new_value, old_value, history_id) VALUES (429, 'Status', 'Verify', 'Progress', 419);
INSERT INTO history_field_change (id, field_name, new_value, old_value, history_id) VALUES (460, 'Status', 'Progress', 'To do', 450);
INSERT INTO history_field_change (id, field_name, new_value, old_value, history_id) VALUES (461, 'Remain point', 'D2T1', 'D5T1', 451);
INSERT INTO history_field_change (id, field_name, new_value, old_value, history_id) VALUES (462, 'Status', 'Progress', 'To do', 452);
INSERT INTO history_field_change (id, field_name, new_value, old_value, history_id) VALUES (463, 'Remain point', 'D2T1', 'D5T1', 453);
INSERT INTO history_field_change (id, field_name, new_value, old_value, history_id) VALUES (464, 'Status', 'Progress', 'To do', 454);
INSERT INTO history_field_change (id, field_name, new_value, old_value, history_id) VALUES (465, 'Remain point', 'D3.5T2', 'D5T2', 455);
INSERT INTO history_field_change (id, field_name, new_value, old_value, history_id) VALUES (466, 'Status', 'Progress', 'To do', 456);
INSERT INTO history_field_change (id, field_name, new_value, old_value, history_id) VALUES (467, 'Status', 'Done', 'Progress', 457);
INSERT INTO history_field_change (id, field_name, new_value, old_value, history_id) VALUES (468, 'Remain point', 'D0T0', 'D2T0', 457);
INSERT INTO history_field_change (id, field_name, new_value, old_value, history_id) VALUES (469, 'Status', 'Progress', 'To do', 458);
INSERT INTO history_field_change (id, field_name, new_value, old_value, history_id) VALUES (470, 'Remain point', 'D2T1', 'D5T1', 459);
INSERT INTO history_field_change (id, field_name, new_value, old_value, history_id) VALUES (471, 'Status', 'Done', 'To do', 480);
INSERT INTO history_field_change (id, field_name, new_value, old_value, history_id) VALUES (472, 'Remain point', 'D0T0', 'D1T0', 480);
INSERT INTO history_field_change (id, field_name, new_value, old_value, history_id) VALUES (473, 'Status', 'Progress', 'To do', 481);
INSERT INTO history_field_change (id, field_name, new_value, old_value, history_id) VALUES (474, 'Remain point', 'D4T1', 'D5T1', 482);
INSERT INTO history_field_change (id, field_name, new_value, old_value, history_id) VALUES (475, 'Remain point', 'D1T1', 'D3T1', 483);
INSERT INTO history_field_change (id, field_name, new_value, old_value, history_id) VALUES (476, 'Remain point', 'D0T1', 'D1T1', 484);
INSERT INTO history_field_change (id, field_name, new_value, old_value, history_id) VALUES (477, 'Status', 'Verify', 'Progress', 485);
INSERT INTO history_field_change (id, field_name, new_value, old_value, history_id) VALUES (478, 'Status', 'Progress', 'To do', 486);
INSERT INTO history_field_change (id, field_name, new_value, old_value, history_id) VALUES (479, 'Remain point', 'D7T2', 'D8T2', 487);
INSERT INTO history_field_change (id, field_name, new_value, old_value, history_id) VALUES (500, 'Remain point', 'D0T1', 'D2T1', 488);
INSERT INTO history_field_change (id, field_name, new_value, old_value, history_id) VALUES (501, 'Status', 'Verify', 'Progress', 489);
INSERT INTO history_field_change (id, field_name, new_value, old_value, history_id) VALUES (502, 'Remain point', 'D0T1', 'D2T1', 510);
INSERT INTO history_field_change (id, field_name, new_value, old_value, history_id) VALUES (503, 'Status', 'Verify', 'Progress', 511);
INSERT INTO history_field_change (id, field_name, new_value, old_value, history_id) VALUES (504, 'Remain point', 'D2.5T2', 'D3.5T2', 512);
INSERT INTO history_field_change (id, field_name, new_value, old_value, history_id) VALUES (505, 'Status', 'Progress', 'To do', 513);
INSERT INTO history_field_change (id, field_name, new_value, old_value, history_id) VALUES (506, 'Remain point', 'D6.5T2', 'D8T2', 514);
INSERT INTO history_field_change (id, field_name, new_value, old_value, history_id) VALUES (507, 'Remain point', 'D0T1', 'D2T1', 515);
INSERT INTO history_field_change (id, field_name, new_value, old_value, history_id) VALUES (508, 'Status', 'Verify', 'Progress', 516);
INSERT INTO history_field_change (id, field_name, new_value, old_value, history_id) VALUES (509, 'Status', 'Progress', 'To do', 517);
INSERT INTO history_field_change (id, field_name, new_value, old_value, history_id) VALUES (520, 'Remain point', 'D4T1', 'D5T1', 518);
INSERT INTO history_field_change (id, field_name, new_value, old_value, history_id) VALUES (521, 'Remain point', 'D6.5T2', 'D7T2', 519);
INSERT INTO history_field_change (id, field_name, new_value, old_value, history_id) VALUES (522, 'Remain point', 'D3.5T1', 'D4T1', 530);
INSERT INTO history_field_change (id, field_name, new_value, old_value, history_id) VALUES (523, 'Remain point', 'D0T1', 'D1T1', 531);
INSERT INTO history_field_change (id, field_name, new_value, old_value, history_id) VALUES (524, 'Status', 'Verify', 'Progress', 532);
INSERT INTO history_field_change (id, field_name, new_value, old_value, history_id) VALUES (525, 'Remain point', 'D5.5T2', 'D6.5T2', 533);
INSERT INTO history_field_change (id, field_name, new_value, old_value, history_id) VALUES (526, 'Remain point', 'D4.5T2', 'D5.5T2', 534);
INSERT INTO history_field_change (id, field_name, new_value, old_value, history_id) VALUES (527, 'Remain point', 'D5.5T2', 'D6.5T2', 535);
INSERT INTO history_field_change (id, field_name, new_value, old_value, history_id) VALUES (528, 'Status', 'Done', 'Verify', 536);
INSERT INTO history_field_change (id, field_name, new_value, old_value, history_id) VALUES (529, 'Remain point', 'D0T0', 'D0T1', 536);
INSERT INTO history_field_change (id, field_name, new_value, old_value, history_id) VALUES (560, 'Remain point', 'D2T2', 'D2.5T2', 537);
INSERT INTO history_field_change (id, field_name, new_value, old_value, history_id) VALUES (561, 'Remain point', 'D4.5T2', 'D5.5T2', 538);
INSERT INTO history_field_change (id, field_name, new_value, old_value, history_id) VALUES (562, 'Remain point', 'D4T2', 'D4.5T2', 539);
INSERT INTO history_field_change (id, field_name, new_value, old_value, history_id) VALUES (563, 'Remain point', 'D3T1', 'D4T1', 570);
INSERT INTO history_field_change (id, field_name, new_value, old_value, history_id) VALUES (564, 'Remain point', 'D3.5T2', 'D4T2', 571);
INSERT INTO history_field_change (id, field_name, new_value, old_value, history_id) VALUES (565, 'Remain point', 'D3T1', 'D3.5T1', 572);
INSERT INTO history_field_change (id, field_name, new_value, old_value, history_id) VALUES (566, 'Status', 'Progress', 'To do', 573);
INSERT INTO history_field_change (id, field_name, new_value, old_value, history_id) VALUES (567, 'Assigned to', 'Lê An Khang', 'None', 574);
INSERT INTO history_field_change (id, field_name, new_value, old_value, history_id) VALUES (568, 'Remain point', 'D7T2', 'D8T2', 575);
INSERT INTO history_field_change (id, field_name, new_value, old_value, history_id) VALUES (569, 'Remain point', 'D6T2', 'D7T2', 576);
INSERT INTO history_field_change (id, field_name, new_value, old_value, history_id) VALUES (590, 'Remain point', 'D7T2', 'D8T2', 577);
INSERT INTO history_field_change (id, field_name, new_value, old_value, history_id) VALUES (591, 'Remain point', 'D6T2', 'D7T2', 578);
INSERT INTO history_field_change (id, field_name, new_value, old_value, history_id) VALUES (592, 'Remain point', 'D3T2', 'D4.5T2', 579);
INSERT INTO history_field_change (id, field_name, new_value, old_value, history_id) VALUES (593, 'Remain point', 'D0T2', 'D2T2', 610);
INSERT INTO history_field_change (id, field_name, new_value, old_value, history_id) VALUES (594, 'Status', 'Verify', 'Progress', 611);
INSERT INTO history_field_change (id, field_name, new_value, old_value, history_id) VALUES (595, 'Status', 'Done', 'Verify', 612);
INSERT INTO history_field_change (id, field_name, new_value, old_value, history_id) VALUES (596, 'Remain point', 'D0T0', 'D0T1', 612);
INSERT INTO history_field_change (id, field_name, new_value, old_value, history_id) VALUES (597, 'Remain point', 'D0T0.5', 'D0T1', 613);
INSERT INTO history_field_change (id, field_name, new_value, old_value, history_id) VALUES (598, 'Remain point', 'D5T2', 'D6T2', 614);
INSERT INTO history_field_change (id, field_name, new_value, old_value, history_id) VALUES (599, 'Remain point', 'D2T1', 'D3T1', 615);
INSERT INTO history_field_change (id, field_name, new_value, old_value, history_id) VALUES (620, 'Status', 'Done', 'Verify', 616);
INSERT INTO history_field_change (id, field_name, new_value, old_value, history_id) VALUES (621, 'Remain point', 'D0T0', 'D0T1', 616);
INSERT INTO history_field_change (id, field_name, new_value, old_value, history_id) VALUES (622, 'Remain point', 'D4T2', 'D5T2', 617);
INSERT INTO history_field_change (id, field_name, new_value, old_value, history_id) VALUES (623, 'Remain point', 'D3T2', 'D3.5T2', 618);
INSERT INTO history_field_change (id, field_name, new_value, old_value, history_id) VALUES (624, 'Remain point', 'D2.5T1', 'D3T1', 619);
INSERT INTO history_field_change (id, field_name, new_value, old_value, history_id) VALUES (625, 'Assigned to', 'Nguyễn Đặng Quang Vinh', 'None', 642);
INSERT INTO history_field_change (id, field_name, new_value, old_value, history_id) VALUES (626, 'Assigned to', 'Trần Ngọc Thơ', 'None', 643);
INSERT INTO history_field_change (id, field_name, new_value, old_value, history_id) VALUES (627, 'Status', 'Progress', 'To do', 645);
INSERT INTO history_field_change (id, field_name, new_value, old_value, history_id) VALUES (628, 'Assigned to', 'Lê An Khang', 'None', 646);
INSERT INTO history_field_change (id, field_name, new_value, old_value, history_id) VALUES (629, 'Remain point', 'D1T2', 'D4T2', 647);
INSERT INTO history_field_change (id, field_name, new_value, old_value, history_id) VALUES (670, 'Remain point', 'D3T2', 'D4T2', 648);
INSERT INTO history_field_change (id, field_name, new_value, old_value, history_id) VALUES (671, 'Remain point', 'D2T2', 'D3T2', 649);
INSERT INTO history_field_change (id, field_name, new_value, old_value, history_id) VALUES (672, 'Remain point', 'D2.5T2', 'D3T2', 700);
INSERT INTO history_field_change (id, field_name, new_value, old_value, history_id) VALUES (673, 'Remain point', 'D0T2', 'D3T2', 701);
INSERT INTO history_field_change (id, field_name, new_value, old_value, history_id) VALUES (674, 'Status', 'Verify', 'Progress', 702);
INSERT INTO history_field_change (id, field_name, new_value, old_value, history_id) VALUES (675, 'Status', 'Progress', 'To do', 703);
INSERT INTO history_field_change (id, field_name, new_value, old_value, history_id) VALUES (676, 'Remain point', 'D1T1', 'D2T1', 704);
INSERT INTO history_field_change (id, field_name, new_value, old_value, history_id) VALUES (677, 'Remain point', 'D0T0.5', 'D0T1', 705);
INSERT INTO history_field_change (id, field_name, new_value, old_value, history_id) VALUES (678, 'Status', 'Done', 'Verify', 706);
INSERT INTO history_field_change (id, field_name, new_value, old_value, history_id) VALUES (679, 'Remain point', 'D0T0', 'D0T0.5', 706);
INSERT INTO history_field_change (id, field_name, new_value, old_value, history_id) VALUES (710, 'Status', 'Done', 'Verify', 707);
INSERT INTO history_field_change (id, field_name, new_value, old_value, history_id) VALUES (711, 'Remain point', 'D0T0', 'D0T2', 707);
INSERT INTO history_field_change (id, field_name, new_value, old_value, history_id) VALUES (712, 'Remain point', 'D1.5T2', 'D2.5T2', 708);
INSERT INTO history_field_change (id, field_name, new_value, old_value, history_id) VALUES (713, 'Status', 'Progress', 'To do', 709);
INSERT INTO history_field_change (id, field_name, new_value, old_value, history_id) VALUES (714, 'Remain point', 'D2T1', 'D3T1', 720);
INSERT INTO history_field_change (id, field_name, new_value, old_value, history_id) VALUES (715, 'Remain point', 'D0.5T1', 'D2T1', 721);
INSERT INTO history_field_change (id, field_name, new_value, old_value, history_id) VALUES (716, 'Remain point', 'D2T1', 'D2.5T1', 722);
INSERT INTO history_field_change (id, field_name, new_value, old_value, history_id) VALUES (717, 'Remain point', 'D0T0', 'D2T0', 723);
INSERT INTO history_field_change (id, field_name, new_value, old_value, history_id) VALUES (718, 'Status', 'Done', 'Progress', 724);
INSERT INTO history_field_change (id, field_name, new_value, old_value, history_id) VALUES (740, 'Status', 'Progress', 'Done', 730);
INSERT INTO history_field_change (id, field_name, new_value, old_value, history_id) VALUES (741, 'Remain point', 'D7T3', 'D8T3', 731);
INSERT INTO history_field_change (id, field_name, new_value, old_value, history_id) VALUES (742, 'Status', 'Progress', 'Done', 732);
INSERT INTO history_field_change (id, field_name, new_value, old_value, history_id) VALUES (743, 'Remain point', 'D0.5T1', 'D1T1', 733);
INSERT INTO history_field_change (id, field_name, new_value, old_value, history_id) VALUES (744, 'Status', 'Progress', 'Done', 734);
INSERT INTO history_field_change (id, field_name, new_value, old_value, history_id) VALUES (745, 'Remain point', 'D2T1', 'D3T1', 735);
INSERT INTO history_field_change (id, field_name, new_value, old_value, history_id) VALUES (746, 'Status', 'Progress', 'Done', 736);
INSERT INTO history_field_change (id, field_name, new_value, old_value, history_id) VALUES (747, 'Remain point', 'D0.5T1', 'D1T1', 737);
INSERT INTO history_field_change (id, field_name, new_value, old_value, history_id) VALUES (748, 'Status', 'Progress', 'Done', 738);
INSERT INTO history_field_change (id, field_name, new_value, old_value, history_id) VALUES (749, 'Remain point', 'D0.5T1', 'D1T1', 739);
INSERT INTO history_field_change (id, field_name, new_value, old_value, history_id) VALUES (780, 'Status', 'Progress', 'Done', 770);
INSERT INTO history_field_change (id, field_name, new_value, old_value, history_id) VALUES (781, 'Remain point', 'D3T1', 'D5T1', 771);
INSERT INTO history_field_change (id, field_name, new_value, old_value, history_id) VALUES (782, 'Status', 'Progress', 'Done', 772);
INSERT INTO history_field_change (id, field_name, new_value, old_value, history_id) VALUES (783, 'Remain point', 'D2T1', 'D3T1', 773);
INSERT INTO history_field_change (id, field_name, new_value, old_value, history_id) VALUES (784, 'Status', 'Progress', 'Done', 774);
INSERT INTO history_field_change (id, field_name, new_value, old_value, history_id) VALUES (785, 'Remain point', 'D0.5T1', 'D1T1', 775);
INSERT INTO history_field_change (id, field_name, new_value, old_value, history_id) VALUES (786, 'Status', 'Progress', 'Done', 776);
INSERT INTO history_field_change (id, field_name, new_value, old_value, history_id) VALUES (787, 'Remain point', 'D4T2', 'D5T2', 777);
INSERT INTO history_field_change (id, field_name, new_value, old_value, history_id) VALUES (788, 'Status', 'Progress', 'Done', 778);
INSERT INTO history_field_change (id, field_name, new_value, old_value, history_id) VALUES (789, 'Remain point', 'D2T0', 'D3T0', 779);
INSERT INTO history_field_change (id, field_name, new_value, old_value, history_id) VALUES (800, 'Remain point', 'D5T3', 'D7T3', 790);
INSERT INTO history_field_change (id, field_name, new_value, old_value, history_id) VALUES (801, 'Remain point', 'D0T1', 'D0.5T1', 791);
INSERT INTO history_field_change (id, field_name, new_value, old_value, history_id) VALUES (802, 'Status', 'Verify', 'Progress', 792);
INSERT INTO history_field_change (id, field_name, new_value, old_value, history_id) VALUES (803, 'Remain point', 'D0T1', 'D2T1', 793);
INSERT INTO history_field_change (id, field_name, new_value, old_value, history_id) VALUES (804, 'Status', 'Verify', 'Progress', 794);
INSERT INTO history_field_change (id, field_name, new_value, old_value, history_id) VALUES (805, 'Remain point', 'D0T1', 'D0.5T1', 795);
INSERT INTO history_field_change (id, field_name, new_value, old_value, history_id) VALUES (806, 'Status', 'Verify', 'Progress', 796);
INSERT INTO history_field_change (id, field_name, new_value, old_value, history_id) VALUES (807, 'Remain point', 'D0T1', 'D0.5T1', 797);
INSERT INTO history_field_change (id, field_name, new_value, old_value, history_id) VALUES (808, 'Status', 'Verify', 'Progress', 798);
INSERT INTO history_field_change (id, field_name, new_value, old_value, history_id) VALUES (809, 'Remain point', 'D1T1', 'D3T1', 799);
INSERT INTO history_field_change (id, field_name, new_value, old_value, history_id) VALUES (840, 'Remain point', 'D0T1', 'D2T1', 830);
INSERT INTO history_field_change (id, field_name, new_value, old_value, history_id) VALUES (841, 'Status', 'Verify', 'Progress', 831);
INSERT INTO history_field_change (id, field_name, new_value, old_value, history_id) VALUES (842, 'Remain point', 'D0T1', 'D0.5T1', 832);
INSERT INTO history_field_change (id, field_name, new_value, old_value, history_id) VALUES (843, 'Status', 'Verify', 'Progress', 833);
INSERT INTO history_field_change (id, field_name, new_value, old_value, history_id) VALUES (844, 'Remain point', 'D0T2', 'D4T2', 834);
INSERT INTO history_field_change (id, field_name, new_value, old_value, history_id) VALUES (845, 'Status', 'Verify', 'Progress', 835);
INSERT INTO history_field_change (id, field_name, new_value, old_value, history_id) VALUES (846, 'Status', 'Verify', 'Progress', 836);
INSERT INTO history_field_change (id, field_name, new_value, old_value, history_id) VALUES (847, 'Status', 'Done', 'Verify', 837);
INSERT INTO history_field_change (id, field_name, new_value, old_value, history_id) VALUES (848, 'Remain point', 'D0T0', 'D2T0', 837);
INSERT INTO history_field_change (id, field_name, new_value, old_value, history_id) VALUES (849, 'Remain point', 'D4T3', 'D5T3', 838);
INSERT INTO history_field_change (id, field_name, new_value, old_value, history_id) VALUES (870, 'Status', 'Progress', 'Done', 839);
INSERT INTO history_field_change (id, field_name, new_value, old_value, history_id) VALUES (871, 'Remain point', 'D7T1', 'D8T1', 880);
INSERT INTO history_field_change (id, field_name, new_value, old_value, history_id) VALUES (872, 'Status', 'Progress', 'Done', 881);
INSERT INTO history_field_change (id, field_name, new_value, old_value, history_id) VALUES (873, 'Remain point', 'D2T1', 'D3T1', 882);
INSERT INTO history_field_change (id, field_name, new_value, old_value, history_id) VALUES (874, 'Status', 'Progress', 'Done', 883);
INSERT INTO history_field_change (id, field_name, new_value, old_value, history_id) VALUES (875, 'Remain point', 'D4.5T2', 'D5T2', 884);
INSERT INTO history_field_change (id, field_name, new_value, old_value, history_id) VALUES (876, 'Remain point', 'D0T1', 'D1T1', 885);
INSERT INTO history_field_change (id, field_name, new_value, old_value, history_id) VALUES (877, 'Status', 'Verify', 'Progress', 886);
INSERT INTO history_field_change (id, field_name, new_value, old_value, history_id) VALUES (878, 'Remain point', 'D0T0.5', 'D0T1', 887);
INSERT INTO history_field_change (id, field_name, new_value, old_value, history_id) VALUES (879, 'Status', 'Progress', 'Done', 888);
INSERT INTO history_field_change (id, field_name, new_value, old_value, history_id) VALUES (890, 'Remain point', 'D2T1', 'D3T1', 889);
INSERT INTO history_field_change (id, field_name, new_value, old_value, history_id) VALUES (891, 'Remain point', 'D3T3', 'D4T3', 900);
INSERT INTO history_field_change (id, field_name, new_value, old_value, history_id) VALUES (892, 'Remain point', 'D6T1', 'D7T1', 901);
INSERT INTO history_field_change (id, field_name, new_value, old_value, history_id) VALUES (893, 'Status', 'Done', 'Verify', 902);
INSERT INTO history_field_change (id, field_name, new_value, old_value, history_id) VALUES (894, 'Remain point', 'D0T0', 'D0T1', 902);
INSERT INTO history_field_change (id, field_name, new_value, old_value, history_id) VALUES (895, 'Remain point', 'D1T1', 'D2T1', 903);
INSERT INTO history_field_change (id, field_name, new_value, old_value, history_id) VALUES (896, 'Remain point', 'D3.5T2', 'D4.5T2', 904);
INSERT INTO history_field_change (id, field_name, new_value, old_value, history_id) VALUES (897, 'Status', 'Progress', 'Done', 905);
INSERT INTO history_field_change (id, field_name, new_value, old_value, history_id) VALUES (898, 'Remain point', 'D4T0', 'D5T0', 906);
INSERT INTO history_field_change (id, field_name, new_value, old_value, history_id) VALUES (899, 'Status', 'Done', 'Verify', 907);
INSERT INTO history_field_change (id, field_name, new_value, old_value, history_id) VALUES (930, 'Remain point', 'D0T0', 'D0T0.5', 907);
INSERT INTO history_field_change (id, field_name, new_value, old_value, history_id) VALUES (931, 'Remain point', 'D0T1', 'D2T1', 908);
INSERT INTO history_field_change (id, field_name, new_value, old_value, history_id) VALUES (932, 'Status', 'Verify', 'Progress', 909);
INSERT INTO history_field_change (id, field_name, new_value, old_value, history_id) VALUES (933, 'Remain point', 'D2T3', 'D3T3', 940);
INSERT INTO history_field_change (id, field_name, new_value, old_value, history_id) VALUES (934, 'Remain point', 'D4T1', 'D6T1', 941);
INSERT INTO history_field_change (id, field_name, new_value, old_value, history_id) VALUES (935, 'Remain point', 'D0.5T1', 'D1T1', 942);
INSERT INTO history_field_change (id, field_name, new_value, old_value, history_id) VALUES (936, 'Remain point', 'D2T2', 'D3.5T2', 943);
INSERT INTO history_field_change (id, field_name, new_value, old_value, history_id) VALUES (937, 'Remain point', 'D3T0', 'D4T0', 944);
INSERT INTO history_field_change (id, field_name, new_value, old_value, history_id) VALUES (938, 'Status', 'Done', 'Verify', 945);
INSERT INTO history_field_change (id, field_name, new_value, old_value, history_id) VALUES (939, 'Remain point', 'D0T0', 'D0T1', 945);
INSERT INTO history_field_change (id, field_name, new_value, old_value, history_id) VALUES (960, 'Status', 'Done', 'Verify', 946);
INSERT INTO history_field_change (id, field_name, new_value, old_value, history_id) VALUES (961, 'Remain point', 'D0T0', 'D0T1', 946);
INSERT INTO history_field_change (id, field_name, new_value, old_value, history_id) VALUES (962, 'Status', 'Done', 'Verify', 947);
INSERT INTO history_field_change (id, field_name, new_value, old_value, history_id) VALUES (963, 'Remain point', 'D0T0', 'D0T1', 947);
INSERT INTO history_field_change (id, field_name, new_value, old_value, history_id) VALUES (964, 'Remain point', 'D0T3', 'D2T3', 948);
INSERT INTO history_field_change (id, field_name, new_value, old_value, history_id) VALUES (965, 'Status', 'Verify', 'Progress', 949);
INSERT INTO history_field_change (id, field_name, new_value, old_value, history_id) VALUES (966, 'Remain point', 'D3T1', 'D4T1', 990);
INSERT INTO history_field_change (id, field_name, new_value, old_value, history_id) VALUES (967, 'Remain point', 'D0T1', 'D0T2', 991);
INSERT INTO history_field_change (id, field_name, new_value, old_value, history_id) VALUES (968, 'Remain point', 'D0T1', 'D0.5T1', 992);
INSERT INTO history_field_change (id, field_name, new_value, old_value, history_id) VALUES (969, 'Status', 'Verify', 'Progress', 993);
INSERT INTO history_field_change (id, field_name, new_value, old_value, history_id) VALUES (1000, 'Remain point', 'D1T2', 'D2T2', 994);
INSERT INTO history_field_change (id, field_name, new_value, old_value, history_id) VALUES (1001, 'Remain point', 'D2.5T0', 'D3T0', 995);
INSERT INTO history_field_change (id, field_name, new_value, old_value, history_id) VALUES (1002, 'Status', 'Done', 'Verify', 996);
INSERT INTO history_field_change (id, field_name, new_value, old_value, history_id) VALUES (1003, 'Remain point', 'D0T0', 'D0T1', 996);
INSERT INTO history_field_change (id, field_name, new_value, old_value, history_id) VALUES (1004, 'Status', 'Done', 'Verify', 997);
INSERT INTO history_field_change (id, field_name, new_value, old_value, history_id) VALUES (1005, 'Remain point', 'D0T0', 'D0T1', 997);
INSERT INTO history_field_change (id, field_name, new_value, old_value, history_id) VALUES (1006, 'Status', 'Progress', 'Done', 998);
INSERT INTO history_field_change (id, field_name, new_value, old_value, history_id) VALUES (1007, 'Remain point', 'D1T1', 'D2T1', 999);
INSERT INTO history_field_change (id, field_name, new_value, old_value, history_id) VALUES (1008, 'Remain point', 'D0T1', 'D3T1', 1030);
INSERT INTO history_field_change (id, field_name, new_value, old_value, history_id) VALUES (1009, 'Status', 'Verify', 'Progress', 1031);
INSERT INTO history_field_change (id, field_name, new_value, old_value, history_id) VALUES (1040, 'Status', 'Done', 'Verify', 1032);
INSERT INTO history_field_change (id, field_name, new_value, old_value, history_id) VALUES (1041, 'Remain point', 'D0T0', 'D0T1', 1032);
INSERT INTO history_field_change (id, field_name, new_value, old_value, history_id) VALUES (1042, 'Remain point', 'D0T1.5', 'D0T3', 1033);
INSERT INTO history_field_change (id, field_name, new_value, old_value, history_id) VALUES (1043, 'Remain point', 'D0T2', 'D1T2', 1034);
INSERT INTO history_field_change (id, field_name, new_value, old_value, history_id) VALUES (1044, 'Status', 'Verify', 'Progress', 1035);
INSERT INTO history_field_change (id, field_name, new_value, old_value, history_id) VALUES (1045, 'Status', 'Done', 'Progress', 1036);
INSERT INTO history_field_change (id, field_name, new_value, old_value, history_id) VALUES (1046, 'Remain point', 'D0T0', 'D2.5T0', 1036);
INSERT INTO history_field_change (id, field_name, new_value, old_value, history_id) VALUES (1047, 'Status', 'Done', 'Verify', 1037);
INSERT INTO history_field_change (id, field_name, new_value, old_value, history_id) VALUES (1048, 'Remain point', 'D0T0', 'D0T1', 1037);
INSERT INTO history_field_change (id, field_name, new_value, old_value, history_id) VALUES (1049, 'Status', 'Progress', 'Done', 1038);
INSERT INTO history_field_change (id, field_name, new_value, old_value, history_id) VALUES (1050, 'Remain point', 'D0T1', 'D1T1', 1039);
INSERT INTO history_field_change (id, field_name, new_value, old_value, history_id) VALUES (1051, 'Status', 'Verify', 'Progress', 1060);
INSERT INTO history_field_change (id, field_name, new_value, old_value, history_id) VALUES (1052, 'Status', 'Done', 'Verify', 1061);
INSERT INTO history_field_change (id, field_name, new_value, old_value, history_id) VALUES (1053, 'Remain point', 'D0T0', 'D0T1', 1061);
INSERT INTO history_field_change (id, field_name, new_value, old_value, history_id) VALUES (1054, 'Status', 'Done', 'Progress', 1062);
INSERT INTO history_field_change (id, field_name, new_value, old_value, history_id) VALUES (1055, 'Remain point', 'D0T0', 'D1T1', 1062);
INSERT INTO history_field_change (id, field_name, new_value, old_value, history_id) VALUES (1056, 'Status', 'Done', 'Verify', 1063);
INSERT INTO history_field_change (id, field_name, new_value, old_value, history_id) VALUES (1057, 'Remain point', 'D0T0', 'D0T1', 1063);
INSERT INTO history_field_change (id, field_name, new_value, old_value, history_id) VALUES (1058, 'Status', 'Done', 'Verify', 1064);
INSERT INTO history_field_change (id, field_name, new_value, old_value, history_id) VALUES (1059, 'Remain point', 'D0T0', 'D0T1.5', 1064);
INSERT INTO history_field_change (id, field_name, new_value, old_value, history_id) VALUES (1070, 'Status', 'Done', 'Verify', 1065);
INSERT INTO history_field_change (id, field_name, new_value, old_value, history_id) VALUES (1071, 'Remain point', 'D0T0', 'D0T2', 1065);
INSERT INTO history_field_change (id, field_name, new_value, old_value, history_id) VALUES (1072, 'Status', 'Done', 'Verify', 1066);
INSERT INTO history_field_change (id, field_name, new_value, old_value, history_id) VALUES (1073, 'Remain point', 'D0T0', 'D0T1', 1066);
INSERT INTO history_field_change (id, field_name, new_value, old_value, history_id) VALUES (1074, 'Status', 'To do', 'Done', 1067);
INSERT INTO history_field_change (id, field_name, new_value, old_value, history_id) VALUES (1170, 'Remain point', 'D0T0', 'D1T1', 1160);
INSERT INTO history_field_change (id, field_name, new_value, old_value, history_id) VALUES (1171, 'Status', 'Done', 'Progress', 1161);
INSERT INTO history_field_change (id, field_name, new_value, old_value, history_id) VALUES (1172, 'Remain point', 'D0T0', 'D0T1', 1162);
INSERT INTO history_field_change (id, field_name, new_value, old_value, history_id) VALUES (1173, 'Status', 'Done', 'Verify', 1163);
INSERT INTO history_field_change (id, field_name, new_value, old_value, history_id) VALUES (1174, 'Remain point', 'D0T0', 'D0T1', 1164);
INSERT INTO history_field_change (id, field_name, new_value, old_value, history_id) VALUES (1175, 'Status', 'Done', 'Verify', 1165);
INSERT INTO history_field_change (id, field_name, new_value, old_value, history_id) VALUES (1176, 'Remain point', 'D0T0', 'D0T2', 1166);
INSERT INTO history_field_change (id, field_name, new_value, old_value, history_id) VALUES (1177, 'Status', 'Done', 'Verify', 1167);
INSERT INTO history_field_change (id, field_name, new_value, old_value, history_id) VALUES (1178, 'Remain point', 'D0T0', 'D0T2', 1168);
INSERT INTO history_field_change (id, field_name, new_value, old_value, history_id) VALUES (1179, 'Status', 'Done', 'Verify', 1169);
INSERT INTO history_field_change (id, field_name, new_value, old_value, history_id) VALUES (1190, 'Remain point', 'D0T0', 'D0T0.5', 1180);
INSERT INTO history_field_change (id, field_name, new_value, old_value, history_id) VALUES (1191, 'Status', 'Done', 'Verify', 1181);
INSERT INTO history_field_change (id, field_name, new_value, old_value, history_id) VALUES (1328, 'Status', 'In progress', 'To do', 1334);
INSERT INTO history_field_change (id, field_name, new_value, old_value, history_id) VALUES (1292, 'Estime point', 'D5T2', 'D0T0', 1287);
INSERT INTO history_field_change (id, field_name, new_value, old_value, history_id) VALUES (1293, 'Remain point', 'D5T2', 'D0T0', 1287);
INSERT INTO history_field_change (id, field_name, new_value, old_value, history_id) VALUES (1294, 'Estime point', 'D3T1', 'D0T0', 1288);
INSERT INTO history_field_change (id, field_name, new_value, old_value, history_id) VALUES (1295, 'Remain point', 'D3T1', 'D0T0', 1288);
INSERT INTO history_field_change (id, field_name, new_value, old_value, history_id) VALUES (1296, 'Estime point', 'D3T1', 'D0T0', 1289);
INSERT INTO history_field_change (id, field_name, new_value, old_value, history_id) VALUES (1297, 'Remain point', 'D3T1', 'D0T0', 1289);
INSERT INTO history_field_change (id, field_name, new_value, old_value, history_id) VALUES (1298, 'Estime point', 'D5T2', 'D0T0', 1300);
INSERT INTO history_field_change (id, field_name, new_value, old_value, history_id) VALUES (1299, 'Remain point', 'D5T2', 'D0T0', 1300);
INSERT INTO history_field_change (id, field_name, new_value, old_value, history_id) VALUES (1310, 'Estime point', 'D5T0', 'D0T0', 1301);
INSERT INTO history_field_change (id, field_name, new_value, old_value, history_id) VALUES (1311, 'Remain point', 'D5T0', 'D0T0', 1301);
INSERT INTO history_field_change (id, field_name, new_value, old_value, history_id) VALUES (1312, 'Estime point', 'D5T2', 'D0T0', 1302);
INSERT INTO history_field_change (id, field_name, new_value, old_value, history_id) VALUES (1313, 'Remain point', 'D5T2', 'D0T0', 1302);
INSERT INTO history_field_change (id, field_name, new_value, old_value, history_id) VALUES (1314, 'Estime point', 'D8T3', 'D0T0', 1303);
INSERT INTO history_field_change (id, field_name, new_value, old_value, history_id) VALUES (1315, 'Remain point', 'D8T3', 'D0T0', 1303);
INSERT INTO history_field_change (id, field_name, new_value, old_value, history_id) VALUES (1316, 'Estime point', 'D3T1', 'D0T0', 1304);
INSERT INTO history_field_change (id, field_name, new_value, old_value, history_id) VALUES (1317, 'Remain point', 'D3T1', 'D0T0', 1304);
INSERT INTO history_field_change (id, field_name, new_value, old_value, history_id) VALUES (1318, 'Estime point', 'D5T1', 'D0T0', 1305);
INSERT INTO history_field_change (id, field_name, new_value, old_value, history_id) VALUES (1319, 'Remain point', 'D5T1', 'D0T0', 1305);
INSERT INTO history_field_change (id, field_name, new_value, old_value, history_id) VALUES (1320, 'Estime point', 'D5T1', 'D0T0', 1306);
INSERT INTO history_field_change (id, field_name, new_value, old_value, history_id) VALUES (1321, 'Remain point', 'D5T1', 'D0T0', 1306);
INSERT INTO history_field_change (id, field_name, new_value, old_value, history_id) VALUES (1322, 'Estime point', 'D5T1', 'D0T0', 1307);
INSERT INTO history_field_change (id, field_name, new_value, old_value, history_id) VALUES (1323, 'Remain point', 'D5T1', 'D0T0', 1307);
INSERT INTO history_field_change (id, field_name, new_value, old_value, history_id) VALUES (1329, 'Assigned to', 'Nguyễn Văn Hương', 'None', 1335);
INSERT INTO history_field_change (id, field_name, new_value, old_value, history_id) VALUES (1360, 'Status', 'In progress', 'To do', 1336);
INSERT INTO history_field_change (id, field_name, new_value, old_value, history_id) VALUES (1327, 'Assigned to', 'Nguyễn Xuân Vinh', 'None', 1333);
INSERT INTO history_field_change (id, field_name, new_value, old_value, history_id) VALUES (1361, 'Assigned to', 'Trần Cương Trực', 'None', 1337);
INSERT INTO history_field_change (id, field_name, new_value, old_value, history_id) VALUES (1362, 'Status', 'In progress', 'To do', 1338);
INSERT INTO history_field_change (id, field_name, new_value, old_value, history_id) VALUES (1363, 'Status', 'In progress', 'To do', 1339);
INSERT INTO history_field_change (id, field_name, new_value, old_value, history_id) VALUES (1364, 'Assigned to', 'Đỗ Văn Cường', 'None', 1370);
INSERT INTO history_field_change (id, field_name, new_value, old_value, history_id) VALUES (1365, 'Assigned to', 'Trần Ngọc Thơ', 'None', 1371);
INSERT INTO history_field_change (id, field_name, new_value, old_value, history_id) VALUES (1366, 'Status', 'In progress', 'To do', 1372);
INSERT INTO history_field_change (id, field_name, new_value, old_value, history_id) VALUES (1367, 'Assigned to', 'Lê An Khang', 'None', 1373);
INSERT INTO history_field_change (id, field_name, new_value, old_value, history_id) VALUES (1368, 'Status', 'In progress', 'To do', 1374);
INSERT INTO history_field_change (id, field_name, new_value, old_value, history_id) VALUES (1369, 'Assigned to', 'Ðinh Minh Ngộ', 'None', 1375);
INSERT INTO history_field_change (id, field_name, new_value, old_value, history_id) VALUES (1380, 'Status', 'In progress', 'To do', 1376);
INSERT INTO history_field_change (id, field_name, new_value, old_value, history_id) VALUES (1381, 'Status', 'In progress', 'To do', 1377);
INSERT INTO history_field_change (id, field_name, new_value, old_value, history_id) VALUES (1382, 'Assigned to', 'Lâm Phúc Hiếu', 'None', 1378);
INSERT INTO history_field_change (id, field_name, new_value, old_value, history_id) VALUES (1383, 'Status', 'In progress', 'To do', 1379);
INSERT INTO history_field_change (id, field_name, new_value, old_value, history_id) VALUES (1384, 'Assigned to', 'Nguyễn Đặng Quang Vinh', 'None', 1390);
INSERT INTO history_field_change (id, field_name, new_value, old_value, history_id) VALUES (1385, 'Status', 'In progress', 'To do', 1391);
INSERT INTO history_field_change (id, field_name, new_value, old_value, history_id) VALUES (1386, 'Assigned to', 'Trần Nguyễn Tiến Sứ', 'None', 1392);
INSERT INTO history_field_change (id, field_name, new_value, old_value, history_id) VALUES (1387, 'Status', 'Verify', 'In progress', 1393);
INSERT INTO history_field_change (id, field_name, new_value, old_value, history_id) VALUES (1388, 'Status', 'In progress', 'To do', 1394);
INSERT INTO history_field_change (id, field_name, new_value, old_value, history_id) VALUES (1389, 'Assigned to', 'Trần Nguyễn Tiến Sứ', 'None', 1395);
INSERT INTO history_field_change (id, field_name, new_value, old_value, history_id) VALUES (1415, 'Remain point', 'D4T1', 'D5T1', 1431);
INSERT INTO history_field_change (id, field_name, new_value, old_value, history_id) VALUES (1419, 'Remain point', 'D4T2', 'D5T2', 1435);
INSERT INTO history_field_change (id, field_name, new_value, old_value, history_id) VALUES (1410, 'Remain point', 'D4T1', 'D5T1', 1396);
INSERT INTO history_field_change (id, field_name, new_value, old_value, history_id) VALUES (1411, 'Remain point', 'D3T1', 'D5T1', 1397);
INSERT INTO history_field_change (id, field_name, new_value, old_value, history_id) VALUES (1412, 'Remain point', 'D3T2', 'D5T2', 1398);
INSERT INTO history_field_change (id, field_name, new_value, old_value, history_id) VALUES (1413, 'Remain point', 'D4T2', 'D5T2', 1399);
INSERT INTO history_field_change (id, field_name, new_value, old_value, history_id) VALUES (1414, 'Remain point', 'D7T3', 'D8T3', 1430);
INSERT INTO history_field_change (id, field_name, new_value, old_value, history_id) VALUES (1416, 'Status', 'Verify', 'In progress', 1432);
INSERT INTO history_field_change (id, field_name, new_value, old_value, history_id) VALUES (1417, 'Remain point', 'D0T1', 'D3T1', 1433);
INSERT INTO history_field_change (id, field_name, new_value, old_value, history_id) VALUES (1418, 'Remain point', 'D0T1', 'D1T1', 1434);
INSERT INTO history_field_change (id, field_name, new_value, old_value, history_id) VALUES (1440, 'Remain point', 'D4T1', 'D5T1', 1436);
INSERT INTO history_field_change (id, field_name, new_value, old_value, history_id) VALUES (1574, 'Assigned to', 'Trần Ngọc Thơ', 'None', 1581);
INSERT INTO history_field_change (id, field_name, new_value, old_value, history_id) VALUES (1442, 'Remain point', 'D0T0', 'D0T1', 1438);
INSERT INTO history_field_change (id, field_name, new_value, old_value, history_id) VALUES (1443, 'Status', 'Done', 'Verify', 1439);
INSERT INTO history_field_change (id, field_name, new_value, old_value, history_id) VALUES (1444, 'Remain point', 'D2T2', 'D4T2', 1480);
INSERT INTO history_field_change (id, field_name, new_value, old_value, history_id) VALUES (1445, 'Assigned to', 'Đỗ Văn Cường', 'Trần Nguyễn Tiến Sứ', 1481);
INSERT INTO history_field_change (id, field_name, new_value, old_value, history_id) VALUES (1446, 'Remain point', 'D4T0', 'D5T0', 1482);
INSERT INTO history_field_change (id, field_name, new_value, old_value, history_id) VALUES (1447, 'Remain point', 'D2T1', 'D4T1', 1483);
INSERT INTO history_field_change (id, field_name, new_value, old_value, history_id) VALUES (1448, 'Remain point', 'D2T1', 'D4T1', 1484);
INSERT INTO history_field_change (id, field_name, new_value, old_value, history_id) VALUES (1449, 'Remain point', 'D0T1', 'D3T1', 1485);
INSERT INTO history_field_change (id, field_name, new_value, old_value, history_id) VALUES (1490, 'Status', 'Verify', 'In progress', 1486);
INSERT INTO history_field_change (id, field_name, new_value, old_value, history_id) VALUES (1491, 'Remain point', 'D5T3', 'D7T3', 1487);
INSERT INTO history_field_change (id, field_name, new_value, old_value, history_id) VALUES (1492, 'Remain point', 'D2T1', 'D4T1', 1488);
INSERT INTO history_field_change (id, field_name, new_value, old_value, history_id) VALUES (1493, 'Remain point', 'D0T2', 'D3T2', 1489);
INSERT INTO history_field_change (id, field_name, new_value, old_value, history_id) VALUES (1494, 'Status', 'Verify', 'In progress', 1500);
INSERT INTO history_field_change (id, field_name, new_value, old_value, history_id) VALUES (1495, 'Remain point', 'D2T2', 'D4T2', 1501);
INSERT INTO history_field_change (id, field_name, new_value, old_value, history_id) VALUES (1496, 'Status', 'In progress', 'To do', 1502);
INSERT INTO history_field_change (id, field_name, new_value, old_value, history_id) VALUES (1497, 'Assigned to', 'Trần Nguyễn Tiến Sứ', 'None', 1503);
INSERT INTO history_field_change (id, field_name, new_value, old_value, history_id) VALUES (1498, 'Remain point', 'D2T1', 'D3T1', 1504);
INSERT INTO history_field_change (id, field_name, new_value, old_value, history_id) VALUES (1499, 'Remain point', 'D0T1', 'D2T1', 1506);
INSERT INTO history_field_change (id, field_name, new_value, old_value, history_id) VALUES (1520, 'Status', 'Verify', 'In progress', 1507);
INSERT INTO history_field_change (id, field_name, new_value, old_value, history_id) VALUES (1521, 'Remain point', 'D0T0.5', 'D0T1', 1508);
INSERT INTO history_field_change (id, field_name, new_value, old_value, history_id) VALUES (1522, 'Remain point', 'D3T0', 'D4T0', 1509);
INSERT INTO history_field_change (id, field_name, new_value, old_value, history_id) VALUES (1523, 'Remain point', 'D3T3', 'D5T3', 1530);
INSERT INTO history_field_change (id, field_name, new_value, old_value, history_id) VALUES (1524, 'Remain point', 'D1T1', 'D2T1', 1531);
INSERT INTO history_field_change (id, field_name, new_value, old_value, history_id) VALUES (1525, 'Remain point', 'D1T1', 'D2T1', 1532);
INSERT INTO history_field_change (id, field_name, new_value, old_value, history_id) VALUES (1526, 'Remain point', 'D1T2', 'D2T2', 1533);
INSERT INTO history_field_change (id, field_name, new_value, old_value, history_id) VALUES (1527, 'Remain point', 'D1T1', 'D2T1', 1534);
INSERT INTO history_field_change (id, field_name, new_value, old_value, history_id) VALUES (1528, 'Remain point', 'D1T2', 'D2T2', 1535);
INSERT INTO history_field_change (id, field_name, new_value, old_value, history_id) VALUES (1529, 'Remain point', 'D0T1', 'D0T2', 1536);
INSERT INTO history_field_change (id, field_name, new_value, old_value, history_id) VALUES (1540, 'Remain point', 'D0T1', 'D1T1', 1537);
INSERT INTO history_field_change (id, field_name, new_value, old_value, history_id) VALUES (1541, 'Status', 'Verify', 'In progress', 1538);
INSERT INTO history_field_change (id, field_name, new_value, old_value, history_id) VALUES (1542, 'Remain point', 'D0T3', 'D3T3', 1539);
INSERT INTO history_field_change (id, field_name, new_value, old_value, history_id) VALUES (1543, 'Status', 'Verify', 'In progress', 1560);
INSERT INTO history_field_change (id, field_name, new_value, old_value, history_id) VALUES (1544, 'Remain point', 'D0T1', 'D1T1', 1561);
INSERT INTO history_field_change (id, field_name, new_value, old_value, history_id) VALUES (1545, 'Status', 'Verify', 'In progress', 1562);
INSERT INTO history_field_change (id, field_name, new_value, old_value, history_id) VALUES (1546, 'Remain point', 'D2T0', 'D3T0', 1563);
INSERT INTO history_field_change (id, field_name, new_value, old_value, history_id) VALUES (1547, 'Remain point', 'D0T2', 'D1T2', 1564);
INSERT INTO history_field_change (id, field_name, new_value, old_value, history_id) VALUES (1548, 'Status', 'Verify', 'In progress', 1565);
INSERT INTO history_field_change (id, field_name, new_value, old_value, history_id) VALUES (1549, 'Remain point', 'D0T0', 'D0T0.5', 1566);
INSERT INTO history_field_change (id, field_name, new_value, old_value, history_id) VALUES (1570, 'Status', 'Done', 'Verify', 1567);
INSERT INTO history_field_change (id, field_name, new_value, old_value, history_id) VALUES (1571, 'Remain point', 'D0T1', 'D1T1', 1568);
INSERT INTO history_field_change (id, field_name, new_value, old_value, history_id) VALUES (1572, 'Status', 'Verify', 'In progress', 1569);
INSERT INTO history_field_change (id, field_name, new_value, old_value, history_id) VALUES (1573, 'Status', 'In progress', 'To do', 1580);
INSERT INTO history_field_change (id, field_name, new_value, old_value, history_id) VALUES (1575, 'Remain point', 'D2T1', 'D3T1', 1582);
INSERT INTO history_field_change (id, field_name, new_value, old_value, history_id) VALUES (1576, 'Remain point', 'D0T0', 'D0T1', 1583);
INSERT INTO history_field_change (id, field_name, new_value, old_value, history_id) VALUES (1577, 'Status', 'Done', 'Verify', 1584);
INSERT INTO history_field_change (id, field_name, new_value, old_value, history_id) VALUES (1578, 'Remain point', 'D0T0.5', 'D0T1', 1585);
INSERT INTO history_field_change (id, field_name, new_value, old_value, history_id) VALUES (1579, 'Status', 'Verify', 'In progress', 1586);
INSERT INTO history_field_change (id, field_name, new_value, old_value, history_id) VALUES (1590, 'Remain point', 'D0T2', 'D1T2', 1587);
INSERT INTO history_field_change (id, field_name, new_value, old_value, history_id) VALUES (1591, 'Remain point', 'D0T0.5', 'D0T1', 1588);
INSERT INTO history_field_change (id, field_name, new_value, old_value, history_id) VALUES (1592, 'Remain point', 'D0T1', 'D0T2', 1589);
INSERT INTO history_field_change (id, field_name, new_value, old_value, history_id) VALUES (1593, 'Remain point', 'D0T0', 'D0T1', 1610);
INSERT INTO history_field_change (id, field_name, new_value, old_value, history_id) VALUES (1594, 'Status', 'Done', 'Verify', 1611);
INSERT INTO history_field_change (id, field_name, new_value, old_value, history_id) VALUES (1595, 'Remain point', 'D1T1', 'D2T1', 1612);
INSERT INTO history_field_change (id, field_name, new_value, old_value, history_id) VALUES (1596, 'Remain point', 'D0T0', 'D0T1', 1613);
INSERT INTO history_field_change (id, field_name, new_value, old_value, history_id) VALUES (1597, 'Remain point', 'D1T0', 'D2T0', 1614);
INSERT INTO history_field_change (id, field_name, new_value, old_value, history_id) VALUES (1598, 'Status', 'Done', 'Verify', 1615);
INSERT INTO history_field_change (id, field_name, new_value, old_value, history_id) VALUES (1599, 'Remain point', 'D0T0', 'D0T1', 1616);
INSERT INTO history_field_change (id, field_name, new_value, old_value, history_id) VALUES (1620, 'Remain point', 'D0T0', 'D0T2', 1617);
INSERT INTO history_field_change (id, field_name, new_value, old_value, history_id) VALUES (1621, 'Status', 'Done', 'Verify', 1618);
INSERT INTO history_field_change (id, field_name, new_value, old_value, history_id) VALUES (1622, 'Status', 'Done', 'Verify', 1619);
INSERT INTO history_field_change (id, field_name, new_value, old_value, history_id) VALUES (1623, 'Remain point', 'D0T2', 'D0T3', 1632);
INSERT INTO history_field_change (id, field_name, new_value, old_value, history_id) VALUES (1624, 'Status', 'In progress', 'To do', 1633);
INSERT INTO history_field_change (id, field_name, new_value, old_value, history_id) VALUES (1625, 'Assigned to', 'Trần Nguyễn Tiến Sứ', 'None', 1634);
INSERT INTO history_field_change (id, field_name, new_value, old_value, history_id) VALUES (1626, 'Remain point', 'D0T1', 'D1T1', 1635);
INSERT INTO history_field_change (id, field_name, new_value, old_value, history_id) VALUES (1627, 'Status', 'Verify', 'In progress', 1636);
INSERT INTO history_field_change (id, field_name, new_value, old_value, history_id) VALUES (1628, 'Remain point', 'D0T0', 'D0T0.5', 1637);
INSERT INTO history_field_change (id, field_name, new_value, old_value, history_id) VALUES (1629, 'Status', 'Done', 'Verify', 1638);
INSERT INTO history_field_change (id, field_name, new_value, old_value, history_id) VALUES (1670, 'Remain point', 'D0T0', 'D0T1', 1639);
INSERT INTO history_field_change (id, field_name, new_value, old_value, history_id) VALUES (1671, 'Status', 'Done', 'Verify', 1680);
INSERT INTO history_field_change (id, field_name, new_value, old_value, history_id) VALUES (1672, 'Assigned to', 'Nguyễn Xuân Vinh', 'None', 1681);
INSERT INTO history_field_change (id, field_name, new_value, old_value, history_id) VALUES (1673, 'Status', 'In progress', 'To do', 1682);
INSERT INTO history_field_change (id, field_name, new_value, old_value, history_id) VALUES (1674, 'Remain point', 'D2T1', 'D3T1', 1683);
INSERT INTO history_field_change (id, field_name, new_value, old_value, history_id) VALUES (1675, 'Remain point', 'D4T1', 'D5T1', 1684);
INSERT INTO history_field_change (id, field_name, new_value, old_value, history_id) VALUES (1676, 'Remain point', 'D0T0', 'D1T0', 1685);
INSERT INTO history_field_change (id, field_name, new_value, old_value, history_id) VALUES (1677, 'Status', 'Done', 'In progress', 1686);
INSERT INTO history_field_change (id, field_name, new_value, old_value, history_id) VALUES (1678, 'Remain point', 'D0T0', 'D0T0.5', 1687);
INSERT INTO history_field_change (id, field_name, new_value, old_value, history_id) VALUES (1679, 'Status', 'Done', 'Verify', 1688);
INSERT INTO history_field_change (id, field_name, new_value, old_value, history_id) VALUES (1690, 'Remain point', 'D0T1', 'D0T2', 1689);
INSERT INTO history_field_change (id, field_name, new_value, old_value, history_id) VALUES (1691, 'Remain point', 'D0T0', 'D0T1', 1700);
INSERT INTO history_field_change (id, field_name, new_value, old_value, history_id) VALUES (1692, 'Status', 'Done', 'Verify', 1701);
INSERT INTO history_field_change (id, field_name, new_value, old_value, history_id) VALUES (1693, 'Status', 'In progress', 'To do', 1704);
INSERT INTO history_field_change (id, field_name, new_value, old_value, history_id) VALUES (1694, 'Remain point', 'D0T1', 'D1T1', 1705);
INSERT INTO history_field_change (id, field_name, new_value, old_value, history_id) VALUES (1695, 'Status', 'Verify', 'In progress', 1706);
INSERT INTO history_field_change (id, field_name, new_value, old_value, history_id) VALUES (1740, 'Remain point', 'D0T1', 'D2T1', 1730);
INSERT INTO history_field_change (id, field_name, new_value, old_value, history_id) VALUES (1741, 'Status', 'Verify', 'In progress', 1731);
INSERT INTO history_field_change (id, field_name, new_value, old_value, history_id) VALUES (1742, 'Remain point', 'D0T0', 'D0T1', 1732);
INSERT INTO history_field_change (id, field_name, new_value, old_value, history_id) VALUES (1743, 'Status', 'Done', 'Verify', 1733);
INSERT INTO history_field_change (id, field_name, new_value, old_value, history_id) VALUES (1744, 'Remain point', 'D0T0', 'D0T1', 1734);
INSERT INTO history_field_change (id, field_name, new_value, old_value, history_id) VALUES (1745, 'Status', 'Done', 'Verify', 1735);
INSERT INTO history_field_change (id, field_name, new_value, old_value, history_id) VALUES (1780, 'Remain point', 'D0T0', 'D0T1', 1770);
INSERT INTO history_field_change (id, field_name, new_value, old_value, history_id) VALUES (1781, 'Status', 'Done', 'Verify', 1771);
INSERT INTO history_field_change (id, field_name, new_value, old_value, history_id) VALUES (1782, 'Status', 'Done', 'To do', 1772);
INSERT INTO history_field_change (id, field_name, new_value, old_value, history_id) VALUES (1783, 'Remain point', 'D0T0', 'D4T1', 1773);
INSERT INTO history_field_change (id, field_name, new_value, old_value, history_id) VALUES (1784, 'Status', 'Done', 'In progress', 1774);
INSERT INTO history_field_change (id, field_name, new_value, old_value, history_id) VALUES (1785, 'Status', 'Done', 'To do', 1775);
INSERT INTO history_field_change (id, field_name, new_value, old_value, history_id) VALUES (1786, 'Status', 'In progress', 'Done', 1776);
INSERT INTO history_field_change (id, field_name, new_value, old_value, history_id) VALUES (1787, 'Remain point', 'D10T0', 'D0T0', 1777);
INSERT INTO history_field_change (id, field_name, new_value, old_value, history_id) VALUES (1788, 'Description', '<span style="font-weight: normal;"><em>As a user,</em> </span><b style="font-style: normal;">I want to my exported pdf<span style="background-color: rgb(255, 153, 0);"> file supports html</span> tags so that I can style my issue/userstory description.</b>', 'As a user, I want to my exported pdf file supports html tags so that I can style my issue/userstory description.', 1778);
INSERT INTO history_field_change (id, field_name, new_value, old_value, history_id) VALUES (1789, 'Estime point', 'D13T2', 'D0T0', 1841);
INSERT INTO history_field_change (id, field_name, new_value, old_value, history_id) VALUES (1850, 'Remain point', 'D13T2', 'D0T0', 1841);
INSERT INTO history_field_change (id, field_name, new_value, old_value, history_id) VALUES (1851, 'Assigned to', 'Nguyễn Đặng Quang Vinh', 'None', 1842);
INSERT INTO history_field_change (id, field_name, new_value, old_value, history_id) VALUES (1852, 'Estime point', 'D8T2', 'D0T0', 1845);
INSERT INTO history_field_change (id, field_name, new_value, old_value, history_id) VALUES (1853, 'Remain point', 'D8T2', 'D0T0', 1845);
INSERT INTO history_field_change (id, field_name, new_value, old_value, history_id) VALUES (1854, 'Status', 'In progress', 'To do', 1846);
INSERT INTO history_field_change (id, field_name, new_value, old_value, history_id) VALUES (1855, 'Assigned to', 'Đỗ Văn Cường', 'None', 1846);
INSERT INTO history_field_change (id, field_name, new_value, old_value, history_id) VALUES (1856, 'Subject', 'History of Team and Project', 'History of Team and Sprint', 1848);
INSERT INTO history_field_change (id, field_name, new_value, old_value, history_id) VALUES (1857, 'Assigned to', 'Ðinh Minh Ngộ', 'None', 1849);
INSERT INTO history_field_change (id, field_name, new_value, old_value, history_id) VALUES (1858, 'Estime point', 'D8T2', 'D0T0', 1870);
INSERT INTO history_field_change (id, field_name, new_value, old_value, history_id) VALUES (1859, 'Remain point', 'D8T2', 'D0T0', 1870);
INSERT INTO history_field_change (id, field_name, new_value, old_value, history_id) VALUES (1880, 'Status', 'In progress', 'To do', 1871);
INSERT INTO history_field_change (id, field_name, new_value, old_value, history_id) VALUES (1916, 'Status', 'In progress', 'To do', 1944);
INSERT INTO history_field_change (id, field_name, new_value, old_value, history_id) VALUES (1917, 'Status', 'Verify', 'In progress', 1945);
INSERT INTO history_field_change (id, field_name, new_value, old_value, history_id) VALUES (1918, 'Status', 'In progress', 'Verify', 1946);
INSERT INTO history_field_change (id, field_name, new_value, old_value, history_id) VALUES (1919, 'Status', 'Verify', 'In progress', 1947);
INSERT INTO history_field_change (id, field_name, new_value, old_value, history_id) VALUES (1950, 'Remain point', 'D0T0.5', 'D1T0.5', 1948);
INSERT INTO history_field_change (id, field_name, new_value, old_value, history_id) VALUES (1951, 'Assigned to', 'Lê An Khang', 'None', 1949);
INSERT INTO history_field_change (id, field_name, new_value, old_value, history_id) VALUES (1952, 'Status', 'In progress', 'To do', 1960);
INSERT INTO history_field_change (id, field_name, new_value, old_value, history_id) VALUES (1953, 'Status', 'In progress', 'To do', 1961);
INSERT INTO history_field_change (id, field_name, new_value, old_value, history_id) VALUES (1954, 'Estime point', 'D3T1', 'D0T0', 1962);
INSERT INTO history_field_change (id, field_name, new_value, old_value, history_id) VALUES (1955, 'Remain point', 'D3T1', 'D0T0', 1962);
INSERT INTO history_field_change (id, field_name, new_value, old_value, history_id) VALUES (1956, 'Assigned to', 'Trần Ngọc Thơ', 'None', 1963);
INSERT INTO history_field_change (id, field_name, new_value, old_value, history_id) VALUES (1957, 'Status', 'In progress', 'To do', 1964);
INSERT INTO history_field_change (id, field_name, new_value, old_value, history_id) VALUES (1881, 'Estime point', 'D1T0.5', 'D0T0', 1875);
INSERT INTO history_field_change (id, field_name, new_value, old_value, history_id) VALUES (1882, 'Remain point', 'D1T0.5', 'D0T0', 1875);
INSERT INTO history_field_change (id, field_name, new_value, old_value, history_id) VALUES (1883, 'Assigned to', 'Trần Ngọc Thơ', 'None', 1876);
INSERT INTO history_field_change (id, field_name, new_value, old_value, history_id) VALUES (1884, 'Estime point', 'D8T2', 'D0T0', 1878);
INSERT INTO history_field_change (id, field_name, new_value, old_value, history_id) VALUES (1885, 'Remain point', 'D8T2', 'D0T0', 1878);
INSERT INTO history_field_change (id, field_name, new_value, old_value, history_id) VALUES (1886, 'Assigned to', 'Nguyễn Xuân Vinh', 'None', 1879);
INSERT INTO history_field_change (id, field_name, new_value, old_value, history_id) VALUES (1887, 'Status', 'In progress', 'To do', 1890);
INSERT INTO history_field_change (id, field_name, new_value, old_value, history_id) VALUES (1888, 'Assigned to', 'Trần Cương Trực', 'None', 1892);
INSERT INTO history_field_change (id, field_name, new_value, old_value, history_id) VALUES (1889, 'Estime point', 'D5T1', 'D0T0', 1893);
INSERT INTO history_field_change (id, field_name, new_value, old_value, history_id) VALUES (1910, 'Remain point', 'D5T1', 'D0T0', 1893);
INSERT INTO history_field_change (id, field_name, new_value, old_value, history_id) VALUES (1911, 'Status', 'In progress', 'To do', 1894);
INSERT INTO history_field_change (id, field_name, new_value, old_value, history_id) VALUES (1912, 'Estime point', 'D3T1', 'D0T0', 1898);
INSERT INTO history_field_change (id, field_name, new_value, old_value, history_id) VALUES (1913, 'Remain point', 'D3T1', 'D0T0', 1898);
INSERT INTO history_field_change (id, field_name, new_value, old_value, history_id) VALUES (1914, 'Estime point', 'D0T0', 'D3T1', 1940);
INSERT INTO history_field_change (id, field_name, new_value, old_value, history_id) VALUES (1915, 'Remain point', 'D0T0', 'D3T1', 1940);
INSERT INTO history_field_change (id, field_name, new_value, old_value, history_id) VALUES (1958, 'Status', 'To do', 'In progress', 1965);
INSERT INTO history_field_change (id, field_name, new_value, old_value, history_id) VALUES (1959, 'Assigned to', 'Trần Cương Trực', 'None', 1966);
INSERT INTO history_field_change (id, field_name, new_value, old_value, history_id) VALUES (1970, 'Estime point', 'D0.5T0', 'D0T0', 1967);
INSERT INTO history_field_change (id, field_name, new_value, old_value, history_id) VALUES (1971, 'Remain point', 'D0.5T0', 'D0T0', 1967);
INSERT INTO history_field_change (id, field_name, new_value, old_value, history_id) VALUES (1972, 'Remain point', 'D0T0', 'D0.5T0', 1968);
INSERT INTO history_field_change (id, field_name, new_value, old_value, history_id) VALUES (1973, 'Status', 'Done', 'To do', 1969);
INSERT INTO history_field_change (id, field_name, new_value, old_value, history_id) VALUES (1974, 'Estime point', '5', 'D0T0', 1980);
INSERT INTO history_field_change (id, field_name, new_value, old_value, history_id) VALUES (1975, 'Remain point', '5', 'D0T0', 1980);
INSERT INTO history_field_change (id, field_name, new_value, old_value, history_id) VALUES (1976, 'Estime point', 'D5T1', 'D0T0', 1981);
INSERT INTO history_field_change (id, field_name, new_value, old_value, history_id) VALUES (1977, 'Remain point', 'D5T1', 'D0T0', 1981);
INSERT INTO history_field_change (id, field_name, new_value, old_value, history_id) VALUES (1978, 'Status', 'In progress', 'To do', 1982);
INSERT INTO history_field_change (id, field_name, new_value, old_value, history_id) VALUES (1979, 'Estime point', 'D5T2', 'D0T0', 1984);
INSERT INTO history_field_change (id, field_name, new_value, old_value, history_id) VALUES (2000, 'Remain point', 'D5T2', 'D0T0', 1984);
INSERT INTO history_field_change (id, field_name, new_value, old_value, history_id) VALUES (2001, 'Assigned to', 'Trần Nguyễn Tiến Sứ', 'None', 1985);
INSERT INTO history_field_change (id, field_name, new_value, old_value, history_id) VALUES (2002, 'Status', 'In progress', 'To do', 1986);
INSERT INTO history_field_change (id, field_name, new_value, old_value, history_id) VALUES (2003, 'Estime point', 'D5T2', 'D0T0', 1987);
INSERT INTO history_field_change (id, field_name, new_value, old_value, history_id) VALUES (2004, 'Remain point', 'D5T2', 'D0T0', 1987);
INSERT INTO history_field_change (id, field_name, new_value, old_value, history_id) VALUES (2005, 'Remain point', 'D1T1', 'D3T1', 1988);
INSERT INTO history_field_change (id, field_name, new_value, old_value, history_id) VALUES (2006, 'Remain point', 'D4T1', 'D5T1', 1989);
INSERT INTO history_field_change (id, field_name, new_value, old_value, history_id) VALUES (2007, 'Remain point', 'D11T2', 'D13T2', 2030);
INSERT INTO history_field_change (id, field_name, new_value, old_value, history_id) VALUES (2008, 'Remain point', 'D7T2', 'D8T2', 2031);
INSERT INTO history_field_change (id, field_name, new_value, old_value, history_id) VALUES (2009, 'Assigned to', 'Nguyễn Văn Hương', 'Nguyễn Xuân Vinh', 2032);
INSERT INTO history_field_change (id, field_name, new_value, old_value, history_id) VALUES (2040, 'Remain point', 'D7T2', 'D8T2', 2033);
INSERT INTO history_field_change (id, field_name, new_value, old_value, history_id) VALUES (2041, 'Remain point', 'D6T2', 'D7T2', 2034);
INSERT INTO history_field_change (id, field_name, new_value, old_value, history_id) VALUES (2042, 'Remain point', 'D4T2', 'D5T2', 2035);
INSERT INTO history_field_change (id, field_name, new_value, old_value, history_id) VALUES (2043, 'Remain point', 'D3T1', 'D5T1', 2036);
INSERT INTO history_field_change (id, field_name, new_value, old_value, history_id) VALUES (2044, 'Remain point', 'D2T2', 'D8T2', 2037);
INSERT INTO history_field_change (id, field_name, new_value, old_value, history_id) VALUES (2045, 'Remain point', 'D6T2', 'D2T2', 2038);
INSERT INTO history_field_change (id, field_name, new_value, old_value, history_id) VALUES (2046, 'Remain point', 'D0T1', 'D3T1', 2039);
INSERT INTO history_field_change (id, field_name, new_value, old_value, history_id) VALUES (2047, 'Status', 'Verify', 'In progress', 2060);
INSERT INTO history_field_change (id, field_name, new_value, old_value, history_id) VALUES (2048, 'Remain point', 'D0T1', 'D1T1', 2061);
INSERT INTO history_field_change (id, field_name, new_value, old_value, history_id) VALUES (2049, 'Status', 'Verify', 'In progress', 2062);
INSERT INTO history_field_change (id, field_name, new_value, old_value, history_id) VALUES (2070, 'Assigned to', 'Trần Ngọc Thơ', 'None', 2063);
INSERT INTO history_field_change (id, field_name, new_value, old_value, history_id) VALUES (2071, 'Status', 'In progress', 'To do', 2064);
INSERT INTO history_field_change (id, field_name, new_value, old_value, history_id) VALUES (2072, 'Remain point', 'D2T2', 'D7T2', 2065);
INSERT INTO history_field_change (id, field_name, new_value, old_value, history_id) VALUES (2073, 'Remain point', 'D5T2', 'D6T2', 2066);
INSERT INTO history_field_change (id, field_name, new_value, old_value, history_id) VALUES (2074, 'Remain point', 'D3T1', 'D4T1', 2067);
INSERT INTO history_field_change (id, field_name, new_value, old_value, history_id) VALUES (2075, 'Remain point', 'D2T2', 'D4T2', 2068);
INSERT INTO history_field_change (id, field_name, new_value, old_value, history_id) VALUES (2076, 'Remain point', 'D4T2', 'D6T2', 2069);
INSERT INTO history_field_change (id, field_name, new_value, old_value, history_id) VALUES (2077, 'Remain point', 'D4T2', 'D5T2', 2080);
INSERT INTO history_field_change (id, field_name, new_value, old_value, history_id) VALUES (2078, 'Remain point', 'D0T0', 'D10T0', 2082);
INSERT INTO history_field_change (id, field_name, new_value, old_value, history_id) VALUES (2079, 'Status', 'Done', 'In progress', 2083);
INSERT INTO history_field_change (id, field_name, new_value, old_value, history_id) VALUES (2110, 'Remain point', 'D9T2', 'D11T2', 2084);
INSERT INTO history_field_change (id, field_name, new_value, old_value, history_id) VALUES (2111, 'Status', 'In progress', 'To do', 2086);
INSERT INTO history_field_change (id, field_name, new_value, old_value, history_id) VALUES (2112, 'Status', 'To do', 'In progress', 2087);
INSERT INTO history_field_change (id, field_name, new_value, old_value, history_id) VALUES (2113, 'Assigned to', 'None', 'Trần Cương Trực', 2088);
INSERT INTO history_field_change (id, field_name, new_value, old_value, history_id) VALUES (2114, 'Remain point', 'D0T2', 'D2T2', 2089);
INSERT INTO history_field_change (id, field_name, new_value, old_value, history_id) VALUES (2115, 'Status', 'Verify', 'In progress', 2130);
INSERT INTO history_field_change (id, field_name, new_value, old_value, history_id) VALUES (2116, 'Remain point', 'D3T2', 'D4T2', 2131);
INSERT INTO history_field_change (id, field_name, new_value, old_value, history_id) VALUES (2117, 'Remain point', 'D7T2', 'D9T2', 2132);
INSERT INTO history_field_change (id, field_name, new_value, old_value, history_id) VALUES (2118, 'Assigned to', 'Nguyễn Xuân Vinh', 'Nguyễn Văn Hương', 2133);
INSERT INTO history_field_change (id, field_name, new_value, old_value, history_id) VALUES (2150, 'Remain point', 'D0T1', 'D0T2', 2140);
INSERT INTO history_field_change (id, field_name, new_value, old_value, history_id) VALUES (2151, 'Remain point', 'D5T2', 'D7T2', 2141);
INSERT INTO history_field_change (id, field_name, new_value, old_value, history_id) VALUES (2152, 'Remain point', 'D1T2', 'D2T2', 2142);
INSERT INTO history_field_change (id, field_name, new_value, old_value, history_id) VALUES (2153, 'Remain point', 'D3T2', 'D5T2', 2143);
INSERT INTO history_field_change (id, field_name, new_value, old_value, history_id) VALUES (2154, 'Remain point', 'D1T1', 'D3T1', 2144);
INSERT INTO history_field_change (id, field_name, new_value, old_value, history_id) VALUES (2155, 'Remain point', 'D0T0.5', 'D0T1', 2145);
INSERT INTO history_field_change (id, field_name, new_value, old_value, history_id) VALUES (2156, 'Status', 'In progress', 'To do', 2146);
INSERT INTO history_field_change (id, field_name, new_value, old_value, history_id) VALUES (2157, 'Assigned to', 'Trần Cương Trực', 'None', 2147);
INSERT INTO history_field_change (id, field_name, new_value, old_value, history_id) VALUES (2158, 'Remain point', 'D0T0.5', 'D0T1', 2148);
INSERT INTO history_field_change (id, field_name, new_value, old_value, history_id) VALUES (2159, 'Remain point', 'D2T2', 'D4T2', 2149);
INSERT INTO history_field_change (id, field_name, new_value, old_value, history_id) VALUES (2190, 'Remain point', 'D2T2', 'D3T2', 2180);
INSERT INTO history_field_change (id, field_name, new_value, old_value, history_id) VALUES (2191, 'Remain point', 'D1.5T2', 'D2T2', 2181);
INSERT INTO history_field_change (id, field_name, new_value, old_value, history_id) VALUES (2192, 'Remain point', 'D6T1', 'D8T1', 2182);
INSERT INTO history_field_change (id, field_name, new_value, old_value, history_id) VALUES (2193, 'Remain point', 'D1.5T2', 'D3T2', 2183);
INSERT INTO history_field_change (id, field_name, new_value, old_value, history_id) VALUES (2194, 'Remain point', 'D0T0', 'D0T1', 2184);
INSERT INTO history_field_change (id, field_name, new_value, old_value, history_id) VALUES (2195, 'Status', 'Done', 'Verify', 2185);
INSERT INTO history_field_change (id, field_name, new_value, old_value, history_id) VALUES (2196, 'Status', 'In progress', 'To do', 2186);
INSERT INTO history_field_change (id, field_name, new_value, old_value, history_id) VALUES (2197, 'Assigned to', 'Nguyễn Văn Hương', 'None', 2187);
INSERT INTO history_field_change (id, field_name, new_value, old_value, history_id) VALUES (2198, 'Remain point', 'D0T0', 'D0T0.5', 2188);
INSERT INTO history_field_change (id, field_name, new_value, old_value, history_id) VALUES (2199, 'Status', 'Done', 'Verify', 2189);
INSERT INTO history_field_change (id, field_name, new_value, old_value, history_id) VALUES (2230, 'Remain point', 'D0T1', 'D1T1', 2220);
INSERT INTO history_field_change (id, field_name, new_value, old_value, history_id) VALUES (2231, 'Status', 'Verify', 'In progress', 2221);
INSERT INTO history_field_change (id, field_name, new_value, old_value, history_id) VALUES (2232, 'Remain point', 'D0T2', 'D2T2', 2222);
INSERT INTO history_field_change (id, field_name, new_value, old_value, history_id) VALUES (2233, 'Status', 'Verify', 'In progress', 2223);
INSERT INTO history_field_change (id, field_name, new_value, old_value, history_id) VALUES (2234, 'Remain point', 'D3T2', 'D5T2', 2224);
INSERT INTO history_field_change (id, field_name, new_value, old_value, history_id) VALUES (2235, 'Remain point', 'D1T2', 'D1.5T2', 2225);
INSERT INTO history_field_change (id, field_name, new_value, old_value, history_id) VALUES (2250, 'Remain point', 'D4T1', 'D6T1', 2240);
INSERT INTO history_field_change (id, field_name, new_value, old_value, history_id) VALUES (2251, 'Remain point', 'D0T2', 'D1.5T2', 2241);
INSERT INTO history_field_change (id, field_name, new_value, old_value, history_id) VALUES (2252, 'Status', 'Verify', 'In progress', 2242);
INSERT INTO history_field_change (id, field_name, new_value, old_value, history_id) VALUES (2253, 'Remain point', 'D0T1', 'D0T2', 2243);
INSERT INTO history_field_change (id, field_name, new_value, old_value, history_id) VALUES (2254, 'Remain point', '4', '5', 2244);
INSERT INTO history_field_change (id, field_name, new_value, old_value, history_id) VALUES (2255, 'Remain point', 'D0T0', 'D0T1', 2245);
INSERT INTO history_field_change (id, field_name, new_value, old_value, history_id) VALUES (2256, 'Status', 'Done', 'Verify', 2246);
INSERT INTO history_field_change (id, field_name, new_value, old_value, history_id) VALUES (2257, 'Remain point', 'D1T2', 'D3T2', 2247);
INSERT INTO history_field_change (id, field_name, new_value, old_value, history_id) VALUES (2258, 'Status', 'Verify', 'In progress', 2248);
INSERT INTO history_field_change (id, field_name, new_value, old_value, history_id) VALUES (2259, 'Remain point', 'D0T2', 'D1T2', 2249);
INSERT INTO history_field_change (id, field_name, new_value, old_value, history_id) VALUES (2290, 'Status', 'Verify', 'In progress', 2280);
INSERT INTO history_field_change (id, field_name, new_value, old_value, history_id) VALUES (2291, 'Remain point', 'D0T2', 'D1T2', 2281);
INSERT INTO history_field_change (id, field_name, new_value, old_value, history_id) VALUES (2310, 'Remain point', 'D2T1', 'D4T1', 2300);
INSERT INTO history_field_change (id, field_name, new_value, old_value, history_id) VALUES (2311, 'Remain point', 'D0T0', 'D0T2', 2301);
INSERT INTO history_field_change (id, field_name, new_value, old_value, history_id) VALUES (2312, 'Status', 'Done', 'Verify', 2302);
INSERT INTO history_field_change (id, field_name, new_value, old_value, history_id) VALUES (2313, 'Remain point', 'D0T0.5', 'D0T1', 2303);
INSERT INTO history_field_change (id, field_name, new_value, old_value, history_id) VALUES (2314, 'Remain point', 'D0T0', 'D0T0.5', 2304);
INSERT INTO history_field_change (id, field_name, new_value, old_value, history_id) VALUES (2315, 'Status', 'Done', 'Verify', 2305);
INSERT INTO history_field_change (id, field_name, new_value, old_value, history_id) VALUES (2360, 'Remain point', '3', '4', 2350);
INSERT INTO history_field_change (id, field_name, new_value, old_value, history_id) VALUES (2361, 'Remain point', 'D0T0', 'D0T0.5', 2351);
INSERT INTO history_field_change (id, field_name, new_value, old_value, history_id) VALUES (2362, 'Status', 'Done', 'Verify', 2352);
INSERT INTO history_field_change (id, field_name, new_value, old_value, history_id) VALUES (2363, 'Remain point', 'D0T1', 'D0T2', 2353);
INSERT INTO history_field_change (id, field_name, new_value, old_value, history_id) VALUES (2364, 'Remain point', 'D1T1', 'D1T2', 2354);
INSERT INTO history_field_change (id, field_name, new_value, old_value, history_id) VALUES (2365, 'Remain point', '1', '3', 2355);
INSERT INTO history_field_change (id, field_name, new_value, old_value, history_id) VALUES (2366, 'Remain point', 'D0T1', 'D2T1', 2356);
INSERT INTO history_field_change (id, field_name, new_value, old_value, history_id) VALUES (2367, 'Status', 'Verify', 'In progress', 2357);
INSERT INTO history_field_change (id, field_name, new_value, old_value, history_id) VALUES (2368, 'Remain point', 'D0T0.5', 'D0T2', 2358);
INSERT INTO history_field_change (id, field_name, new_value, old_value, history_id) VALUES (2369, 'Remain point', 'D0T0', 'D0T0.5', 2359);
INSERT INTO history_field_change (id, field_name, new_value, old_value, history_id) VALUES (2400, 'Status', 'Done', 'Verify', 2390);
INSERT INTO history_field_change (id, field_name, new_value, old_value, history_id) VALUES (2401, 'Status', 'In progress', 'Verify', 2391);
INSERT INTO history_field_change (id, field_name, new_value, old_value, history_id) VALUES (2402, 'Status', 'Verify', 'In progress', 2392);
INSERT INTO history_field_change (id, field_name, new_value, old_value, history_id) VALUES (2403, 'Description', 'As a PO, I want to see relationship between parent and child tasks on Kanban, so that I can easy to manage tasks easier in each Sprint.', 'As a PO, I want to see relationship between parent and child tasks on Kanban, so that I can easy to anage tasks easier in each Sprint.', 2393);
INSERT INTO history_field_change (id, field_name, new_value, old_value, history_id) VALUES (2420, 'Remain point', 'D0T0', 'D0T1', 2410);
INSERT INTO history_field_change (id, field_name, new_value, old_value, history_id) VALUES (2421, 'Status', 'Done', 'Verify', 2411);
INSERT INTO history_field_change (id, field_name, new_value, old_value, history_id) VALUES (2422, 'Remain point', 'D0T0', 'D0T1', 2412);
INSERT INTO history_field_change (id, field_name, new_value, old_value, history_id) VALUES (2423, 'Status', 'Done', 'Verify', 2413);
INSERT INTO history_field_change (id, field_name, new_value, old_value, history_id) VALUES (2424, 'Remain point', '0', '1', 2414);
INSERT INTO history_field_change (id, field_name, new_value, old_value, history_id) VALUES (2425, 'Status', 'Done', 'In progress', 2415);
INSERT INTO history_field_change (id, field_name, new_value, old_value, history_id) VALUES (2426, 'Remain point', 'D0T0', 'D0T0.5', 2416);
INSERT INTO history_field_change (id, field_name, new_value, old_value, history_id) VALUES (2427, 'Status', 'Done', 'Verify', 2417);
INSERT INTO history_field_change (id, field_name, new_value, old_value, history_id) VALUES (2428, 'Remain point', 'D0T0', 'D1T1', 2418);
INSERT INTO history_field_change (id, field_name, new_value, old_value, history_id) VALUES (2429, 'Status', 'Done', 'In progress', 2419);
INSERT INTO history_field_change (id, field_name, new_value, old_value, history_id) VALUES (2572, 'Sprint', 'sprint 9', '2552', 2562);
INSERT INTO history_field_change (id, field_name, new_value, old_value, history_id) VALUES (2573, 'Nguyễn Quốc Huy', 'STAKEHOlDER', 'SCRUM_MASTER', 2563);
INSERT INTO history_field_change (id, field_name, new_value, old_value, history_id) VALUES (2574, 'Nguyễn Quốc Huy', 'SCRUM_MASTER', 'STAKEHOlDER', 2564);
INSERT INTO history_field_change (id, field_name, new_value, old_value, history_id) VALUES (2575, 'UserStory Name', 'planning meeting2', 'planning meeting', 2565);
INSERT INTO history_field_change (id, field_name, new_value, old_value, history_id) VALUES (2576, 'Status', 'In progress', 'Done', 2566);
INSERT INTO history_field_change (id, field_name, new_value, old_value, history_id) VALUES (2577, 'Remain point', 'D10T0', 'D0T0', 2567);
INSERT INTO history_field_change (id, field_name, new_value, old_value, history_id) VALUES (2578, 'Remain point', 'D0T0', 'D10T0', 2568);
INSERT INTO history_field_change (id, field_name, new_value, old_value, history_id) VALUES (2579, 'Status', 'Done', 'In progress', 2569);
INSERT INTO history_field_change (id, field_name, new_value, old_value, history_id) VALUES (2650, 'Status', 'In progress', 'To do', 2635);
INSERT INTO history_field_change (id, field_name, new_value, old_value, history_id) VALUES (2651, 'Assigned to', 'Nguyễn Văn Hương', 'None', 2636);
INSERT INTO history_field_change (id, field_name, new_value, old_value, history_id) VALUES (2652, 'Assigned to', 'Lê An Khang', 'None', 2637);
INSERT INTO history_field_change (id, field_name, new_value, old_value, history_id) VALUES (2653, 'Status', 'In progress', 'To do', 2638);
INSERT INTO history_field_change (id, field_name, new_value, old_value, history_id) VALUES (2654, 'Status', 'In progress', 'To do', 2639);
INSERT INTO history_field_change (id, field_name, new_value, old_value, history_id) VALUES (2655, 'Assigned to', 'Nguyễn Đặng Quang Vinh', 'None', 2660);
INSERT INTO history_field_change (id, field_name, new_value, old_value, history_id) VALUES (2656, 'Assigned to', 'Nguyễn Văn Hương', 'Nguyễn Đặng Quang Vinh', 2661);
INSERT INTO history_field_change (id, field_name, new_value, old_value, history_id) VALUES (2657, 'Assigned to', 'Nguyễn Đặng Quang Vinh', 'Nguyễn Văn Hương', 2662);
INSERT INTO history_field_change (id, field_name, new_value, old_value, history_id) VALUES (2658, 'Assigned to', 'Ðinh Minh Ngộ', 'None', 2663);
INSERT INTO history_field_change (id, field_name, new_value, old_value, history_id) VALUES (2659, 'Status', 'Verify', 'To do', 2664);
INSERT INTO history_field_change (id, field_name, new_value, old_value, history_id) VALUES (2670, 'Assigned to', 'Trần Ngọc Thơ', 'None', 2665);
INSERT INTO history_field_change (id, field_name, new_value, old_value, history_id) VALUES (2671, 'Status', 'In progress', 'To do', 2666);
INSERT INTO history_field_change (id, field_name, new_value, old_value, history_id) VALUES (2672, 'Assigned to', 'Trần Nguyễn Tiến Sứ', 'None', 2667);
INSERT INTO history_field_change (id, field_name, new_value, old_value, history_id) VALUES (2673, 'Status', 'In progress', 'To do', 2668);
INSERT INTO history_field_change (id, field_name, new_value, old_value, history_id) VALUES (2674, 'Assigned to', 'Lâm Phúc Hiếu', 'None', 2669);
INSERT INTO history_field_change (id, field_name, new_value, old_value, history_id) VALUES (2675, 'Assigned to', 'Trần Cương Trực', 'None', 2680);
INSERT INTO history_field_change (id, field_name, new_value, old_value, history_id) VALUES (2676, 'Status', 'In progress', 'To do', 2681);
INSERT INTO history_field_change (id, field_name, new_value, old_value, history_id) VALUES (2677, 'Status', 'In progress', 'To do', 2682);
INSERT INTO history_field_change (id, field_name, new_value, old_value, history_id) VALUES (2678, 'Assigned to', 'Đỗ Văn Cường', 'None', 2683);
INSERT INTO history_field_change (id, field_name, new_value, old_value, history_id) VALUES (2679, 'Status', 'In progress', 'To do', 2684);
INSERT INTO history_field_change (id, field_name, new_value, old_value, history_id) VALUES (2690, 'Assigned to', 'Ðinh Minh Ngộ', 'None', 2685);
INSERT INTO history_field_change (id, field_name, new_value, old_value, history_id) VALUES (2691, 'Status', 'In progress', 'To do', 2686);
INSERT INTO history_field_change (id, field_name, new_value, old_value, history_id) VALUES (2692, 'Estime point', 'D8T1', 'D0T0', 2687);
INSERT INTO history_field_change (id, field_name, new_value, old_value, history_id) VALUES (2693, 'Remain point', 'D8T1', 'D0T0', 2687);
INSERT INTO history_field_change (id, field_name, new_value, old_value, history_id) VALUES (2694, 'Estime point', 'D8T2', 'D0T0', 2689);
INSERT INTO history_field_change (id, field_name, new_value, old_value, history_id) VALUES (2695, 'Remain point', 'D8T2', 'D0T0', 2689);
INSERT INTO history_field_change (id, field_name, new_value, old_value, history_id) VALUES (2696, 'Status', 'In progress', 'To do', 2700);
INSERT INTO history_field_change (id, field_name, new_value, old_value, history_id) VALUES (2697, 'Assigned to', 'Nguyễn Xuân Vinh', 'None', 2701);
INSERT INTO history_field_change (id, field_name, new_value, old_value, history_id) VALUES (2698, 'Sprint Name', 'Sprint 9', 'sprint 9', 2702);
INSERT INTO history_field_change (id, field_name, new_value, old_value, history_id) VALUES (2699, 'Subject', 'Replace Video Player', 'Encoding video', 2704);
INSERT INTO history_field_change (id, field_name, new_value, old_value, history_id) VALUES (2710, 'Estime point', 'D5T1', 'D0T0', 2704);
INSERT INTO history_field_change (id, field_name, new_value, old_value, history_id) VALUES (2711, 'Remain point', 'D5T1', 'D0T0', 2704);
INSERT INTO history_field_change (id, field_name, new_value, old_value, history_id) VALUES (2712, 'Description', 'As a SM, I want to replace current video player with another open source one, so that I don''t get annoyed with the watermark and worry-free about the license.', 'Encoding video', 2704);
INSERT INTO history_field_change (id, field_name, new_value, old_value, history_id) VALUES (2730, 'Remain point', 'D3T1', 'D5T1', 2720);
INSERT INTO history_field_change (id, field_name, new_value, old_value, history_id) VALUES (2731, 'Remain point', 'D4T1', 'D5T1', 2721);
INSERT INTO history_field_change (id, field_name, new_value, old_value, history_id) VALUES (2732, 'Remain point', 'D0T1', 'D2T1', 2722);
INSERT INTO history_field_change (id, field_name, new_value, old_value, history_id) VALUES (2733, 'Remain point', 'D7T1', 'D8T1', 2723);
INSERT INTO history_field_change (id, field_name, new_value, old_value, history_id) VALUES (2734, 'Remain point', 'D7T2', 'D8T2', 2724);
INSERT INTO history_field_change (id, field_name, new_value, old_value, history_id) VALUES (2735, 'Remain point', 'D2T1', 'D5T1', 2725);
INSERT INTO history_field_change (id, field_name, new_value, old_value, history_id) VALUES (2736, 'Remain point', 'D3T1', 'D5T1', 2726);
INSERT INTO history_field_change (id, field_name, new_value, old_value, history_id) VALUES (2737, 'Estime point', 'D33T4', 'D0T0', 2727);
INSERT INTO history_field_change (id, field_name, new_value, old_value, history_id) VALUES (2738, 'Remain point', 'D33T4', 'D0T0', 2727);
INSERT INTO history_field_change (id, field_name, new_value, old_value, history_id) VALUES (2739, 'Remain point', 'D3T1', 'D5T1', 2728);
INSERT INTO history_field_change (id, field_name, new_value, old_value, history_id) VALUES (2760, 'Remain point', 'D4T1', 'D5T1', 2729);
INSERT INTO history_field_change (id, field_name, new_value, old_value, history_id) VALUES (2761, 'Remain point', 'D7T1', 'D8T1', 2770);
INSERT INTO history_field_change (id, field_name, new_value, old_value, history_id) VALUES (2810, 'Subject', 'Upgrade the Hudson', 'Test coverage in Hudson', 2791);
INSERT INTO history_field_change (id, field_name, new_value, old_value, history_id) VALUES (2811, 'Estime point', 'D1T0', 'D0T0', 2791);
INSERT INTO history_field_change (id, field_name, new_value, old_value, history_id) VALUES (2812, 'Remain point', 'D1T0', 'D0T0', 2791);
INSERT INTO history_field_change (id, field_name, new_value, old_value, history_id) VALUES (2813, 'Description', 'Upgrade the Hudson to latest release version<br/>', 'Test coverage in Hudson', 2791);
INSERT INTO history_field_change (id, field_name, new_value, old_value, history_id) VALUES (2830, 'Remain point', 'D0T1', 'D2T1', 2820);
INSERT INTO history_field_change (id, field_name, new_value, old_value, history_id) VALUES (2831, 'Status', 'Verify', 'In progress', 2821);
INSERT INTO history_field_change (id, field_name, new_value, old_value, history_id) VALUES (2832, 'Remain point', 'D3T1', 'D5T1', 2822);
INSERT INTO history_field_change (id, field_name, new_value, old_value, history_id) VALUES (2833, 'Remain point', 'D2T1', 'D3T1', 2823);
INSERT INTO history_field_change (id, field_name, new_value, old_value, history_id) VALUES (2834, 'Remain point', 'D6T2', 'D7T2', 2824);
INSERT INTO history_field_change (id, field_name, new_value, old_value, history_id) VALUES (2835, 'Remain point', 'D2T1', 'D3T1', 2825);
INSERT INTO history_field_change (id, field_name, new_value, old_value, history_id) VALUES (2836, 'Remain point', 'D1T1', 'D2T1', 2826);
INSERT INTO history_field_change (id, field_name, new_value, old_value, history_id) VALUES (2837, 'Remain point', 'D5T1', 'D7T1', 2827);
INSERT INTO history_field_change (id, field_name, new_value, old_value, history_id) VALUES (2838, 'Remain point', 'D5T1', 'D4T1', 2828);
INSERT INTO history_field_change (id, field_name, new_value, old_value, history_id) VALUES (2839, 'Remain point', 'D6T1', 'D7T1', 2829);
INSERT INTO history_field_change (id, field_name, new_value, old_value, history_id) VALUES (2870, 'Remain point', 'D2T1', 'D3T1', 2860);
INSERT INTO history_field_change (id, field_name, new_value, old_value, history_id) VALUES (2871, 'Remain point', 'D2T1', 'D4T1', 2861);
INSERT INTO history_field_change (id, field_name, new_value, old_value, history_id) VALUES (2872, 'Remain point', 'D0T1', 'D2T1', 2862);
INSERT INTO history_field_change (id, field_name, new_value, old_value, history_id) VALUES (2873, 'Status', 'Verify', 'In progress', 2863);
INSERT INTO history_field_change (id, field_name, new_value, old_value, history_id) VALUES (2874, 'Status', 'Verify', 'In progress', 2864);
INSERT INTO history_field_change (id, field_name, new_value, old_value, history_id) VALUES (2875, 'Remain point', 'D0T1', 'D2T1', 2865);
INSERT INTO history_field_change (id, field_name, new_value, old_value, history_id) VALUES (2876, 'Assigned to', 'Trần Cương Trực', 'None', 2866);
INSERT INTO history_field_change (id, field_name, new_value, old_value, history_id) VALUES (2877, 'Status', 'In progress', 'To do', 2867);
INSERT INTO history_field_change (id, field_name, new_value, old_value, history_id) VALUES (2878, 'Status', 'In progress', 'To do', 2868);
INSERT INTO history_field_change (id, field_name, new_value, old_value, history_id) VALUES (2879, 'Remain point', 'D11T0', 'D13T0', 2869);
INSERT INTO history_field_change (id, field_name, new_value, old_value, history_id) VALUES (2900, 'Assigned to', 'Đỗ Văn Cường', 'None', 2890);
INSERT INTO history_field_change (id, field_name, new_value, old_value, history_id) VALUES (2901, 'Remain point', 'D0T1', 'D1T1', 2891);
INSERT INTO history_field_change (id, field_name, new_value, old_value, history_id) VALUES (2902, 'Status', 'Verify', 'In progress', 2892);
INSERT INTO history_field_change (id, field_name, new_value, old_value, history_id) VALUES (2903, 'Remain point', 'D4T1', 'D5T1', 2893);
INSERT INTO history_field_change (id, field_name, new_value, old_value, history_id) VALUES (2904, 'Remain point', 'D3T1', 'D5T1', 2894);
INSERT INTO history_field_change (id, field_name, new_value, old_value, history_id) VALUES (2905, 'Status', 'Verify', 'In progress', 2895);
INSERT INTO history_field_change (id, field_name, new_value, old_value, history_id) VALUES (2906, 'Remain point', 'D0T1', 'D3T1', 2896);
INSERT INTO history_field_change (id, field_name, new_value, old_value, history_id) VALUES (2907, 'Remain point', 'D4T1', 'D6T1', 2897);
INSERT INTO history_field_change (id, field_name, new_value, old_value, history_id) VALUES (2908, 'Remain point', 'D1T1', 'D2T1', 2898);
INSERT INTO history_field_change (id, field_name, new_value, old_value, history_id) VALUES (2920, 'Attachment', '20130924_091339.jpg', NULL, 2910);
INSERT INTO history_field_change (id, field_name, new_value, old_value, history_id) VALUES (2921, 'Attachment', '20130924_091348.jpg', NULL, 2911);
INSERT INTO history_field_change (id, field_name, new_value, old_value, history_id) VALUES (2922, 'Remain point', 'D1T1', 'D5T1', 2912);
INSERT INTO history_field_change (id, field_name, new_value, old_value, history_id) VALUES (2923, 'Remain point', 'D10T0', 'D11T0', 2913);
INSERT INTO history_field_change (id, field_name, new_value, old_value, history_id) VALUES (2924, 'Remain point', 'D1T1', 'D3T1', 2914);
INSERT INTO history_field_change (id, field_name, new_value, old_value, history_id) VALUES (2925, 'Remain point', 'D9T0', 'D10T0', 2915);
INSERT INTO history_field_change (id, field_name, new_value, old_value, history_id) VALUES (2926, 'Remain point', 'D0T0', 'D0T1', 2916);
INSERT INTO history_field_change (id, field_name, new_value, old_value, history_id) VALUES (2927, 'Status', 'Done', 'Verify', 2917);
INSERT INTO history_field_change (id, field_name, new_value, old_value, history_id) VALUES (2928, 'Remain point', 'D5T2', 'D6T2', 2918);
INSERT INTO history_field_change (id, field_name, new_value, old_value, history_id) VALUES (2929, 'Remain point', 'D4T2', 'D5T2', 2919);
INSERT INTO history_field_change (id, field_name, new_value, old_value, history_id) VALUES (2970, 'Remain point', 'D0T1', 'D4T1', 2960);
INSERT INTO history_field_change (id, field_name, new_value, old_value, history_id) VALUES (2971, 'Status', 'Verify', 'In progress', 2961);
INSERT INTO history_field_change (id, field_name, new_value, old_value, history_id) VALUES (2972, 'Remain point', 'D3T1', 'D4T1', 2962);
INSERT INTO history_field_change (id, field_name, new_value, old_value, history_id) VALUES (2973, 'UserStory', 'I want to show the music box in the box', '2980', 2963);
INSERT INTO history_field_change (id, field_name, new_value, old_value, history_id) VALUES (2974, 'UserStory Name', 'I want to show the music box in the box (For Testing)', 'I want to show the music box in the box', 2964);
INSERT INTO history_field_change (id, field_name, new_value, old_value, history_id) VALUES (2975, 'UserStory', 'I want to show the music box in the box (For Testing)', '2980', 2965);
INSERT INTO history_field_change (id, field_name, new_value, old_value, history_id) VALUES (2976, 'Remain point', 'D0T0', 'D0T1', 2966);
INSERT INTO history_field_change (id, field_name, new_value, old_value, history_id) VALUES (2977, 'Status', 'Done', 'Verify', 2967);
INSERT INTO history_field_change (id, field_name, new_value, old_value, history_id) VALUES (2978, 'Remain point', 'D8T0', 'D9T0', 2968);
INSERT INTO history_field_change (id, field_name, new_value, old_value, history_id) VALUES (2979, 'Remain point', 'D0T0', 'D0T1', 2969);
INSERT INTO history_field_change (id, field_name, new_value, old_value, history_id) VALUES (3020, 'Status', 'Done', 'Verify', 3010);
INSERT INTO history_field_change (id, field_name, new_value, old_value, history_id) VALUES (3021, 'Remain point', 'D0T1', 'D1T1', 3011);
INSERT INTO history_field_change (id, field_name, new_value, old_value, history_id) VALUES (3022, 'Remain point', 'D2T1', 'D3T1', 3012);
INSERT INTO history_field_change (id, field_name, new_value, old_value, history_id) VALUES (3023, 'Status', 'Verify', 'In progress', 3013);
INSERT INTO history_field_change (id, field_name, new_value, old_value, history_id) VALUES (3024, 'Status', 'Verify', 'In progress', 3014);
INSERT INTO history_field_change (id, field_name, new_value, old_value, history_id) VALUES (3025, 'Remain point', 'D0T1', 'D1T1', 3015);
INSERT INTO history_field_change (id, field_name, new_value, old_value, history_id) VALUES (3026, 'UserStory', 'name', '2981', 3016);
INSERT INTO history_field_change (id, field_name, new_value, old_value, history_id) VALUES (3027, 'UserStory', 'des', '2982', 3017);
INSERT INTO history_field_change (id, field_name, new_value, old_value, history_id) VALUES (3028, 'UserStory', 'des', '2982', 3018);
INSERT INTO history_field_change (id, field_name, new_value, old_value, history_id) VALUES (3029, 'UserStory', 'name', '2981', 3019);
INSERT INTO history_field_change (id, field_name, new_value, old_value, history_id) VALUES (3040, 'Status', 'In progress', 'To do', 3030);
INSERT INTO history_field_change (id, field_name, new_value, old_value, history_id) VALUES (3041, 'Assigned to', 'Nguyễn Văn Hương', 'None', 3031);
INSERT INTO history_field_change (id, field_name, new_value, old_value, history_id) VALUES (3042, 'Remain point', 'D6.5T0', 'D8T0', 3032);
INSERT INTO history_field_change (id, field_name, new_value, old_value, history_id) VALUES (3043, 'Remain point', 'D0T0', 'D0T1', 3033);
INSERT INTO history_field_change (id, field_name, new_value, old_value, history_id) VALUES (3044, 'Status', 'Done', 'Verify', 3034);
INSERT INTO history_field_change (id, field_name, new_value, old_value, history_id) VALUES (3045, 'Team', 'Ant', '3070', 3035);
INSERT INTO history_field_change (id, field_name, new_value, old_value, history_id) VALUES (3046, 'Remain point', 'D0T1', 'D1T1', 3036);
INSERT INTO history_field_change (id, field_name, new_value, old_value, history_id) VALUES (3047, 'Status', 'Verify', 'In progress', 3037);
INSERT INTO history_field_change (id, field_name, new_value, old_value, history_id) VALUES (3048, 'Remain point', 'D0T0.5', 'D0T1', 3038);
INSERT INTO history_field_change (id, field_name, new_value, old_value, history_id) VALUES (3049, 'Remain point', 'D0T0', 'D0T1', 3039);
INSERT INTO history_field_change (id, field_name, new_value, old_value, history_id) VALUES (3090, 'Status', 'Done', 'Verify', 3080);
INSERT INTO history_field_change (id, field_name, new_value, old_value, history_id) VALUES (3091, 'Remain point', 'D0T0', 'D2T1', 3081);
INSERT INTO history_field_change (id, field_name, new_value, old_value, history_id) VALUES (3092, 'Status', 'Done', 'In progress', 3082);
INSERT INTO history_field_change (id, field_name, new_value, old_value, history_id) VALUES (3093, 'Status', 'Verify', 'Done', 3083);
INSERT INTO history_field_change (id, field_name, new_value, old_value, history_id) VALUES (3094, 'Remain point', 'D0T1', 'D0T0', 3084);
INSERT INTO history_field_change (id, field_name, new_value, old_value, history_id) VALUES (3095, 'Remain point', 'D0T0', 'D0T1', 3085);
INSERT INTO history_field_change (id, field_name, new_value, old_value, history_id) VALUES (3096, 'Status', 'Done', 'Verify', 3086);
INSERT INTO history_field_change (id, field_name, new_value, old_value, history_id) VALUES (3097, 'Remain point', 'D2T2', 'D4T2', 3087);
INSERT INTO history_field_change (id, field_name, new_value, old_value, history_id) VALUES (3098, 'Remain point', 'D1T2', 'D2T2', 3088);
INSERT INTO history_field_change (id, field_name, new_value, old_value, history_id) VALUES (3140, 'Remain point', 'D5T0', 'D6.5T0', 3130);
INSERT INTO history_field_change (id, field_name, new_value, old_value, history_id) VALUES (3141, 'Remain point', 'D0T0', 'D0T1', 3131);
INSERT INTO history_field_change (id, field_name, new_value, old_value, history_id) VALUES (3142, 'Status', 'Done', 'Verify', 3132);
INSERT INTO history_field_change (id, field_name, new_value, old_value, history_id) VALUES (3143, 'Status', 'Verify', 'In progress', 3133);
INSERT INTO history_field_change (id, field_name, new_value, old_value, history_id) VALUES (3144, 'Remain point', 'D0T0', 'D1T0', 3134);
INSERT INTO history_field_change (id, field_name, new_value, old_value, history_id) VALUES (3145, 'Status', 'Done', 'Verify', 3135);
INSERT INTO history_field_change (id, field_name, new_value, old_value, history_id) VALUES (3146, 'Remain point', 'D0T0', 'D0T1', 3136);
INSERT INTO history_field_change (id, field_name, new_value, old_value, history_id) VALUES (3147, 'Status', 'Done', 'Verify', 3137);
INSERT INTO history_field_change (id, field_name, new_value, old_value, history_id) VALUES (3148, 'Remain point', 'D0T0', 'D0T0.5', 3138);
INSERT INTO history_field_change (id, field_name, new_value, old_value, history_id) VALUES (3149, 'Status', 'Done', 'Verify', 3139);
INSERT INTO history_field_change (id, field_name, new_value, old_value, history_id) VALUES (3190, 'Remain point', 'D0T2', 'D1T2', 3180);
INSERT INTO history_field_change (id, field_name, new_value, old_value, history_id) VALUES (3191, 'Status', 'Verify', 'In progress', 3181);
INSERT INTO history_field_change (id, field_name, new_value, old_value, history_id) VALUES (3192, 'Remain point', 'D0T0', 'D0T1', 3182);
INSERT INTO history_field_change (id, field_name, new_value, old_value, history_id) VALUES (3193, 'Status', 'Done', 'Verify', 3183);
INSERT INTO history_field_change (id, field_name, new_value, old_value, history_id) VALUES (3194, 'Remain point', 'D0T0', 'D0T1', 3184);
INSERT INTO history_field_change (id, field_name, new_value, old_value, history_id) VALUES (3195, 'Status', 'Done', 'Verify', 3185);
INSERT INTO history_field_change (id, field_name, new_value, old_value, history_id) VALUES (3220, 'Remain point', 'D0T0', 'D0T2', 3210);
INSERT INTO history_field_change (id, field_name, new_value, old_value, history_id) VALUES (3221, 'Status', 'Done', 'Verify', 3211);
INSERT INTO history_field_change (id, field_name, new_value, old_value, history_id) VALUES (3222, 'Remain point', 'D0T0', 'D5T0', 3212);
INSERT INTO history_field_change (id, field_name, new_value, old_value, history_id) VALUES (3223, 'Status', 'Done', 'In progress', 3213);
INSERT INTO history_field_change (id, field_name, new_value, old_value, history_id) VALUES (3224, 'Subject', 'Notice if a new member is online on System', 'Get a note (small pop-up on Skype)', 3214);
INSERT INTO history_field_change (id, field_name, new_value, old_value, history_id) VALUES (3270, 'Sprint Status', 'closed', 'open', 3260);
INSERT INTO history_field_change (id, field_name, new_value, old_value, history_id) VALUES (3271, 'Estime point', 'D8T2', 'D0T0', 3261);
INSERT INTO history_field_change (id, field_name, new_value, old_value, history_id) VALUES (3272, 'Remain point', 'D8T2', 'D0T0', 3261);
INSERT INTO history_field_change (id, field_name, new_value, old_value, history_id) VALUES (3273, 'Estime point', 'D9T3.5', 'D0T0', 3262);
INSERT INTO history_field_change (id, field_name, new_value, old_value, history_id) VALUES (3274, 'Remain point', 'D9T3.5', 'D0T0', 3262);
INSERT INTO history_field_change (id, field_name, new_value, old_value, history_id) VALUES (3275, 'Date End', '10/29/2013', '10/30/2013', 3263);
INSERT INTO history_field_change (id, field_name, new_value, old_value, history_id) VALUES (3276, 'Sprint', 'Sprint 10', '3280', 3264);
INSERT INTO history_field_change (id, field_name, new_value, old_value, history_id) VALUES (3277, 'UserStory', 'Export project', '85', 3335);

--
-- TOC entry 2047 (class 0 OID 56054)
-- Dependencies: 166
-- Data for Name: issue; Type: TABLE DATA; Schema: myagile; Owner: postgres
--

INSERT INTO sprint_statistic (id, available_man_day, note, point_delivered, point_plan, user_story_plan, user_story_delivered, sprint_size, team_size, unit_man_day, unit_point, unit_sprint_size, unit_story, unit_team_size, unit_velocity, velocity_of_sprint_plan, velocity_of_sprint_delivered, sprint_id) VALUES (2450, 110, '', 87, 87, 16, 0, 2, 10, 'day', 'point', 'week', 'story', 'developer', 'P/P/D', 0.790909111, 0.0, 1210);
INSERT INTO sprint_statistic (id, available_man_day, note, point_delivered, point_plan, user_story_plan, user_story_delivered, sprint_size, team_size, unit_man_day, unit_point, unit_sprint_size, unit_story, unit_team_size, unit_velocity, velocity_of_sprint_plan, velocity_of_sprint_delivered, sprint_id) VALUES (2451, 69, '', 91, 91, 13, 0, 2, 10, 'day', 'point', 'week', 'story', 'developer', 'P/P/D', 1.31884062, 0.0, 1810);
INSERT INTO sprint_statistic (id, available_man_day, note, point_delivered, point_plan, user_story_plan, user_story_delivered, sprint_size, team_size, unit_man_day, unit_point, unit_sprint_size, unit_story, unit_team_size, unit_velocity, velocity_of_sprint_plan, velocity_of_sprint_delivered, sprint_id) VALUES (3100, 66, '', 93, 93, 14, 0, 2, 10, 'day', 'point', 'week', 'story', 'developer', 'P/P/D', 1.40909088, 0.0, 2552);